[{"model": "chordcharts.key", "pk": 1, "fields": {"slug": "c-major", "order": 1, "tonic": "C", "name": "C Major", "tonality": 1, "distance_from_c": 0}}, {"model": "chordcharts.key", "pk": 2, "fields": {"slug": "f-major", "order": 6, "tonic": "F", "name": "F Major", "tonality": 1, "distance_from_c": 5}}, {"model": "chordcharts.key", "pk": 3, "fields": {"slug": "g-major", "order": 8, "tonic": "G", "name": "G Major", "tonality": 1, "distance_from_c": 7}}, {"model": "chordcharts.key", "pk": 4, "fields": {"slug": "a-major", "order": 10, "tonic": "A", "name": "A Major", "tonality": 1, "distance_from_c": 9}}, {"model": "chordcharts.key", "pk": 5, "fields": {"slug": "c-sharp-major", "order": 2, "tonic": "C#", "name": "C# Major", "tonality": 1, "distance_from_c": 1}}, {"model": "chordcharts.key", "pk": 6, "fields": {"slug": "b-flat-major", "order": 11, "tonic": "B\u266d", "name": "B\u266d Major", "tonality": 1, "distance_from_c": 10}}, {"model": "chordcharts.key", "pk": 7, "fields": {"slug": "d-major", "order": 3, "tonic": "D", "name": "D Major", "tonality": 1, "distance_from_c": 2}}, {"model": "chordcharts.key", "pk": 8, "fields": {"slug": "e-major", "order": 5, "tonic": "E", "name": "E Major", "tonality": 1, "distance_from_c": 4}}, {"model": "chordcharts.key", "pk": 9, "fields": {"slug": "b-major", "order": 12, "tonic": "B", "name": "B Major", "tonality": 1, "distance_from_c": 11}}, {"model": "chordcharts.key", "pk": 10, "fields": {"slug": "c-minor", "order": 1, "tonic": "C", "name": "C Minor", "tonality": 2, "distance_from_c": 0}}, {"model": "chordcharts.key", "pk": 11, "fields": {"slug": "e-flat-major", "order": 4, "tonic": "E\u266d", "name": "E\u266d Major", "tonality": 1, "distance_from_c": 3}}, {"model": "chordcharts.key", "pk": 12, "fields": {"slug": "f-sharp-major", "order": 7, "tonic": "F#", "name": "F# Major", "tonality": 1, "distance_from_c": 6}}, {"model": "chordcharts.key", "pk": 13, "fields": {"slug": "a-flat-major", "order": 9, "tonic": "A\u266d", "name": "A\u266d Major", "tonality": 1, "distance_from_c": 8}}, {"model": "chordcharts.key", "pk": 14, "fields": {"slug": "c-sharp-minor", "order": 2, "tonic": "C#", "name": "C# Minor", "tonality": 2, "distance_from_c": 1}}, {"model": "chordcharts.key", "pk": 15, "fields": {"slug": "d-minor", "order": 3, "tonic": "D", "name": "D Minor", "tonality": 2, "distance_from_c": 2}}, {"model": "chordcharts.key", "pk": 16, "fields": {"slug": "g-minor", "order": 8, "tonic": "G", "name": "G Minor", "tonality": 2, "distance_from_c": 7}}, {"model": "chordcharts.note", "pk": 2, "fields": {"key": 1, "key_note": true, "name": "C", "distance_from_root": 0}}, {"model": "chordcharts.note", "pk": 3, "fields": {"key": 1, "key_note": false, "name": "C#", "distance_from_root": 1}}, {"model": "chordcharts.note", "pk": 4, "fields": {"key": 1, "key_note": true, "name": "D", "distance_from_root": 2}}, {"model": "chordcharts.note", "pk": 5, "fields": {"key": 1, "key_note": false, "name": "E\u266d", "distance_from_root": 3}}, {"model": "chordcharts.note", "pk": 6, "fields": {"key": 1, "key_note": true, "name": "E", "distance_from_root": 4}}, {"model": "chordcharts.note", "pk": 7, "fields": {"key": 1, "key_note": true, "name": "F", "distance_from_root": 5}}, {"model": "chordcharts.note", "pk": 8, "fields": {"key": 1, "key_note": false, "name": "F#", "distance_from_root": 6}}, {"model": "chordcharts.note", "pk": 9, "fields": {"key": 2, "key_note": true, "name": "F", "distance_from_root": 0}}, {"model": "chordcharts.note", "pk": 10, "fields": {"key": 2, "key_note": false, "name": "F#", "distance_from_root": 1}}, {"model": "chordcharts.note", "pk": 11, "fields": {"key": 2, "key_note": true, "name": "G", "distance_from_root": 2}}, {"model": "chordcharts.note", "pk": 12, "fields": {"key": 2, "key_note": false, "name": "A\u266d", "distance_from_root": 3}}, {"model": "chordcharts.note", "pk": 13, "fields": {"key": 2, "key_note": true, "name": "A", "distance_from_root": 4}}, {"model": "chordcharts.note", "pk": 14, "fields": {"key": 2, "key_note": true, "name": "B\u266d", "distance_from_root": 5}}, {"model": "chordcharts.note", "pk": 15, "fields": {"key": 2, "key_note": false, "name": "B", "distance_from_root": 6}}, {"model": "chordcharts.note", "pk": 16, "fields": {"key": 1, "key_note": true, "name": "G", "distance_from_root": 7}}, {"model": "chordcharts.note", "pk": 17, "fields": {"key": 1, "key_note": false, "name": "A\u266d", "distance_from_root": 8}}, {"model": "chordcharts.note", "pk": 18, "fields": {"key": 1, "key_note": true, "name": "A", "distance_from_root": 9}}, {"model": "chordcharts.note", "pk": 19, "fields": {"key": 1, "key_note": false, "name": "B\u266d", "distance_from_root": 10}}, {"model": "chordcharts.note", "pk": 20, "fields": {"key": 1, "key_note": true, "name": "B", "distance_from_root": 11}}, {"model": "chordcharts.note", "pk": 21, "fields": {"key": 2, "key_note": true, "name": "C", "distance_from_root": 7}}, {"model": "chordcharts.note", "pk": 22, "fields": {"key": 2, "key_note": false, "name": "C#", "distance_from_root": 8}}, {"model": "chordcharts.note", "pk": 23, "fields": {"key": 2, "key_note": true, "name": "D", "distance_from_root": 9}}, {"model": "chordcharts.note", "pk": 24, "fields": {"key": 2, "key_note": false, "name": "E\u266d", "distance_from_root": 10}}, {"model": "chordcharts.note", "pk": 25, "fields": {"key": 2, "key_note": true, "name": "E", "distance_from_root": 11}}, {"model": "chordcharts.note", "pk": 26, "fields": {"key": 3, "key_note": true, "name": "G", "distance_from_root": 0}}, {"model": "chordcharts.note", "pk": 27, "fields": {"key": 3, "key_note": false, "name": "A\u266d", "distance_from_root": 1}}, {"model": "chordcharts.note", "pk": 28, "fields": {"key": 3, "key_note": true, "name": "A", "distance_from_root": 2}}, {"model": "chordcharts.note", "pk": 29, "fields": {"key": 3, "key_note": false, "name": "B\u266d", "distance_from_root": 3}}, {"model": "chordcharts.note", "pk": 30, "fields": {"key": 3, "key_note": true, "name": "B", "distance_from_root": 4}}, {"model": "chordcharts.note", "pk": 31, "fields": {"key": 3, "key_note": true, "name": "C", "distance_from_root": 5}}, {"model": "chordcharts.note", "pk": 32, "fields": {"key": 3, "key_note": false, "name": "C#", "distance_from_root": 6}}, {"model": "chordcharts.note", "pk": 33, "fields": {"key": 3, "key_note": true, "name": "D", "distance_from_root": 7}}, {"model": "chordcharts.note", "pk": 34, "fields": {"key": 3, "key_note": false, "name": "E\u266d", "distance_from_root": 8}}, {"model": "chordcharts.note", "pk": 35, "fields": {"key": 3, "key_note": true, "name": "E", "distance_from_root": 9}}, {"model": "chordcharts.note", "pk": 36, "fields": {"key": 3, "key_note": false, "name": "F", "distance_from_root": 10}}, {"model": "chordcharts.note", "pk": 37, "fields": {"key": 3, "key_note": true, "name": "F#", "distance_from_root": 11}}, {"model": "chordcharts.note", "pk": 38, "fields": {"key": 4, "key_note": true, "name": "A", "distance_from_root": 0}}, {"model": "chordcharts.note", "pk": 39, "fields": {"key": 4, "key_note": false, "name": "B\u266d", "distance_from_root": 1}}, {"model": "chordcharts.note", "pk": 40, "fields": {"key": 4, "key_note": true, "name": "B", "distance_from_root": 2}}, {"model": "chordcharts.note", "pk": 41, "fields": {"key": 4, "key_note": false, "name": "C", "distance_from_root": 3}}, {"model": "chordcharts.note", "pk": 42, "fields": {"key": 4, "key_note": true, "name": "C#", "distance_from_root": 4}}, {"model": "chordcharts.note", "pk": 43, "fields": {"key": 4, "key_note": true, "name": "D", "distance_from_root": 5}}, {"model": "chordcharts.note", "pk": 44, "fields": {"key": 4, "key_note": false, "name": "E\u266d", "distance_from_root": 6}}, {"model": "chordcharts.note", "pk": 45, "fields": {"key": 4, "key_note": true, "name": "E", "distance_from_root": 7}}, {"model": "chordcharts.note", "pk": 46, "fields": {"key": 4, "key_note": false, "name": "F", "distance_from_root": 8}}, {"model": "chordcharts.note", "pk": 47, "fields": {"key": 4, "key_note": true, "name": "F#", "distance_from_root": 9}}, {"model": "chordcharts.note", "pk": 48, "fields": {"key": 4, "key_note": false, "name": "G", "distance_from_root": 10}}, {"model": "chordcharts.note", "pk": 49, "fields": {"key": 4, "key_note": true, "name": "G#", "distance_from_root": 11}}, {"model": "chordcharts.note", "pk": 50, "fields": {"key": 5, "key_note": true, "name": "C#", "distance_from_root": 0}}, {"model": "chordcharts.note", "pk": 51, "fields": {"key": 5, "key_note": false, "name": "D", "distance_from_root": 1}}, {"model": "chordcharts.note", "pk": 52, "fields": {"key": 5, "key_note": true, "name": "D#", "distance_from_root": 2}}, {"model": "chordcharts.note", "pk": 53, "fields": {"key": 5, "key_note": false, "name": "E", "distance_from_root": 3}}, {"model": "chordcharts.note", "pk": 54, "fields": {"key": 5, "key_note": true, "name": "E#", "distance_from_root": 4}}, {"model": "chordcharts.note", "pk": 56, "fields": {"key": 5, "key_note": true, "name": "F#", "distance_from_root": 5}}, {"model": "chordcharts.note", "pk": 57, "fields": {"key": 5, "key_note": false, "name": "G", "distance_from_root": 6}}, {"model": "chordcharts.note", "pk": 58, "fields": {"key": 5, "key_note": true, "name": "G#", "distance_from_root": 7}}, {"model": "chordcharts.note", "pk": 59, "fields": {"key": 5, "key_note": false, "name": "A", "distance_from_root": 8}}, {"model": "chordcharts.note", "pk": 60, "fields": {"key": 5, "key_note": true, "name": "A#", "distance_from_root": 9}}, {"model": "chordcharts.note", "pk": 61, "fields": {"key": 5, "key_note": false, "name": "B", "distance_from_root": 10}}, {"model": "chordcharts.note", "pk": 62, "fields": {"key": 5, "key_note": true, "name": "B#", "distance_from_root": 11}}, {"model": "chordcharts.note", "pk": 63, "fields": {"key": 6, "key_note": true, "name": "B\u266d", "distance_from_root": 0}}, {"model": "chordcharts.note", "pk": 64, "fields": {"key": 6, "key_note": false, "name": "B", "distance_from_root": 1}}, {"model": "chordcharts.note", "pk": 65, "fields": {"key": 6, "key_note": true, "name": "C", "distance_from_root": 2}}, {"model": "chordcharts.note", "pk": 66, "fields": {"key": 6, "key_note": false, "name": "C#", "distance_from_root": 3}}, {"model": "chordcharts.note", "pk": 67, "fields": {"key": 6, "key_note": true, "name": "D", "distance_from_root": 4}}, {"model": "chordcharts.note", "pk": 68, "fields": {"key": 6, "key_note": true, "name": "E\u266d", "distance_from_root": 5}}, {"model": "chordcharts.note", "pk": 69, "fields": {"key": 6, "key_note": false, "name": "E", "distance_from_root": 6}}, {"model": "chordcharts.note", "pk": 70, "fields": {"key": 6, "key_note": true, "name": "F", "distance_from_root": 7}}, {"model": "chordcharts.note", "pk": 71, "fields": {"key": 6, "key_note": false, "name": "F#", "distance_from_root": 8}}, {"model": "chordcharts.note", "pk": 72, "fields": {"key": 6, "key_note": true, "name": "G", "distance_from_root": 9}}, {"model": "chordcharts.note", "pk": 73, "fields": {"key": 6, "key_note": false, "name": "A\u266d", "distance_from_root": 10}}, {"model": "chordcharts.note", "pk": 74, "fields": {"key": 6, "key_note": true, "name": "A", "distance_from_root": 11}}, {"model": "chordcharts.note", "pk": 75, "fields": {"key": 7, "key_note": true, "name": "D", "distance_from_root": 0}}, {"model": "chordcharts.note", "pk": 76, "fields": {"key": 7, "key_note": false, "name": "E\u266d", "distance_from_root": 1}}, {"model": "chordcharts.note", "pk": 77, "fields": {"key": 7, "key_note": true, "name": "E", "distance_from_root": 2}}, {"model": "chordcharts.note", "pk": 78, "fields": {"key": 7, "key_note": false, "name": "F", "distance_from_root": 3}}, {"model": "chordcharts.note", "pk": 79, "fields": {"key": 7, "key_note": true, "name": "F#", "distance_from_root": 4}}, {"model": "chordcharts.note", "pk": 80, "fields": {"key": 7, "key_note": true, "name": "G", "distance_from_root": 5}}, {"model": "chordcharts.note", "pk": 81, "fields": {"key": 7, "key_note": false, "name": "A\u266d", "distance_from_root": 6}}, {"model": "chordcharts.note", "pk": 82, "fields": {"key": 7, "key_note": true, "name": "A", "distance_from_root": 7}}, {"model": "chordcharts.note", "pk": 83, "fields": {"key": 7, "key_note": false, "name": "B\u266d", "distance_from_root": 8}}, {"model": "chordcharts.note", "pk": 84, "fields": {"key": 7, "key_note": true, "name": "B", "distance_from_root": 9}}, {"model": "chordcharts.note", "pk": 85, "fields": {"key": 7, "key_note": false, "name": "C", "distance_from_root": 10}}, {"model": "chordcharts.note", "pk": 86, "fields": {"key": 7, "key_note": true, "name": "C#", "distance_from_root": 11}}, {"model": "chordcharts.note", "pk": 87, "fields": {"key": 8, "key_note": true, "name": "E", "distance_from_root": 0}}, {"model": "chordcharts.note", "pk": 88, "fields": {"key": 8, "key_note": false, "name": "F", "distance_from_root": 1}}, {"model": "chordcharts.note", "pk": 89, "fields": {"key": 8, "key_note": true, "name": "F#", "distance_from_root": 2}}, {"model": "chordcharts.note", "pk": 90, "fields": {"key": 8, "key_note": false, "name": "G", "distance_from_root": 3}}, {"model": "chordcharts.note", "pk": 91, "fields": {"key": 8, "key_note": true, "name": "A\u266d", "distance_from_root": 4}}, {"model": "chordcharts.note", "pk": 92, "fields": {"key": 8, "key_note": true, "name": "A", "distance_from_root": 5}}, {"model": "chordcharts.note", "pk": 93, "fields": {"key": 8, "key_note": false, "name": "B\u266d", "distance_from_root": 6}}, {"model": "chordcharts.note", "pk": 94, "fields": {"key": 8, "key_note": true, "name": "B", "distance_from_root": 7}}, {"model": "chordcharts.note", "pk": 95, "fields": {"key": 8, "key_note": false, "name": "C", "distance_from_root": 8}}, {"model": "chordcharts.note", "pk": 96, "fields": {"key": 8, "key_note": true, "name": "C#", "distance_from_root": 9}}, {"model": "chordcharts.note", "pk": 97, "fields": {"key": 8, "key_note": true, "name": "D", "distance_from_root": 10}}, {"model": "chordcharts.note", "pk": 98, "fields": {"key": 8, "key_note": true, "name": "E\u266d", "distance_from_root": 11}}, {"model": "chordcharts.note", "pk": 99, "fields": {"key": 11, "key_note": true, "name": "E\u266d", "distance_from_root": 0}}, {"model": "chordcharts.note", "pk": 100, "fields": {"key": 11, "key_note": false, "name": "E", "distance_from_root": 1}}, {"model": "chordcharts.note", "pk": 101, "fields": {"key": 11, "key_note": true, "name": "F", "distance_from_root": 2}}, {"model": "chordcharts.note", "pk": 102, "fields": {"key": 11, "key_note": false, "name": "F#", "distance_from_root": 3}}, {"model": "chordcharts.note", "pk": 103, "fields": {"key": 11, "key_note": true, "name": "G", "distance_from_root": 4}}, {"model": "chordcharts.note", "pk": 104, "fields": {"key": 11, "key_note": true, "name": "A\u266d", "distance_from_root": 5}}, {"model": "chordcharts.note", "pk": 105, "fields": {"key": 11, "key_note": false, "name": "A", "distance_from_root": 6}}, {"model": "chordcharts.note", "pk": 106, "fields": {"key": 11, "key_note": true, "name": "B\u266d", "distance_from_root": 7}}, {"model": "chordcharts.note", "pk": 107, "fields": {"key": 11, "key_note": false, "name": "B", "distance_from_root": 8}}, {"model": "chordcharts.note", "pk": 108, "fields": {"key": 11, "key_note": true, "name": "C", "distance_from_root": 9}}, {"model": "chordcharts.note", "pk": 109, "fields": {"key": 11, "key_note": false, "name": "C#", "distance_from_root": 10}}, {"model": "chordcharts.note", "pk": 110, "fields": {"key": 11, "key_note": true, "name": "D", "distance_from_root": 11}}, {"model": "chordcharts.note", "pk": 111, "fields": {"key": 12, "key_note": true, "name": "F#", "distance_from_root": 0}}, {"model": "chordcharts.note", "pk": 112, "fields": {"key": 12, "key_note": false, "name": "G", "distance_from_root": 1}}, {"model": "chordcharts.note", "pk": 113, "fields": {"key": 12, "key_note": true, "name": "G#", "distance_from_root": 2}}, {"model": "chordcharts.note", "pk": 114, "fields": {"key": 12, "key_note": false, "name": "A", "distance_from_root": 3}}, {"model": "chordcharts.note", "pk": 115, "fields": {"key": 12, "key_note": true, "name": "A#", "distance_from_root": 4}}, {"model": "chordcharts.note", "pk": 116, "fields": {"key": 12, "key_note": true, "name": "B", "distance_from_root": 5}}, {"model": "chordcharts.note", "pk": 117, "fields": {"key": 12, "key_note": false, "name": "C", "distance_from_root": 6}}, {"model": "chordcharts.note", "pk": 118, "fields": {"key": 12, "key_note": true, "name": "C#", "distance_from_root": 7}}, {"model": "chordcharts.note", "pk": 119, "fields": {"key": 12, "key_note": false, "name": "D", "distance_from_root": 8}}, {"model": "chordcharts.note", "pk": 120, "fields": {"key": 12, "key_note": true, "name": "D#", "distance_from_root": 9}}, {"model": "chordcharts.note", "pk": 121, "fields": {"key": 12, "key_note": false, "name": "E", "distance_from_root": 10}}, {"model": "chordcharts.note", "pk": 122, "fields": {"key": 12, "key_note": true, "name": "E#", "distance_from_root": 11}}, {"model": "chordcharts.note", "pk": 123, "fields": {"key": 13, "key_note": true, "name": "A\u266d", "distance_from_root": 0}}, {"model": "chordcharts.note", "pk": 124, "fields": {"key": 13, "key_note": false, "name": "A", "distance_from_root": 1}}, {"model": "chordcharts.note", "pk": 125, "fields": {"key": 13, "key_note": true, "name": "B\u266d", "distance_from_root": 2}}, {"model": "chordcharts.note", "pk": 126, "fields": {"key": 13, "key_note": false, "name": "B", "distance_from_root": 3}}, {"model": "chordcharts.note", "pk": 127, "fields": {"key": 13, "key_note": true, "name": "C", "distance_from_root": 4}}, {"model": "chordcharts.note", "pk": 128, "fields": {"key": 13, "key_note": true, "name": "D\u266d", "distance_from_root": 5}}, {"model": "chordcharts.note", "pk": 129, "fields": {"key": 13, "key_note": false, "name": "D", "distance_from_root": 6}}, {"model": "chordcharts.note", "pk": 130, "fields": {"key": 13, "key_note": true, "name": "E\u266d", "distance_from_root": 7}}, {"model": "chordcharts.note", "pk": 131, "fields": {"key": 13, "key_note": false, "name": "E", "distance_from_root": 8}}, {"model": "chordcharts.note", "pk": 132, "fields": {"key": 13, "key_note": true, "name": "F", "distance_from_root": 9}}, {"model": "chordcharts.note", "pk": 133, "fields": {"key": 13, "key_note": false, "name": "F#", "distance_from_root": 10}}, {"model": "chordcharts.note", "pk": 134, "fields": {"key": 13, "key_note": true, "name": "G", "distance_from_root": 11}}, {"model": "chordcharts.note", "pk": 135, "fields": {"key": 9, "key_note": true, "name": "B", "distance_from_root": 0}}, {"model": "chordcharts.note", "pk": 136, "fields": {"key": 9, "key_note": false, "name": "C", "distance_from_root": 1}}, {"model": "chordcharts.note", "pk": 137, "fields": {"key": 9, "key_note": true, "name": "C#", "distance_from_root": 2}}, {"model": "chordcharts.note", "pk": 138, "fields": {"key": 9, "key_note": false, "name": "D", "distance_from_root": 3}}, {"model": "chordcharts.note", "pk": 139, "fields": {"key": 9, "key_note": true, "name": "D#", "distance_from_root": 4}}, {"model": "chordcharts.note", "pk": 140, "fields": {"key": 9, "key_note": true, "name": "E", "distance_from_root": 5}}, {"model": "chordcharts.note", "pk": 141, "fields": {"key": 9, "key_note": false, "name": "F", "distance_from_root": 6}}, {"model": "chordcharts.note", "pk": 142, "fields": {"key": 9, "key_note": true, "name": "F#", "distance_from_root": 7}}, {"model": "chordcharts.note", "pk": 143, "fields": {"key": 9, "key_note": false, "name": "G", "distance_from_root": 8}}, {"model": "chordcharts.note", "pk": 144, "fields": {"key": 9, "key_note": true, "name": "G#", "distance_from_root": 9}}, {"model": "chordcharts.note", "pk": 145, "fields": {"key": 9, "key_note": false, "name": "A", "distance_from_root": 10}}, {"model": "chordcharts.note", "pk": 146, "fields": {"key": 9, "key_note": true, "name": "A#", "distance_from_root": 11}}, {"model": "chordcharts.note", "pk": 147, "fields": {"key": 10, "key_note": true, "name": "C", "distance_from_root": 0}}, {"model": "chordcharts.note", "pk": 148, "fields": {"key": 10, "key_note": false, "name": "C#", "distance_from_root": 1}}, {"model": "chordcharts.note", "pk": 149, "fields": {"key": 10, "key_note": true, "name": "D", "distance_from_root": 2}}, {"model": "chordcharts.note", "pk": 150, "fields": {"key": 10, "key_note": true, "name": "E\u266d", "distance_from_root": 3}}, {"model": "chordcharts.note", "pk": 151, "fields": {"key": 10, "key_note": false, "name": "E", "distance_from_root": 4}}, {"model": "chordcharts.note", "pk": 152, "fields": {"key": 10, "key_note": true, "name": "F", "distance_from_root": 5}}, {"model": "chordcharts.note", "pk": 153, "fields": {"key": 10, "key_note": false, "name": "F#", "distance_from_root": 6}}, {"model": "chordcharts.note", "pk": 154, "fields": {"key": 10, "key_note": true, "name": "G", "distance_from_root": 7}}, {"model": "chordcharts.note", "pk": 155, "fields": {"key": 10, "key_note": true, "name": "A\u266d", "distance_from_root": 8}}, {"model": "chordcharts.note", "pk": 156, "fields": {"key": 10, "key_note": false, "name": "A", "distance_from_root": 9}}, {"model": "chordcharts.note", "pk": 157, "fields": {"key": 10, "key_note": true, "name": "B\u266d", "distance_from_root": 10}}, {"model": "chordcharts.note", "pk": 158, "fields": {"key": 10, "key_note": false, "name": "B", "distance_from_root": 11}}, {"model": "chordcharts.note", "pk": 159, "fields": {"key": 14, "key_note": true, "name": "C#", "distance_from_root": 0}}, {"model": "chordcharts.note", "pk": 160, "fields": {"key": 14, "key_note": false, "name": "D", "distance_from_root": 1}}, {"model": "chordcharts.note", "pk": 161, "fields": {"key": 14, "key_note": true, "name": "D#", "distance_from_root": 2}}, {"model": "chordcharts.note", "pk": 162, "fields": {"key": 14, "key_note": true, "name": "E", "distance_from_root": 3}}, {"model": "chordcharts.note", "pk": 163, "fields": {"key": 14, "key_note": false, "name": "F", "distance_from_root": 4}}, {"model": "chordcharts.note", "pk": 164, "fields": {"key": 14, "key_note": true, "name": "F#", "distance_from_root": 5}}, {"model": "chordcharts.note", "pk": 165, "fields": {"key": 14, "key_note": false, "name": "G", "distance_from_root": 6}}, {"model": "chordcharts.note", "pk": 166, "fields": {"key": 14, "key_note": true, "name": "G#", "distance_from_root": 7}}, {"model": "chordcharts.note", "pk": 167, "fields": {"key": 14, "key_note": true, "name": "A", "distance_from_root": 8}}, {"model": "chordcharts.note", "pk": 168, "fields": {"key": 14, "key_note": false, "name": "B\u266d", "distance_from_root": 9}}, {"model": "chordcharts.note", "pk": 169, "fields": {"key": 14, "key_note": true, "name": "B", "distance_from_root": 10}}, {"model": "chordcharts.note", "pk": 170, "fields": {"key": 14, "key_note": false, "name": "C", "distance_from_root": 11}}, {"model": "chordcharts.note", "pk": 171, "fields": {"key": 15, "key_note": true, "name": "D", "distance_from_root": 0}}, {"model": "chordcharts.note", "pk": 172, "fields": {"key": 15, "key_note": false, "name": "D#", "distance_from_root": 1}}, {"model": "chordcharts.note", "pk": 173, "fields": {"key": 15, "key_note": true, "name": "E", "distance_from_root": 2}}, {"model": "chordcharts.note", "pk": 174, "fields": {"key": 15, "key_note": true, "name": "F", "distance_from_root": 3}}, {"model": "chordcharts.note", "pk": 175, "fields": {"key": 15, "key_note": false, "name": "F#", "distance_from_root": 4}}, {"model": "chordcharts.note", "pk": 176, "fields": {"key": 15, "key_note": true, "name": "G", "distance_from_root": 5}}, {"model": "chordcharts.note", "pk": 177, "fields": {"key": 15, "key_note": false, "name": "A\u266d", "distance_from_root": 6}}, {"model": "chordcharts.note", "pk": 178, "fields": {"key": 15, "key_note": true, "name": "A", "distance_from_root": 7}}, {"model": "chordcharts.note", "pk": 179, "fields": {"key": 15, "key_note": true, "name": "B\u266d", "distance_from_root": 8}}, {"model": "chordcharts.note", "pk": 180, "fields": {"key": 15, "key_note": false, "name": "B", "distance_from_root": 9}}, {"model": "chordcharts.note", "pk": 181, "fields": {"key": 15, "key_note": true, "name": "C", "distance_from_root": 10}}, {"model": "chordcharts.note", "pk": 182, "fields": {"key": 15, "key_note": false, "name": "C#", "distance_from_root": 11}}, {"model": "chordcharts.note", "pk": 183, "fields": {"key": 16, "key_note": true, "name": "G", "distance_from_root": 0}}, {"model": "chordcharts.note", "pk": 184, "fields": {"key": 16, "key_note": false, "name": "G#", "distance_from_root": 1}}, {"model": "chordcharts.note", "pk": 185, "fields": {"key": 16, "key_note": true, "name": "A", "distance_from_root": 2}}, {"model": "chordcharts.note", "pk": 186, "fields": {"key": 16, "key_note": true, "name": "B\u266d", "distance_from_root": 3}}, {"model": "chordcharts.note", "pk": 187, "fields": {"key": 16, "key_note": false, "name": "B", "distance_from_root": 4}}, {"model": "chordcharts.note", "pk": 188, "fields": {"key": 16, "key_note": true, "name": "C", "distance_from_root": 5}}, {"model": "chordcharts.note", "pk": 189, "fields": {"key": 16, "key_note": false, "name": "C#", "distance_from_root": 6}}, {"model": "chordcharts.note", "pk": 190, "fields": {"key": 16, "key_note": true, "name": "D", "distance_from_root": 7}}, {"model": "chordcharts.note", "pk": 191, "fields": {"key": 16, "key_note": true, "name": "E\u266d", "distance_from_root": 8}}, {"model": "chordcharts.note", "pk": 192, "fields": {"key": 16, "key_note": false, "name": "E", "distance_from_root": 9}}, {"model": "chordcharts.note", "pk": 193, "fields": {"key": 16, "key_note": true, "name": "F", "distance_from_root": 10}}, {"model": "chordcharts.note", "pk": 194, "fields": {"key": 16, "key_note": false, "name": "F#", "distance_from_root": 11}}, {"model": "chordcharts.chordtype", "pk": 1, "fields": {"chord_output": "", "name": "Major", "order": 0, "symbol": "M"}}, {"model": "chordcharts.chordtype", "pk": 2, "fields": {"chord_output": "m", "name": "Minor", "order": 1, "symbol": "m"}}, {"model": "chordcharts.chordtype", "pk": 3, "fields": {"chord_output": "7", "name": "Seventh", "order": 2, "symbol": "7"}}, {"model": "chordcharts.chordtype", "pk": 4, "fields": {"chord_output": "\u25b37", "name": "Major Seventh", "order": 3, "symbol": "\u25b37"}}, {"model": "chordcharts.chordtype", "pk": 5, "fields": {"chord_output": "-7", "name": "Minor Seventh", "order": 4, "symbol": "-7"}}, {"model": "chordcharts.chordtype", "pk": 6, "fields": {"chord_output": "6", "name": "Sixth", "order": 5, "symbol": "6"}}, {"model": "chordcharts.chordtype", "pk": 7, "fields": {"chord_output": "-6", "name": "Minor Sixth", "order": 7, "symbol": "-6"}}, {"model": "chordcharts.chordtype", "pk": 8, "fields": {"chord_output": "6/9", "name": "Six Ninth", "order": 8, "symbol": "6/9"}}, {"model": "chordcharts.chordtype", "pk": 9, "fields": {"chord_output": "\u25b36", "name": "Major Sixth", "order": 6, "symbol": "\u25b36"}}, {"model": "chordcharts.chordtype", "pk": 10, "fields": {"chord_output": "\u00b0", "name": "Diminished", "order": 11, "symbol": "\u00b0"}}, {"model": "chordcharts.chordtype", "pk": 11, "fields": {"chord_output": "0\u0338 ", "name": "Half Diminished", "order": 13, "symbol": "0\u0338 "}}, {"model": "chordcharts.chordtype", "pk": 12, "fields": {"chord_output": "-\u25b3", "name": "Minor Major", "order": 20, "symbol": "-\u25b3"}}, {"model": "chordcharts.chordtype", "pk": 13, "fields": {"chord_output": "7+5", "name": "Augmented Seventh", "order": 12, "symbol": "7+5"}}, {"model": "chordcharts.chordtype", "pk": 14, "fields": {"chord_output": "7#9", "name": "Seventh with Sharpened Ninth", "order": 16, "symbol": "7#9"}}, {"model": "chordcharts.chordtype", "pk": 15, "fields": {"chord_output": "7b9", "name": "Seventh with Flattened Ninth", "order": 17, "symbol": "7b9"}}, {"model": "chordcharts.chordtype", "pk": 16, "fields": {"chord_output": "7#5", "name": "Dominant Seventh with Sharpened Fifth", "order": 14, "symbol": "7#5"}}, {"model": "chordcharts.chordtype", "pk": 17, "fields": {"chord_output": "7b5", "name": "Dominant Seventh with Flattened Fifth", "order": 15, "symbol": "7b5"}}, {"model": "chordcharts.chordtype", "pk": 18, "fields": {"chord_output": "7#9#5", "name": "Seventh with Sharpened Ninth and Sharpened Fifth", "order": 22, "symbol": "7#9#5"}}, {"model": "chordcharts.chordtype", "pk": 19, "fields": {"chord_output": "7b9#5", "name": "Seventh with Flattened Ninth and Sharpened Fifth", "order": 21, "symbol": "7b9#5"}}, {"model": "chordcharts.chordtype", "pk": 20, "fields": {"chord_output": "13", "name": "Thirteenth", "order": 19, "symbol": "13"}}, {"model": "chordcharts.chordtype", "pk": 21, "fields": {"chord_output": "11", "name": "Eleventh", "order": 18, "symbol": "11"}}, {"model": "chordcharts.chordtype", "pk": 22, "fields": {"chord_output": "9", "name": "Dominant Ninth", "order": 9, "symbol": "9"}}, {"model": "chordcharts.chordtype", "pk": 23, "fields": {"chord_output": "-9", "name": "Minor Ninth", "order": 10, "symbol": "-9"}}, {"model": "chordcharts.timesignature", "pk": 1, "fields": {"beats": 4, "beat_unit": 4}}, {"model": "chordcharts.timesignature", "pk": 2, "fields": {"beats": 4, "beat_unit": 3}}, {"model": "chordcharts.timesignature", "pk": 3, "fields": {"beats": 6, "beat_unit": 8}}, {"model": "chordcharts.timesignature", "pk": 4, "fields": {"beats": 2, "beat_unit": 2}}]