[{"model": "chordcharts.key", "pk": 1, "fields": {"order": 1, "tonic": "C", "distance_from_c": 0, "slug": "c-major", "tonality": 1, "name": "C Major"}}, {"model": "chordcharts.key", "pk": 2, "fields": {"order": 6, "tonic": "F", "distance_from_c": 5, "slug": "f-major", "tonality": 1, "name": "F Major"}}, {"model": "chordcharts.key", "pk": 3, "fields": {"order": 8, "tonic": "G", "distance_from_c": 7, "slug": "g-major", "tonality": 1, "name": "G Major"}}, {"model": "chordcharts.key", "pk": 4, "fields": {"order": 10, "tonic": "A", "distance_from_c": 9, "slug": "a-major", "tonality": 1, "name": "A Major"}}, {"model": "chordcharts.key", "pk": 5, "fields": {"order": 2, "tonic": "C#", "distance_from_c": 1, "slug": "c-sharp-major", "tonality": 1, "name": "C# Major"}}, {"model": "chordcharts.key", "pk": 6, "fields": {"order": 11, "tonic": "B\u266d", "distance_from_c": 10, "slug": "b-flat-major", "tonality": 1, "name": "B\u266d Major"}}, {"model": "chordcharts.key", "pk": 7, "fields": {"order": 3, "tonic": "D", "distance_from_c": 2, "slug": "d-major", "tonality": 1, "name": "D Major"}}, {"model": "chordcharts.key", "pk": 8, "fields": {"order": 5, "tonic": "E", "distance_from_c": 4, "slug": "e-major", "tonality": 1, "name": "E Major"}}, {"model": "chordcharts.key", "pk": 9, "fields": {"order": 12, "tonic": "B", "distance_from_c": 11, "slug": "b-major", "tonality": 1, "name": "B Major"}}, {"model": "chordcharts.key", "pk": 10, "fields": {"order": 1, "tonic": "C", "distance_from_c": 0, "slug": "c-minor", "tonality": 2, "name": "C Minor"}}, {"model": "chordcharts.key", "pk": 11, "fields": {"order": 4, "tonic": "E\u266d", "distance_from_c": 3, "slug": "e-flat-major", "tonality": 1, "name": "E\u266d Major"}}, {"model": "chordcharts.key", "pk": 12, "fields": {"order": 7, "tonic": "F#", "distance_from_c": 6, "slug": "f-sharp-major", "tonality": 1, "name": "F# Major"}}, {"model": "chordcharts.key", "pk": 13, "fields": {"order": 9, "tonic": "A\u266d", "distance_from_c": 8, "slug": "a-flat-major", "tonality": 1, "name": "A\u266d Major"}}, {"model": "chordcharts.key", "pk": 14, "fields": {"order": 2, "tonic": "C#", "distance_from_c": 1, "slug": "c-sharp-minor", "tonality": 2, "name": "C# Minor"}}, {"model": "chordcharts.key", "pk": 15, "fields": {"order": 3, "tonic": "D", "distance_from_c": 2, "slug": "d-minor", "tonality": 2, "name": "D Minor"}}, {"model": "chordcharts.key", "pk": 16, "fields": {"order": 8, "tonic": "G", "distance_from_c": 7, "slug": "g-minor", "tonality": 2, "name": "G Minor"}}, {"model": "chordcharts.note", "pk": 2, "fields": {"distance_from_root": 0, "key_note": true, "name": "C", "key": 1}}, {"model": "chordcharts.note", "pk": 3, "fields": {"distance_from_root": 1, "key_note": false, "name": "C#", "key": 1}}, {"model": "chordcharts.note", "pk": 4, "fields": {"distance_from_root": 2, "key_note": true, "name": "D", "key": 1}}, {"model": "chordcharts.note", "pk": 5, "fields": {"distance_from_root": 3, "key_note": false, "name": "E\u266d", "key": 1}}, {"model": "chordcharts.note", "pk": 6, "fields": {"distance_from_root": 4, "key_note": true, "name": "E", "key": 1}}, {"model": "chordcharts.note", "pk": 7, "fields": {"distance_from_root": 5, "key_note": true, "name": "F", "key": 1}}, {"model": "chordcharts.note", "pk": 8, "fields": {"distance_from_root": 6, "key_note": false, "name": "F#", "key": 1}}, {"model": "chordcharts.note", "pk": 9, "fields": {"distance_from_root": 0, "key_note": true, "name": "F", "key": 2}}, {"model": "chordcharts.note", "pk": 10, "fields": {"distance_from_root": 1, "key_note": false, "name": "F#", "key": 2}}, {"model": "chordcharts.note", "pk": 11, "fields": {"distance_from_root": 2, "key_note": true, "name": "G", "key": 2}}, {"model": "chordcharts.note", "pk": 12, "fields": {"distance_from_root": 3, "key_note": false, "name": "A\u266d", "key": 2}}, {"model": "chordcharts.note", "pk": 13, "fields": {"distance_from_root": 4, "key_note": true, "name": "A", "key": 2}}, {"model": "chordcharts.note", "pk": 14, "fields": {"distance_from_root": 5, "key_note": true, "name": "B\u266d", "key": 2}}, {"model": "chordcharts.note", "pk": 15, "fields": {"distance_from_root": 6, "key_note": false, "name": "B", "key": 2}}, {"model": "chordcharts.note", "pk": 16, "fields": {"distance_from_root": 7, "key_note": true, "name": "G", "key": 1}}, {"model": "chordcharts.note", "pk": 17, "fields": {"distance_from_root": 8, "key_note": false, "name": "A\u266d", "key": 1}}, {"model": "chordcharts.note", "pk": 18, "fields": {"distance_from_root": 9, "key_note": true, "name": "A", "key": 1}}, {"model": "chordcharts.note", "pk": 19, "fields": {"distance_from_root": 10, "key_note": false, "name": "B\u266d", "key": 1}}, {"model": "chordcharts.note", "pk": 20, "fields": {"distance_from_root": 11, "key_note": true, "name": "B", "key": 1}}, {"model": "chordcharts.note", "pk": 21, "fields": {"distance_from_root": 7, "key_note": true, "name": "C", "key": 2}}, {"model": "chordcharts.note", "pk": 22, "fields": {"distance_from_root": 8, "key_note": false, "name": "C#", "key": 2}}, {"model": "chordcharts.note", "pk": 23, "fields": {"distance_from_root": 9, "key_note": true, "name": "D", "key": 2}}, {"model": "chordcharts.note", "pk": 24, "fields": {"distance_from_root": 10, "key_note": false, "name": "E\u266d", "key": 2}}, {"model": "chordcharts.note", "pk": 25, "fields": {"distance_from_root": 11, "key_note": true, "name": "E", "key": 2}}, {"model": "chordcharts.note", "pk": 26, "fields": {"distance_from_root": 0, "key_note": true, "name": "G", "key": 3}}, {"model": "chordcharts.note", "pk": 27, "fields": {"distance_from_root": 1, "key_note": false, "name": "A\u266d", "key": 3}}, {"model": "chordcharts.note", "pk": 28, "fields": {"distance_from_root": 2, "key_note": true, "name": "A", "key": 3}}, {"model": "chordcharts.note", "pk": 29, "fields": {"distance_from_root": 3, "key_note": false, "name": "B\u266d", "key": 3}}, {"model": "chordcharts.note", "pk": 30, "fields": {"distance_from_root": 4, "key_note": true, "name": "B", "key": 3}}, {"model": "chordcharts.note", "pk": 31, "fields": {"distance_from_root": 5, "key_note": true, "name": "C", "key": 3}}, {"model": "chordcharts.note", "pk": 32, "fields": {"distance_from_root": 6, "key_note": false, "name": "C#", "key": 3}}, {"model": "chordcharts.note", "pk": 33, "fields": {"distance_from_root": 7, "key_note": true, "name": "D", "key": 3}}, {"model": "chordcharts.note", "pk": 34, "fields": {"distance_from_root": 8, "key_note": false, "name": "E\u266d", "key": 3}}, {"model": "chordcharts.note", "pk": 35, "fields": {"distance_from_root": 9, "key_note": true, "name": "E", "key": 3}}, {"model": "chordcharts.note", "pk": 36, "fields": {"distance_from_root": 10, "key_note": false, "name": "F", "key": 3}}, {"model": "chordcharts.note", "pk": 37, "fields": {"distance_from_root": 11, "key_note": true, "name": "F#", "key": 3}}, {"model": "chordcharts.note", "pk": 38, "fields": {"distance_from_root": 0, "key_note": true, "name": "A", "key": 4}}, {"model": "chordcharts.note", "pk": 39, "fields": {"distance_from_root": 1, "key_note": false, "name": "B\u266d", "key": 4}}, {"model": "chordcharts.note", "pk": 40, "fields": {"distance_from_root": 2, "key_note": true, "name": "B", "key": 4}}, {"model": "chordcharts.note", "pk": 41, "fields": {"distance_from_root": 3, "key_note": false, "name": "C", "key": 4}}, {"model": "chordcharts.note", "pk": 42, "fields": {"distance_from_root": 4, "key_note": true, "name": "C#", "key": 4}}, {"model": "chordcharts.note", "pk": 43, "fields": {"distance_from_root": 5, "key_note": true, "name": "D", "key": 4}}, {"model": "chordcharts.note", "pk": 44, "fields": {"distance_from_root": 6, "key_note": false, "name": "E\u266d", "key": 4}}, {"model": "chordcharts.note", "pk": 45, "fields": {"distance_from_root": 7, "key_note": true, "name": "E", "key": 4}}, {"model": "chordcharts.note", "pk": 46, "fields": {"distance_from_root": 8, "key_note": false, "name": "F", "key": 4}}, {"model": "chordcharts.note", "pk": 47, "fields": {"distance_from_root": 9, "key_note": true, "name": "F#", "key": 4}}, {"model": "chordcharts.note", "pk": 48, "fields": {"distance_from_root": 10, "key_note": false, "name": "G", "key": 4}}, {"model": "chordcharts.note", "pk": 49, "fields": {"distance_from_root": 11, "key_note": true, "name": "G#", "key": 4}}, {"model": "chordcharts.note", "pk": 50, "fields": {"distance_from_root": 0, "key_note": true, "name": "C#", "key": 5}}, {"model": "chordcharts.note", "pk": 51, "fields": {"distance_from_root": 1, "key_note": false, "name": "D", "key": 5}}, {"model": "chordcharts.note", "pk": 52, "fields": {"distance_from_root": 2, "key_note": true, "name": "D#", "key": 5}}, {"model": "chordcharts.note", "pk": 53, "fields": {"distance_from_root": 3, "key_note": false, "name": "E", "key": 5}}, {"model": "chordcharts.note", "pk": 54, "fields": {"distance_from_root": 4, "key_note": true, "name": "E#", "key": 5}}, {"model": "chordcharts.note", "pk": 56, "fields": {"distance_from_root": 5, "key_note": true, "name": "F#", "key": 5}}, {"model": "chordcharts.note", "pk": 57, "fields": {"distance_from_root": 6, "key_note": false, "name": "G", "key": 5}}, {"model": "chordcharts.note", "pk": 58, "fields": {"distance_from_root": 7, "key_note": true, "name": "G#", "key": 5}}, {"model": "chordcharts.note", "pk": 59, "fields": {"distance_from_root": 8, "key_note": false, "name": "A", "key": 5}}, {"model": "chordcharts.note", "pk": 60, "fields": {"distance_from_root": 9, "key_note": true, "name": "A#", "key": 5}}, {"model": "chordcharts.note", "pk": 61, "fields": {"distance_from_root": 10, "key_note": false, "name": "B", "key": 5}}, {"model": "chordcharts.note", "pk": 62, "fields": {"distance_from_root": 11, "key_note": true, "name": "B#", "key": 5}}, {"model": "chordcharts.note", "pk": 63, "fields": {"distance_from_root": 0, "key_note": true, "name": "B\u266d", "key": 6}}, {"model": "chordcharts.note", "pk": 64, "fields": {"distance_from_root": 1, "key_note": false, "name": "B", "key": 6}}, {"model": "chordcharts.note", "pk": 65, "fields": {"distance_from_root": 2, "key_note": true, "name": "C", "key": 6}}, {"model": "chordcharts.note", "pk": 66, "fields": {"distance_from_root": 3, "key_note": false, "name": "C#", "key": 6}}, {"model": "chordcharts.note", "pk": 67, "fields": {"distance_from_root": 4, "key_note": true, "name": "D", "key": 6}}, {"model": "chordcharts.note", "pk": 68, "fields": {"distance_from_root": 5, "key_note": true, "name": "E\u266d", "key": 6}}, {"model": "chordcharts.note", "pk": 69, "fields": {"distance_from_root": 6, "key_note": false, "name": "E", "key": 6}}, {"model": "chordcharts.note", "pk": 70, "fields": {"distance_from_root": 7, "key_note": true, "name": "F", "key": 6}}, {"model": "chordcharts.note", "pk": 71, "fields": {"distance_from_root": 8, "key_note": false, "name": "F#", "key": 6}}, {"model": "chordcharts.note", "pk": 72, "fields": {"distance_from_root": 9, "key_note": true, "name": "G", "key": 6}}, {"model": "chordcharts.note", "pk": 73, "fields": {"distance_from_root": 10, "key_note": false, "name": "A\u266d", "key": 6}}, {"model": "chordcharts.note", "pk": 74, "fields": {"distance_from_root": 11, "key_note": true, "name": "A", "key": 6}}, {"model": "chordcharts.note", "pk": 75, "fields": {"distance_from_root": 0, "key_note": true, "name": "D", "key": 7}}, {"model": "chordcharts.note", "pk": 76, "fields": {"distance_from_root": 1, "key_note": false, "name": "E\u266d", "key": 7}}, {"model": "chordcharts.note", "pk": 77, "fields": {"distance_from_root": 2, "key_note": true, "name": "E", "key": 7}}, {"model": "chordcharts.note", "pk": 78, "fields": {"distance_from_root": 3, "key_note": false, "name": "F", "key": 7}}, {"model": "chordcharts.note", "pk": 79, "fields": {"distance_from_root": 4, "key_note": true, "name": "F#", "key": 7}}, {"model": "chordcharts.note", "pk": 80, "fields": {"distance_from_root": 5, "key_note": true, "name": "G", "key": 7}}, {"model": "chordcharts.note", "pk": 81, "fields": {"distance_from_root": 6, "key_note": false, "name": "A\u266d", "key": 7}}, {"model": "chordcharts.note", "pk": 82, "fields": {"distance_from_root": 7, "key_note": true, "name": "A", "key": 7}}, {"model": "chordcharts.note", "pk": 83, "fields": {"distance_from_root": 8, "key_note": false, "name": "B\u266d", "key": 7}}, {"model": "chordcharts.note", "pk": 84, "fields": {"distance_from_root": 9, "key_note": true, "name": "B", "key": 7}}, {"model": "chordcharts.note", "pk": 85, "fields": {"distance_from_root": 10, "key_note": false, "name": "C", "key": 7}}, {"model": "chordcharts.note", "pk": 86, "fields": {"distance_from_root": 11, "key_note": true, "name": "C#", "key": 7}}, {"model": "chordcharts.note", "pk": 87, "fields": {"distance_from_root": 0, "key_note": true, "name": "E", "key": 8}}, {"model": "chordcharts.note", "pk": 88, "fields": {"distance_from_root": 1, "key_note": false, "name": "F", "key": 8}}, {"model": "chordcharts.note", "pk": 89, "fields": {"distance_from_root": 2, "key_note": true, "name": "F#", "key": 8}}, {"model": "chordcharts.note", "pk": 90, "fields": {"distance_from_root": 3, "key_note": false, "name": "G", "key": 8}}, {"model": "chordcharts.note", "pk": 91, "fields": {"distance_from_root": 4, "key_note": true, "name": "A\u266d", "key": 8}}, {"model": "chordcharts.note", "pk": 92, "fields": {"distance_from_root": 5, "key_note": true, "name": "A", "key": 8}}, {"model": "chordcharts.note", "pk": 93, "fields": {"distance_from_root": 6, "key_note": false, "name": "B\u266d", "key": 8}}, {"model": "chordcharts.note", "pk": 94, "fields": {"distance_from_root": 7, "key_note": true, "name": "B", "key": 8}}, {"model": "chordcharts.note", "pk": 95, "fields": {"distance_from_root": 8, "key_note": false, "name": "C", "key": 8}}, {"model": "chordcharts.note", "pk": 96, "fields": {"distance_from_root": 9, "key_note": true, "name": "C#", "key": 8}}, {"model": "chordcharts.note", "pk": 97, "fields": {"distance_from_root": 10, "key_note": true, "name": "D", "key": 8}}, {"model": "chordcharts.note", "pk": 98, "fields": {"distance_from_root": 11, "key_note": true, "name": "E\u266d", "key": 8}}, {"model": "chordcharts.note", "pk": 99, "fields": {"distance_from_root": 0, "key_note": true, "name": "E\u266d", "key": 11}}, {"model": "chordcharts.note", "pk": 100, "fields": {"distance_from_root": 1, "key_note": false, "name": "E", "key": 11}}, {"model": "chordcharts.note", "pk": 101, "fields": {"distance_from_root": 2, "key_note": true, "name": "F", "key": 11}}, {"model": "chordcharts.note", "pk": 102, "fields": {"distance_from_root": 3, "key_note": false, "name": "F#", "key": 11}}, {"model": "chordcharts.note", "pk": 103, "fields": {"distance_from_root": 4, "key_note": true, "name": "G", "key": 11}}, {"model": "chordcharts.note", "pk": 104, "fields": {"distance_from_root": 5, "key_note": true, "name": "A\u266d", "key": 11}}, {"model": "chordcharts.note", "pk": 105, "fields": {"distance_from_root": 6, "key_note": false, "name": "A", "key": 11}}, {"model": "chordcharts.note", "pk": 106, "fields": {"distance_from_root": 7, "key_note": true, "name": "B\u266d", "key": 11}}, {"model": "chordcharts.note", "pk": 107, "fields": {"distance_from_root": 8, "key_note": false, "name": "B", "key": 11}}, {"model": "chordcharts.note", "pk": 108, "fields": {"distance_from_root": 9, "key_note": true, "name": "C", "key": 11}}, {"model": "chordcharts.note", "pk": 109, "fields": {"distance_from_root": 10, "key_note": false, "name": "C#", "key": 11}}, {"model": "chordcharts.note", "pk": 110, "fields": {"distance_from_root": 11, "key_note": true, "name": "D", "key": 11}}, {"model": "chordcharts.note", "pk": 111, "fields": {"distance_from_root": 0, "key_note": true, "name": "F#", "key": 12}}, {"model": "chordcharts.note", "pk": 112, "fields": {"distance_from_root": 1, "key_note": false, "name": "G", "key": 12}}, {"model": "chordcharts.note", "pk": 113, "fields": {"distance_from_root": 2, "key_note": true, "name": "G#", "key": 12}}, {"model": "chordcharts.note", "pk": 114, "fields": {"distance_from_root": 3, "key_note": false, "name": "A", "key": 12}}, {"model": "chordcharts.note", "pk": 115, "fields": {"distance_from_root": 4, "key_note": true, "name": "A#", "key": 12}}, {"model": "chordcharts.note", "pk": 116, "fields": {"distance_from_root": 5, "key_note": true, "name": "B", "key": 12}}, {"model": "chordcharts.note", "pk": 117, "fields": {"distance_from_root": 6, "key_note": false, "name": "C", "key": 12}}, {"model": "chordcharts.note", "pk": 118, "fields": {"distance_from_root": 7, "key_note": true, "name": "C#", "key": 12}}, {"model": "chordcharts.note", "pk": 119, "fields": {"distance_from_root": 8, "key_note": false, "name": "D", "key": 12}}, {"model": "chordcharts.note", "pk": 120, "fields": {"distance_from_root": 9, "key_note": true, "name": "D#", "key": 12}}, {"model": "chordcharts.note", "pk": 121, "fields": {"distance_from_root": 10, "key_note": false, "name": "E", "key": 12}}, {"model": "chordcharts.note", "pk": 122, "fields": {"distance_from_root": 11, "key_note": true, "name": "E#", "key": 12}}, {"model": "chordcharts.note", "pk": 123, "fields": {"distance_from_root": 0, "key_note": true, "name": "A\u266d", "key": 13}}, {"model": "chordcharts.note", "pk": 124, "fields": {"distance_from_root": 1, "key_note": false, "name": "A", "key": 13}}, {"model": "chordcharts.note", "pk": 125, "fields": {"distance_from_root": 2, "key_note": true, "name": "B\u266d", "key": 13}}, {"model": "chordcharts.note", "pk": 126, "fields": {"distance_from_root": 3, "key_note": false, "name": "B", "key": 13}}, {"model": "chordcharts.note", "pk": 127, "fields": {"distance_from_root": 4, "key_note": true, "name": "C", "key": 13}}, {"model": "chordcharts.note", "pk": 128, "fields": {"distance_from_root": 5, "key_note": true, "name": "D\u266d", "key": 13}}, {"model": "chordcharts.note", "pk": 129, "fields": {"distance_from_root": 6, "key_note": false, "name": "D", "key": 13}}, {"model": "chordcharts.note", "pk": 130, "fields": {"distance_from_root": 7, "key_note": true, "name": "E\u266d", "key": 13}}, {"model": "chordcharts.note", "pk": 131, "fields": {"distance_from_root": 8, "key_note": false, "name": "E", "key": 13}}, {"model": "chordcharts.note", "pk": 132, "fields": {"distance_from_root": 9, "key_note": true, "name": "F", "key": 13}}, {"model": "chordcharts.note", "pk": 133, "fields": {"distance_from_root": 10, "key_note": false, "name": "F#", "key": 13}}, {"model": "chordcharts.note", "pk": 134, "fields": {"distance_from_root": 11, "key_note": true, "name": "G", "key": 13}}, {"model": "chordcharts.note", "pk": 135, "fields": {"distance_from_root": 0, "key_note": true, "name": "B", "key": 9}}, {"model": "chordcharts.note", "pk": 136, "fields": {"distance_from_root": 1, "key_note": false, "name": "C", "key": 9}}, {"model": "chordcharts.note", "pk": 137, "fields": {"distance_from_root": 2, "key_note": true, "name": "C#", "key": 9}}, {"model": "chordcharts.note", "pk": 138, "fields": {"distance_from_root": 3, "key_note": false, "name": "D", "key": 9}}, {"model": "chordcharts.note", "pk": 139, "fields": {"distance_from_root": 4, "key_note": true, "name": "D#", "key": 9}}, {"model": "chordcharts.note", "pk": 140, "fields": {"distance_from_root": 5, "key_note": true, "name": "E", "key": 9}}, {"model": "chordcharts.note", "pk": 141, "fields": {"distance_from_root": 6, "key_note": false, "name": "F", "key": 9}}, {"model": "chordcharts.note", "pk": 142, "fields": {"distance_from_root": 7, "key_note": true, "name": "F#", "key": 9}}, {"model": "chordcharts.note", "pk": 143, "fields": {"distance_from_root": 8, "key_note": false, "name": "G", "key": 9}}, {"model": "chordcharts.note", "pk": 144, "fields": {"distance_from_root": 9, "key_note": true, "name": "G#", "key": 9}}, {"model": "chordcharts.note", "pk": 145, "fields": {"distance_from_root": 10, "key_note": false, "name": "A", "key": 9}}, {"model": "chordcharts.note", "pk": 146, "fields": {"distance_from_root": 11, "key_note": true, "name": "A#", "key": 9}}, {"model": "chordcharts.note", "pk": 147, "fields": {"distance_from_root": 0, "key_note": true, "name": "C", "key": 10}}, {"model": "chordcharts.note", "pk": 148, "fields": {"distance_from_root": 1, "key_note": false, "name": "C#", "key": 10}}, {"model": "chordcharts.note", "pk": 149, "fields": {"distance_from_root": 2, "key_note": true, "name": "D", "key": 10}}, {"model": "chordcharts.note", "pk": 150, "fields": {"distance_from_root": 3, "key_note": true, "name": "E\u266d", "key": 10}}, {"model": "chordcharts.note", "pk": 151, "fields": {"distance_from_root": 4, "key_note": false, "name": "E", "key": 10}}, {"model": "chordcharts.note", "pk": 152, "fields": {"distance_from_root": 5, "key_note": true, "name": "F", "key": 10}}, {"model": "chordcharts.note", "pk": 153, "fields": {"distance_from_root": 6, "key_note": false, "name": "F#", "key": 10}}, {"model": "chordcharts.note", "pk": 154, "fields": {"distance_from_root": 7, "key_note": true, "name": "G", "key": 10}}, {"model": "chordcharts.note", "pk": 155, "fields": {"distance_from_root": 8, "key_note": true, "name": "A\u266d", "key": 10}}, {"model": "chordcharts.note", "pk": 156, "fields": {"distance_from_root": 9, "key_note": false, "name": "A", "key": 10}}, {"model": "chordcharts.note", "pk": 157, "fields": {"distance_from_root": 10, "key_note": true, "name": "B\u266d", "key": 10}}, {"model": "chordcharts.note", "pk": 158, "fields": {"distance_from_root": 11, "key_note": false, "name": "B", "key": 10}}, {"model": "chordcharts.note", "pk": 159, "fields": {"distance_from_root": 0, "key_note": true, "name": "C#", "key": 14}}, {"model": "chordcharts.note", "pk": 160, "fields": {"distance_from_root": 1, "key_note": false, "name": "D", "key": 14}}, {"model": "chordcharts.note", "pk": 161, "fields": {"distance_from_root": 2, "key_note": true, "name": "D#", "key": 14}}, {"model": "chordcharts.note", "pk": 162, "fields": {"distance_from_root": 3, "key_note": true, "name": "E", "key": 14}}, {"model": "chordcharts.note", "pk": 163, "fields": {"distance_from_root": 4, "key_note": false, "name": "F", "key": 14}}, {"model": "chordcharts.note", "pk": 164, "fields": {"distance_from_root": 5, "key_note": true, "name": "F#", "key": 14}}, {"model": "chordcharts.note", "pk": 165, "fields": {"distance_from_root": 6, "key_note": false, "name": "G", "key": 14}}, {"model": "chordcharts.note", "pk": 166, "fields": {"distance_from_root": 7, "key_note": true, "name": "G#", "key": 14}}, {"model": "chordcharts.note", "pk": 167, "fields": {"distance_from_root": 8, "key_note": true, "name": "A", "key": 14}}, {"model": "chordcharts.note", "pk": 168, "fields": {"distance_from_root": 9, "key_note": false, "name": "B\u266d", "key": 14}}, {"model": "chordcharts.note", "pk": 169, "fields": {"distance_from_root": 10, "key_note": true, "name": "B", "key": 14}}, {"model": "chordcharts.note", "pk": 170, "fields": {"distance_from_root": 11, "key_note": false, "name": "C", "key": 14}}, {"model": "chordcharts.note", "pk": 171, "fields": {"distance_from_root": 0, "key_note": true, "name": "D", "key": 15}}, {"model": "chordcharts.note", "pk": 172, "fields": {"distance_from_root": 1, "key_note": false, "name": "D#", "key": 15}}, {"model": "chordcharts.note", "pk": 173, "fields": {"distance_from_root": 2, "key_note": true, "name": "E", "key": 15}}, {"model": "chordcharts.note", "pk": 174, "fields": {"distance_from_root": 3, "key_note": true, "name": "F", "key": 15}}, {"model": "chordcharts.note", "pk": 175, "fields": {"distance_from_root": 4, "key_note": false, "name": "F#", "key": 15}}, {"model": "chordcharts.note", "pk": 176, "fields": {"distance_from_root": 5, "key_note": true, "name": "G", "key": 15}}, {"model": "chordcharts.note", "pk": 177, "fields": {"distance_from_root": 6, "key_note": false, "name": "A\u266d", "key": 15}}, {"model": "chordcharts.note", "pk": 178, "fields": {"distance_from_root": 7, "key_note": true, "name": "A", "key": 15}}, {"model": "chordcharts.note", "pk": 179, "fields": {"distance_from_root": 8, "key_note": true, "name": "B\u266d", "key": 15}}, {"model": "chordcharts.note", "pk": 180, "fields": {"distance_from_root": 9, "key_note": false, "name": "B", "key": 15}}, {"model": "chordcharts.note", "pk": 181, "fields": {"distance_from_root": 10, "key_note": true, "name": "C", "key": 15}}, {"model": "chordcharts.note", "pk": 182, "fields": {"distance_from_root": 11, "key_note": false, "name": "C#", "key": 15}}, {"model": "chordcharts.note", "pk": 183, "fields": {"distance_from_root": 0, "key_note": true, "name": "G", "key": 16}}, {"model": "chordcharts.note", "pk": 184, "fields": {"distance_from_root": 1, "key_note": false, "name": "G#", "key": 16}}, {"model": "chordcharts.note", "pk": 185, "fields": {"distance_from_root": 2, "key_note": true, "name": "A", "key": 16}}, {"model": "chordcharts.note", "pk": 186, "fields": {"distance_from_root": 3, "key_note": true, "name": "B\u266d", "key": 16}}, {"model": "chordcharts.note", "pk": 187, "fields": {"distance_from_root": 4, "key_note": false, "name": "B", "key": 16}}, {"model": "chordcharts.note", "pk": 188, "fields": {"distance_from_root": 5, "key_note": true, "name": "C", "key": 16}}, {"model": "chordcharts.note", "pk": 189, "fields": {"distance_from_root": 6, "key_note": false, "name": "C#", "key": 16}}, {"model": "chordcharts.note", "pk": 190, "fields": {"distance_from_root": 7, "key_note": true, "name": "D", "key": 16}}, {"model": "chordcharts.note", "pk": 191, "fields": {"distance_from_root": 8, "key_note": true, "name": "E\u266d", "key": 16}}, {"model": "chordcharts.note", "pk": 192, "fields": {"distance_from_root": 9, "key_note": false, "name": "E", "key": 16}}, {"model": "chordcharts.note", "pk": 193, "fields": {"distance_from_root": 10, "key_note": true, "name": "F", "key": 16}}, {"model": "chordcharts.note", "pk": 194, "fields": {"distance_from_root": 11, "key_note": false, "name": "F#", "key": 16}}, {"model": "chordcharts.chordtype", "pk": 1, "fields": {"symbol": "M", "order": 0, "chord_output": "", "name": "Major"}}, {"model": "chordcharts.chordtype", "pk": 2, "fields": {"symbol": "m", "order": 1, "chord_output": "m", "name": "Minor"}}, {"model": "chordcharts.chordtype", "pk": 3, "fields": {"symbol": "7", "order": 2, "chord_output": "7", "name": "Seventh"}}, {"model": "chordcharts.chordtype", "pk": 4, "fields": {"symbol": "\u25b37", "order": 3, "chord_output": "\u25b37", "name": "Major Seventh"}}, {"model": "chordcharts.chordtype", "pk": 5, "fields": {"symbol": "-7", "order": 4, "chord_output": "-7", "name": "Minor Seventh"}}, {"model": "chordcharts.chordtype", "pk": 6, "fields": {"symbol": "6", "order": 5, "chord_output": "6", "name": "Sixth"}}, {"model": "chordcharts.chordtype", "pk": 7, "fields": {"symbol": "-6", "order": 7, "chord_output": "-6", "name": "Minor Sixth"}}, {"model": "chordcharts.chordtype", "pk": 8, "fields": {"symbol": "6/9", "order": 8, "chord_output": "6/9", "name": "Six Ninth"}}, {"model": "chordcharts.chordtype", "pk": 9, "fields": {"symbol": "\u25b36", "order": 6, "chord_output": "\u25b36", "name": "Major Sixth"}}, {"model": "chordcharts.chordtype", "pk": 10, "fields": {"symbol": "\u00b0", "order": 11, "chord_output": "\u00b0", "name": "Diminished"}}, {"model": "chordcharts.chordtype", "pk": 11, "fields": {"symbol": "0\u0338 ", "order": 13, "chord_output": "0\u0338 ", "name": "Half Diminished"}}, {"model": "chordcharts.chordtype", "pk": 12, "fields": {"symbol": "-\u25b3", "order": 20, "chord_output": "-\u25b3", "name": "Minor Major"}}, {"model": "chordcharts.chordtype", "pk": 13, "fields": {"symbol": "7+5", "order": 12, "chord_output": "7+5", "name": "Augmented Seventh"}}, {"model": "chordcharts.chordtype", "pk": 14, "fields": {"symbol": "7#9", "order": 16, "chord_output": "7#9", "name": "Seventh with Sharpened Ninth"}}, {"model": "chordcharts.chordtype", "pk": 15, "fields": {"symbol": "7b9", "order": 17, "chord_output": "7b9", "name": "Seventh with Flattened Ninth"}}, {"model": "chordcharts.chordtype", "pk": 16, "fields": {"symbol": "7#5", "order": 14, "chord_output": "7#5", "name": "Dominant Seventh with Sharpened Fifth"}}, {"model": "chordcharts.chordtype", "pk": 17, "fields": {"symbol": "7b5", "order": 15, "chord_output": "7b5", "name": "Dominant Seventh with Flattened Fifth"}}, {"model": "chordcharts.chordtype", "pk": 18, "fields": {"symbol": "7#9#5", "order": 22, "chord_output": "7#9#5", "name": "Seventh with Sharpened Ninth and Sharpened Fifth"}}, {"model": "chordcharts.chordtype", "pk": 19, "fields": {"symbol": "7b9#5", "order": 21, "chord_output": "7b9#5", "name": "Seventh with Flattened Ninth and Sharpened Fifth"}}, {"model": "chordcharts.chordtype", "pk": 20, "fields": {"symbol": "13", "order": 19, "chord_output": "13", "name": "Thirteenth"}}, {"model": "chordcharts.chordtype", "pk": 21, "fields": {"symbol": "11", "order": 18, "chord_output": "11", "name": "Eleventh"}}, {"model": "chordcharts.chordtype", "pk": 22, "fields": {"symbol": "9", "order": 9, "chord_output": "9", "name": "Dominant Ninth"}}, {"model": "chordcharts.chordtype", "pk": 23, "fields": {"symbol": "-9", "order": 10, "chord_output": "-9", "name": "Minor Ninth"}}, {"model": "chordcharts.timesignature", "pk": 1, "fields": {"beat_unit": 4, "beats": 4}}, {"model": "chordcharts.timesignature", "pk": 2, "fields": {"beat_unit": 3, "beats": 4}}, {"model": "chordcharts.timesignature", "pk": 3, "fields": {"beat_unit": 8, "beats": 6}}, {"model": "chordcharts.timesignature", "pk": 4, "fields": {"beat_unit": 2, "beats": 2}}]