[{"model": "chordcharts.key", "fields": {"tonic": "C", "slug": "c-major", "name": "C Major", "distance_from_c": 0, "tonality": 1, "order": 1}, "pk": 1}, {"model": "chordcharts.key", "fields": {"tonic": "F", "slug": "f-major", "name": "F Major", "distance_from_c": 5, "tonality": 1, "order": 6}, "pk": 2}, {"model": "chordcharts.key", "fields": {"tonic": "G", "slug": "g-major", "name": "G Major", "distance_from_c": 7, "tonality": 1, "order": 8}, "pk": 3}, {"model": "chordcharts.key", "fields": {"tonic": "A", "slug": "a-major", "name": "A Major", "distance_from_c": 9, "tonality": 1, "order": 10}, "pk": 4}, {"model": "chordcharts.key", "fields": {"tonic": "C#", "slug": "c-sharp-major", "name": "C# Major", "distance_from_c": 1, "tonality": 1, "order": 2}, "pk": 5}, {"model": "chordcharts.key", "fields": {"tonic": "B\u266d", "slug": "b-flat-major", "name": "B\u266d Major", "distance_from_c": 10, "tonality": 1, "order": 11}, "pk": 6}, {"model": "chordcharts.key", "fields": {"tonic": "D", "slug": "d-major", "name": "D Major", "distance_from_c": 2, "tonality": 1, "order": 3}, "pk": 7}, {"model": "chordcharts.key", "fields": {"tonic": "E", "slug": "e-major", "name": "E Major", "distance_from_c": 4, "tonality": 1, "order": 5}, "pk": 8}, {"model": "chordcharts.key", "fields": {"tonic": "B", "slug": "b-major", "name": "B Major", "distance_from_c": 11, "tonality": 1, "order": 12}, "pk": 9}, {"model": "chordcharts.key", "fields": {"tonic": "C", "slug": "c-minor", "name": "C Minor", "distance_from_c": 0, "tonality": 2, "order": 1}, "pk": 10}, {"model": "chordcharts.key", "fields": {"tonic": "E\u266d", "slug": "e-flat-major", "name": "E\u266d Major", "distance_from_c": 3, "tonality": 1, "order": 4}, "pk": 11}, {"model": "chordcharts.key", "fields": {"tonic": "F#", "slug": "f-sharp-major", "name": "F# Major", "distance_from_c": 6, "tonality": 1, "order": 7}, "pk": 12}, {"model": "chordcharts.key", "fields": {"tonic": "A\u266d", "slug": "a-flat-major", "name": "A\u266d Major", "distance_from_c": 8, "tonality": 1, "order": 9}, "pk": 13}, {"model": "chordcharts.key", "fields": {"tonic": "C#", "slug": "c-sharp-minor", "name": "C# Minor", "distance_from_c": 1, "tonality": 2, "order": 2}, "pk": 14}, {"model": "chordcharts.key", "fields": {"tonic": "D", "slug": "d-minor", "name": "D Minor", "distance_from_c": 2, "tonality": 2, "order": 3}, "pk": 15}, {"model": "chordcharts.key", "fields": {"tonic": "G", "slug": "g-minor", "name": "G Minor", "distance_from_c": 7, "tonality": 2, "order": 8}, "pk": 16}, {"model": "chordcharts.note", "fields": {"key": 1, "distance_from_root": 0, "key_note": true, "name": "C"}, "pk": 2}, {"model": "chordcharts.note", "fields": {"key": 1, "distance_from_root": 1, "key_note": false, "name": "C#"}, "pk": 3}, {"model": "chordcharts.note", "fields": {"key": 1, "distance_from_root": 2, "key_note": true, "name": "D"}, "pk": 4}, {"model": "chordcharts.note", "fields": {"key": 1, "distance_from_root": 3, "key_note": false, "name": "E\u266d"}, "pk": 5}, {"model": "chordcharts.note", "fields": {"key": 1, "distance_from_root": 4, "key_note": true, "name": "E"}, "pk": 6}, {"model": "chordcharts.note", "fields": {"key": 1, "distance_from_root": 5, "key_note": true, "name": "F"}, "pk": 7}, {"model": "chordcharts.note", "fields": {"key": 1, "distance_from_root": 6, "key_note": false, "name": "F#"}, "pk": 8}, {"model": "chordcharts.note", "fields": {"key": 2, "distance_from_root": 0, "key_note": true, "name": "F"}, "pk": 9}, {"model": "chordcharts.note", "fields": {"key": 2, "distance_from_root": 1, "key_note": false, "name": "F#"}, "pk": 10}, {"model": "chordcharts.note", "fields": {"key": 2, "distance_from_root": 2, "key_note": true, "name": "G"}, "pk": 11}, {"model": "chordcharts.note", "fields": {"key": 2, "distance_from_root": 3, "key_note": false, "name": "A\u266d"}, "pk": 12}, {"model": "chordcharts.note", "fields": {"key": 2, "distance_from_root": 4, "key_note": true, "name": "A"}, "pk": 13}, {"model": "chordcharts.note", "fields": {"key": 2, "distance_from_root": 5, "key_note": true, "name": "B\u266d"}, "pk": 14}, {"model": "chordcharts.note", "fields": {"key": 2, "distance_from_root": 6, "key_note": false, "name": "B"}, "pk": 15}, {"model": "chordcharts.note", "fields": {"key": 1, "distance_from_root": 7, "key_note": true, "name": "G"}, "pk": 16}, {"model": "chordcharts.note", "fields": {"key": 1, "distance_from_root": 8, "key_note": false, "name": "A\u266d"}, "pk": 17}, {"model": "chordcharts.note", "fields": {"key": 1, "distance_from_root": 9, "key_note": true, "name": "A"}, "pk": 18}, {"model": "chordcharts.note", "fields": {"key": 1, "distance_from_root": 10, "key_note": false, "name": "B\u266d"}, "pk": 19}, {"model": "chordcharts.note", "fields": {"key": 1, "distance_from_root": 11, "key_note": true, "name": "B"}, "pk": 20}, {"model": "chordcharts.note", "fields": {"key": 2, "distance_from_root": 7, "key_note": true, "name": "C"}, "pk": 21}, {"model": "chordcharts.note", "fields": {"key": 2, "distance_from_root": 8, "key_note": false, "name": "C#"}, "pk": 22}, {"model": "chordcharts.note", "fields": {"key": 2, "distance_from_root": 9, "key_note": true, "name": "D"}, "pk": 23}, {"model": "chordcharts.note", "fields": {"key": 2, "distance_from_root": 10, "key_note": false, "name": "E\u266d"}, "pk": 24}, {"model": "chordcharts.note", "fields": {"key": 2, "distance_from_root": 11, "key_note": true, "name": "E"}, "pk": 25}, {"model": "chordcharts.note", "fields": {"key": 3, "distance_from_root": 0, "key_note": true, "name": "G"}, "pk": 26}, {"model": "chordcharts.note", "fields": {"key": 3, "distance_from_root": 1, "key_note": false, "name": "A\u266d"}, "pk": 27}, {"model": "chordcharts.note", "fields": {"key": 3, "distance_from_root": 2, "key_note": true, "name": "A"}, "pk": 28}, {"model": "chordcharts.note", "fields": {"key": 3, "distance_from_root": 3, "key_note": false, "name": "B\u266d"}, "pk": 29}, {"model": "chordcharts.note", "fields": {"key": 3, "distance_from_root": 4, "key_note": true, "name": "B"}, "pk": 30}, {"model": "chordcharts.note", "fields": {"key": 3, "distance_from_root": 5, "key_note": true, "name": "C"}, "pk": 31}, {"model": "chordcharts.note", "fields": {"key": 3, "distance_from_root": 6, "key_note": false, "name": "C#"}, "pk": 32}, {"model": "chordcharts.note", "fields": {"key": 3, "distance_from_root": 7, "key_note": true, "name": "D"}, "pk": 33}, {"model": "chordcharts.note", "fields": {"key": 3, "distance_from_root": 8, "key_note": false, "name": "E\u266d"}, "pk": 34}, {"model": "chordcharts.note", "fields": {"key": 3, "distance_from_root": 9, "key_note": true, "name": "E"}, "pk": 35}, {"model": "chordcharts.note", "fields": {"key": 3, "distance_from_root": 10, "key_note": false, "name": "F"}, "pk": 36}, {"model": "chordcharts.note", "fields": {"key": 3, "distance_from_root": 11, "key_note": true, "name": "F#"}, "pk": 37}, {"model": "chordcharts.note", "fields": {"key": 4, "distance_from_root": 0, "key_note": true, "name": "A"}, "pk": 38}, {"model": "chordcharts.note", "fields": {"key": 4, "distance_from_root": 1, "key_note": false, "name": "B\u266d"}, "pk": 39}, {"model": "chordcharts.note", "fields": {"key": 4, "distance_from_root": 2, "key_note": true, "name": "B"}, "pk": 40}, {"model": "chordcharts.note", "fields": {"key": 4, "distance_from_root": 3, "key_note": false, "name": "C"}, "pk": 41}, {"model": "chordcharts.note", "fields": {"key": 4, "distance_from_root": 4, "key_note": true, "name": "C#"}, "pk": 42}, {"model": "chordcharts.note", "fields": {"key": 4, "distance_from_root": 5, "key_note": true, "name": "D"}, "pk": 43}, {"model": "chordcharts.note", "fields": {"key": 4, "distance_from_root": 6, "key_note": false, "name": "E\u266d"}, "pk": 44}, {"model": "chordcharts.note", "fields": {"key": 4, "distance_from_root": 7, "key_note": true, "name": "E"}, "pk": 45}, {"model": "chordcharts.note", "fields": {"key": 4, "distance_from_root": 8, "key_note": false, "name": "F"}, "pk": 46}, {"model": "chordcharts.note", "fields": {"key": 4, "distance_from_root": 9, "key_note": true, "name": "F#"}, "pk": 47}, {"model": "chordcharts.note", "fields": {"key": 4, "distance_from_root": 10, "key_note": false, "name": "G"}, "pk": 48}, {"model": "chordcharts.note", "fields": {"key": 4, "distance_from_root": 11, "key_note": true, "name": "G#"}, "pk": 49}, {"model": "chordcharts.note", "fields": {"key": 5, "distance_from_root": 0, "key_note": true, "name": "C#"}, "pk": 50}, {"model": "chordcharts.note", "fields": {"key": 5, "distance_from_root": 1, "key_note": false, "name": "D"}, "pk": 51}, {"model": "chordcharts.note", "fields": {"key": 5, "distance_from_root": 2, "key_note": true, "name": "D#"}, "pk": 52}, {"model": "chordcharts.note", "fields": {"key": 5, "distance_from_root": 3, "key_note": false, "name": "E"}, "pk": 53}, {"model": "chordcharts.note", "fields": {"key": 5, "distance_from_root": 4, "key_note": true, "name": "E#"}, "pk": 54}, {"model": "chordcharts.note", "fields": {"key": 5, "distance_from_root": 5, "key_note": true, "name": "F#"}, "pk": 56}, {"model": "chordcharts.note", "fields": {"key": 5, "distance_from_root": 6, "key_note": false, "name": "G"}, "pk": 57}, {"model": "chordcharts.note", "fields": {"key": 5, "distance_from_root": 7, "key_note": true, "name": "G#"}, "pk": 58}, {"model": "chordcharts.note", "fields": {"key": 5, "distance_from_root": 8, "key_note": false, "name": "A"}, "pk": 59}, {"model": "chordcharts.note", "fields": {"key": 5, "distance_from_root": 9, "key_note": true, "name": "A#"}, "pk": 60}, {"model": "chordcharts.note", "fields": {"key": 5, "distance_from_root": 10, "key_note": false, "name": "B"}, "pk": 61}, {"model": "chordcharts.note", "fields": {"key": 5, "distance_from_root": 11, "key_note": true, "name": "B#"}, "pk": 62}, {"model": "chordcharts.note", "fields": {"key": 6, "distance_from_root": 0, "key_note": true, "name": "B\u266d"}, "pk": 63}, {"model": "chordcharts.note", "fields": {"key": 6, "distance_from_root": 1, "key_note": false, "name": "B"}, "pk": 64}, {"model": "chordcharts.note", "fields": {"key": 6, "distance_from_root": 2, "key_note": true, "name": "C"}, "pk": 65}, {"model": "chordcharts.note", "fields": {"key": 6, "distance_from_root": 3, "key_note": false, "name": "C#"}, "pk": 66}, {"model": "chordcharts.note", "fields": {"key": 6, "distance_from_root": 4, "key_note": true, "name": "D"}, "pk": 67}, {"model": "chordcharts.note", "fields": {"key": 6, "distance_from_root": 5, "key_note": true, "name": "E\u266d"}, "pk": 68}, {"model": "chordcharts.note", "fields": {"key": 6, "distance_from_root": 6, "key_note": false, "name": "E"}, "pk": 69}, {"model": "chordcharts.note", "fields": {"key": 6, "distance_from_root": 7, "key_note": true, "name": "F"}, "pk": 70}, {"model": "chordcharts.note", "fields": {"key": 6, "distance_from_root": 8, "key_note": false, "name": "F#"}, "pk": 71}, {"model": "chordcharts.note", "fields": {"key": 6, "distance_from_root": 9, "key_note": true, "name": "G"}, "pk": 72}, {"model": "chordcharts.note", "fields": {"key": 6, "distance_from_root": 10, "key_note": false, "name": "A\u266d"}, "pk": 73}, {"model": "chordcharts.note", "fields": {"key": 6, "distance_from_root": 11, "key_note": true, "name": "A"}, "pk": 74}, {"model": "chordcharts.note", "fields": {"key": 7, "distance_from_root": 0, "key_note": true, "name": "D"}, "pk": 75}, {"model": "chordcharts.note", "fields": {"key": 7, "distance_from_root": 1, "key_note": false, "name": "E\u266d"}, "pk": 76}, {"model": "chordcharts.note", "fields": {"key": 7, "distance_from_root": 2, "key_note": true, "name": "E"}, "pk": 77}, {"model": "chordcharts.note", "fields": {"key": 7, "distance_from_root": 3, "key_note": false, "name": "F"}, "pk": 78}, {"model": "chordcharts.note", "fields": {"key": 7, "distance_from_root": 4, "key_note": true, "name": "F#"}, "pk": 79}, {"model": "chordcharts.note", "fields": {"key": 7, "distance_from_root": 5, "key_note": true, "name": "G"}, "pk": 80}, {"model": "chordcharts.note", "fields": {"key": 7, "distance_from_root": 6, "key_note": false, "name": "A\u266d"}, "pk": 81}, {"model": "chordcharts.note", "fields": {"key": 7, "distance_from_root": 7, "key_note": true, "name": "A"}, "pk": 82}, {"model": "chordcharts.note", "fields": {"key": 7, "distance_from_root": 8, "key_note": false, "name": "B\u266d"}, "pk": 83}, {"model": "chordcharts.note", "fields": {"key": 7, "distance_from_root": 9, "key_note": true, "name": "B"}, "pk": 84}, {"model": "chordcharts.note", "fields": {"key": 7, "distance_from_root": 10, "key_note": false, "name": "C"}, "pk": 85}, {"model": "chordcharts.note", "fields": {"key": 7, "distance_from_root": 11, "key_note": true, "name": "C#"}, "pk": 86}, {"model": "chordcharts.note", "fields": {"key": 8, "distance_from_root": 0, "key_note": true, "name": "E"}, "pk": 87}, {"model": "chordcharts.note", "fields": {"key": 8, "distance_from_root": 1, "key_note": false, "name": "F"}, "pk": 88}, {"model": "chordcharts.note", "fields": {"key": 8, "distance_from_root": 2, "key_note": true, "name": "F#"}, "pk": 89}, {"model": "chordcharts.note", "fields": {"key": 8, "distance_from_root": 3, "key_note": false, "name": "G"}, "pk": 90}, {"model": "chordcharts.note", "fields": {"key": 8, "distance_from_root": 4, "key_note": true, "name": "A\u266d"}, "pk": 91}, {"model": "chordcharts.note", "fields": {"key": 8, "distance_from_root": 5, "key_note": true, "name": "A"}, "pk": 92}, {"model": "chordcharts.note", "fields": {"key": 8, "distance_from_root": 6, "key_note": false, "name": "B\u266d"}, "pk": 93}, {"model": "chordcharts.note", "fields": {"key": 8, "distance_from_root": 7, "key_note": true, "name": "B"}, "pk": 94}, {"model": "chordcharts.note", "fields": {"key": 8, "distance_from_root": 8, "key_note": false, "name": "C"}, "pk": 95}, {"model": "chordcharts.note", "fields": {"key": 8, "distance_from_root": 9, "key_note": true, "name": "C#"}, "pk": 96}, {"model": "chordcharts.note", "fields": {"key": 8, "distance_from_root": 10, "key_note": true, "name": "D"}, "pk": 97}, {"model": "chordcharts.note", "fields": {"key": 8, "distance_from_root": 11, "key_note": true, "name": "E\u266d"}, "pk": 98}, {"model": "chordcharts.note", "fields": {"key": 11, "distance_from_root": 0, "key_note": true, "name": "E\u266d"}, "pk": 99}, {"model": "chordcharts.note", "fields": {"key": 11, "distance_from_root": 1, "key_note": false, "name": "E"}, "pk": 100}, {"model": "chordcharts.note", "fields": {"key": 11, "distance_from_root": 2, "key_note": true, "name": "F"}, "pk": 101}, {"model": "chordcharts.note", "fields": {"key": 11, "distance_from_root": 3, "key_note": false, "name": "F#"}, "pk": 102}, {"model": "chordcharts.note", "fields": {"key": 11, "distance_from_root": 4, "key_note": true, "name": "G"}, "pk": 103}, {"model": "chordcharts.note", "fields": {"key": 11, "distance_from_root": 5, "key_note": true, "name": "A\u266d"}, "pk": 104}, {"model": "chordcharts.note", "fields": {"key": 11, "distance_from_root": 6, "key_note": false, "name": "A"}, "pk": 105}, {"model": "chordcharts.note", "fields": {"key": 11, "distance_from_root": 7, "key_note": true, "name": "B\u266d"}, "pk": 106}, {"model": "chordcharts.note", "fields": {"key": 11, "distance_from_root": 8, "key_note": false, "name": "B"}, "pk": 107}, {"model": "chordcharts.note", "fields": {"key": 11, "distance_from_root": 9, "key_note": true, "name": "C"}, "pk": 108}, {"model": "chordcharts.note", "fields": {"key": 11, "distance_from_root": 10, "key_note": false, "name": "C#"}, "pk": 109}, {"model": "chordcharts.note", "fields": {"key": 11, "distance_from_root": 11, "key_note": true, "name": "D"}, "pk": 110}, {"model": "chordcharts.note", "fields": {"key": 12, "distance_from_root": 0, "key_note": true, "name": "F#"}, "pk": 111}, {"model": "chordcharts.note", "fields": {"key": 12, "distance_from_root": 1, "key_note": false, "name": "G"}, "pk": 112}, {"model": "chordcharts.note", "fields": {"key": 12, "distance_from_root": 2, "key_note": true, "name": "G#"}, "pk": 113}, {"model": "chordcharts.note", "fields": {"key": 12, "distance_from_root": 3, "key_note": false, "name": "A"}, "pk": 114}, {"model": "chordcharts.note", "fields": {"key": 12, "distance_from_root": 4, "key_note": true, "name": "A#"}, "pk": 115}, {"model": "chordcharts.note", "fields": {"key": 12, "distance_from_root": 5, "key_note": true, "name": "B"}, "pk": 116}, {"model": "chordcharts.note", "fields": {"key": 12, "distance_from_root": 6, "key_note": false, "name": "C"}, "pk": 117}, {"model": "chordcharts.note", "fields": {"key": 12, "distance_from_root": 7, "key_note": true, "name": "C#"}, "pk": 118}, {"model": "chordcharts.note", "fields": {"key": 12, "distance_from_root": 8, "key_note": false, "name": "D"}, "pk": 119}, {"model": "chordcharts.note", "fields": {"key": 12, "distance_from_root": 9, "key_note": true, "name": "D#"}, "pk": 120}, {"model": "chordcharts.note", "fields": {"key": 12, "distance_from_root": 10, "key_note": false, "name": "E"}, "pk": 121}, {"model": "chordcharts.note", "fields": {"key": 12, "distance_from_root": 11, "key_note": true, "name": "E#"}, "pk": 122}, {"model": "chordcharts.note", "fields": {"key": 13, "distance_from_root": 0, "key_note": true, "name": "A\u266d"}, "pk": 123}, {"model": "chordcharts.note", "fields": {"key": 13, "distance_from_root": 1, "key_note": false, "name": "A"}, "pk": 124}, {"model": "chordcharts.note", "fields": {"key": 13, "distance_from_root": 2, "key_note": true, "name": "B\u266d"}, "pk": 125}, {"model": "chordcharts.note", "fields": {"key": 13, "distance_from_root": 3, "key_note": false, "name": "B"}, "pk": 126}, {"model": "chordcharts.note", "fields": {"key": 13, "distance_from_root": 4, "key_note": true, "name": "C"}, "pk": 127}, {"model": "chordcharts.note", "fields": {"key": 13, "distance_from_root": 5, "key_note": true, "name": "D\u266d"}, "pk": 128}, {"model": "chordcharts.note", "fields": {"key": 13, "distance_from_root": 6, "key_note": false, "name": "D"}, "pk": 129}, {"model": "chordcharts.note", "fields": {"key": 13, "distance_from_root": 7, "key_note": true, "name": "E\u266d"}, "pk": 130}, {"model": "chordcharts.note", "fields": {"key": 13, "distance_from_root": 8, "key_note": false, "name": "E"}, "pk": 131}, {"model": "chordcharts.note", "fields": {"key": 13, "distance_from_root": 9, "key_note": true, "name": "F"}, "pk": 132}, {"model": "chordcharts.note", "fields": {"key": 13, "distance_from_root": 10, "key_note": false, "name": "F#"}, "pk": 133}, {"model": "chordcharts.note", "fields": {"key": 13, "distance_from_root": 11, "key_note": true, "name": "G"}, "pk": 134}, {"model": "chordcharts.note", "fields": {"key": 9, "distance_from_root": 0, "key_note": true, "name": "B"}, "pk": 135}, {"model": "chordcharts.note", "fields": {"key": 9, "distance_from_root": 1, "key_note": false, "name": "C"}, "pk": 136}, {"model": "chordcharts.note", "fields": {"key": 9, "distance_from_root": 2, "key_note": true, "name": "C#"}, "pk": 137}, {"model": "chordcharts.note", "fields": {"key": 9, "distance_from_root": 3, "key_note": false, "name": "D"}, "pk": 138}, {"model": "chordcharts.note", "fields": {"key": 9, "distance_from_root": 4, "key_note": true, "name": "D#"}, "pk": 139}, {"model": "chordcharts.note", "fields": {"key": 9, "distance_from_root": 5, "key_note": true, "name": "E"}, "pk": 140}, {"model": "chordcharts.note", "fields": {"key": 9, "distance_from_root": 6, "key_note": false, "name": "F"}, "pk": 141}, {"model": "chordcharts.note", "fields": {"key": 9, "distance_from_root": 7, "key_note": true, "name": "F#"}, "pk": 142}, {"model": "chordcharts.note", "fields": {"key": 9, "distance_from_root": 8, "key_note": false, "name": "G"}, "pk": 143}, {"model": "chordcharts.note", "fields": {"key": 9, "distance_from_root": 9, "key_note": true, "name": "G#"}, "pk": 144}, {"model": "chordcharts.note", "fields": {"key": 9, "distance_from_root": 10, "key_note": false, "name": "A"}, "pk": 145}, {"model": "chordcharts.note", "fields": {"key": 9, "distance_from_root": 11, "key_note": true, "name": "A#"}, "pk": 146}, {"model": "chordcharts.note", "fields": {"key": 10, "distance_from_root": 0, "key_note": true, "name": "C"}, "pk": 147}, {"model": "chordcharts.note", "fields": {"key": 10, "distance_from_root": 1, "key_note": false, "name": "C#"}, "pk": 148}, {"model": "chordcharts.note", "fields": {"key": 10, "distance_from_root": 2, "key_note": true, "name": "D"}, "pk": 149}, {"model": "chordcharts.note", "fields": {"key": 10, "distance_from_root": 3, "key_note": true, "name": "E\u266d"}, "pk": 150}, {"model": "chordcharts.note", "fields": {"key": 10, "distance_from_root": 4, "key_note": false, "name": "E"}, "pk": 151}, {"model": "chordcharts.note", "fields": {"key": 10, "distance_from_root": 5, "key_note": true, "name": "F"}, "pk": 152}, {"model": "chordcharts.note", "fields": {"key": 10, "distance_from_root": 6, "key_note": false, "name": "F#"}, "pk": 153}, {"model": "chordcharts.note", "fields": {"key": 10, "distance_from_root": 7, "key_note": true, "name": "G"}, "pk": 154}, {"model": "chordcharts.note", "fields": {"key": 10, "distance_from_root": 8, "key_note": true, "name": "A\u266d"}, "pk": 155}, {"model": "chordcharts.note", "fields": {"key": 10, "distance_from_root": 9, "key_note": false, "name": "A"}, "pk": 156}, {"model": "chordcharts.note", "fields": {"key": 10, "distance_from_root": 10, "key_note": true, "name": "B\u266d"}, "pk": 157}, {"model": "chordcharts.note", "fields": {"key": 10, "distance_from_root": 11, "key_note": false, "name": "B"}, "pk": 158}, {"model": "chordcharts.note", "fields": {"key": 14, "distance_from_root": 0, "key_note": true, "name": "C#"}, "pk": 159}, {"model": "chordcharts.note", "fields": {"key": 14, "distance_from_root": 1, "key_note": false, "name": "D"}, "pk": 160}, {"model": "chordcharts.note", "fields": {"key": 14, "distance_from_root": 2, "key_note": true, "name": "D#"}, "pk": 161}, {"model": "chordcharts.note", "fields": {"key": 14, "distance_from_root": 3, "key_note": true, "name": "E"}, "pk": 162}, {"model": "chordcharts.note", "fields": {"key": 14, "distance_from_root": 4, "key_note": false, "name": "F"}, "pk": 163}, {"model": "chordcharts.note", "fields": {"key": 14, "distance_from_root": 5, "key_note": true, "name": "F#"}, "pk": 164}, {"model": "chordcharts.note", "fields": {"key": 14, "distance_from_root": 6, "key_note": false, "name": "G"}, "pk": 165}, {"model": "chordcharts.note", "fields": {"key": 14, "distance_from_root": 7, "key_note": true, "name": "G#"}, "pk": 166}, {"model": "chordcharts.note", "fields": {"key": 14, "distance_from_root": 8, "key_note": true, "name": "A"}, "pk": 167}, {"model": "chordcharts.note", "fields": {"key": 14, "distance_from_root": 9, "key_note": false, "name": "B\u266d"}, "pk": 168}, {"model": "chordcharts.note", "fields": {"key": 14, "distance_from_root": 10, "key_note": true, "name": "B"}, "pk": 169}, {"model": "chordcharts.note", "fields": {"key": 14, "distance_from_root": 11, "key_note": false, "name": "C"}, "pk": 170}, {"model": "chordcharts.note", "fields": {"key": 15, "distance_from_root": 0, "key_note": true, "name": "D"}, "pk": 171}, {"model": "chordcharts.note", "fields": {"key": 15, "distance_from_root": 1, "key_note": false, "name": "D#"}, "pk": 172}, {"model": "chordcharts.note", "fields": {"key": 15, "distance_from_root": 2, "key_note": true, "name": "E"}, "pk": 173}, {"model": "chordcharts.note", "fields": {"key": 15, "distance_from_root": 3, "key_note": true, "name": "F"}, "pk": 174}, {"model": "chordcharts.note", "fields": {"key": 15, "distance_from_root": 4, "key_note": false, "name": "F#"}, "pk": 175}, {"model": "chordcharts.note", "fields": {"key": 15, "distance_from_root": 5, "key_note": true, "name": "G"}, "pk": 176}, {"model": "chordcharts.note", "fields": {"key": 15, "distance_from_root": 6, "key_note": false, "name": "A\u266d"}, "pk": 177}, {"model": "chordcharts.note", "fields": {"key": 15, "distance_from_root": 7, "key_note": true, "name": "A"}, "pk": 178}, {"model": "chordcharts.note", "fields": {"key": 15, "distance_from_root": 8, "key_note": true, "name": "B\u266d"}, "pk": 179}, {"model": "chordcharts.note", "fields": {"key": 15, "distance_from_root": 9, "key_note": false, "name": "B"}, "pk": 180}, {"model": "chordcharts.note", "fields": {"key": 15, "distance_from_root": 10, "key_note": true, "name": "C"}, "pk": 181}, {"model": "chordcharts.note", "fields": {"key": 15, "distance_from_root": 11, "key_note": false, "name": "C#"}, "pk": 182}, {"model": "chordcharts.note", "fields": {"key": 16, "distance_from_root": 0, "key_note": true, "name": "G"}, "pk": 183}, {"model": "chordcharts.note", "fields": {"key": 16, "distance_from_root": 1, "key_note": false, "name": "G#"}, "pk": 184}, {"model": "chordcharts.note", "fields": {"key": 16, "distance_from_root": 2, "key_note": true, "name": "A"}, "pk": 185}, {"model": "chordcharts.note", "fields": {"key": 16, "distance_from_root": 3, "key_note": true, "name": "B\u266d"}, "pk": 186}, {"model": "chordcharts.note", "fields": {"key": 16, "distance_from_root": 4, "key_note": false, "name": "B"}, "pk": 187}, {"model": "chordcharts.note", "fields": {"key": 16, "distance_from_root": 5, "key_note": true, "name": "C"}, "pk": 188}, {"model": "chordcharts.note", "fields": {"key": 16, "distance_from_root": 6, "key_note": false, "name": "C#"}, "pk": 189}, {"model": "chordcharts.note", "fields": {"key": 16, "distance_from_root": 7, "key_note": true, "name": "D"}, "pk": 190}, {"model": "chordcharts.note", "fields": {"key": 16, "distance_from_root": 8, "key_note": true, "name": "E\u266d"}, "pk": 191}, {"model": "chordcharts.note", "fields": {"key": 16, "distance_from_root": 9, "key_note": false, "name": "E"}, "pk": 192}, {"model": "chordcharts.note", "fields": {"key": 16, "distance_from_root": 10, "key_note": true, "name": "F"}, "pk": 193}, {"model": "chordcharts.note", "fields": {"key": 16, "distance_from_root": 11, "key_note": false, "name": "F#"}, "pk": 194}, {"model": "chordcharts.chordtype", "fields": {"chord_output": "", "symbol": "M", "order": 0, "name": "Major"}, "pk": 1}, {"model": "chordcharts.chordtype", "fields": {"chord_output": "m", "symbol": "m", "order": 1, "name": "Minor"}, "pk": 2}, {"model": "chordcharts.chordtype", "fields": {"chord_output": "7", "symbol": "7", "order": 2, "name": "Seventh"}, "pk": 3}, {"model": "chordcharts.chordtype", "fields": {"chord_output": "\u25b37", "symbol": "\u25b37", "order": 3, "name": "Major Seventh"}, "pk": 4}, {"model": "chordcharts.chordtype", "fields": {"chord_output": "-7", "symbol": "-7", "order": 4, "name": "Minor Seventh"}, "pk": 5}, {"model": "chordcharts.chordtype", "fields": {"chord_output": "6", "symbol": "6", "order": 5, "name": "Sixth"}, "pk": 6}, {"model": "chordcharts.chordtype", "fields": {"chord_output": "-6", "symbol": "-6", "order": 7, "name": "Minor Sixth"}, "pk": 7}, {"model": "chordcharts.chordtype", "fields": {"chord_output": "6/9", "symbol": "6/9", "order": 8, "name": "Six Ninth"}, "pk": 8}, {"model": "chordcharts.chordtype", "fields": {"chord_output": "\u25b36", "symbol": "\u25b36", "order": 6, "name": "Major Sixth"}, "pk": 9}, {"model": "chordcharts.chordtype", "fields": {"chord_output": "\u00b0", "symbol": "\u00b0", "order": 11, "name": "Diminished"}, "pk": 10}, {"model": "chordcharts.chordtype", "fields": {"chord_output": "0\u0338 ", "symbol": "0\u0338 ", "order": 13, "name": "Half Diminished"}, "pk": 11}, {"model": "chordcharts.chordtype", "fields": {"chord_output": "-\u25b3", "symbol": "-\u25b3", "order": 20, "name": "Minor Major"}, "pk": 12}, {"model": "chordcharts.chordtype", "fields": {"chord_output": "7+5", "symbol": "7+5", "order": 12, "name": "Augmented Seventh"}, "pk": 13}, {"model": "chordcharts.chordtype", "fields": {"chord_output": "7#9", "symbol": "7#9", "order": 16, "name": "Seventh with Sharpened Ninth"}, "pk": 14}, {"model": "chordcharts.chordtype", "fields": {"chord_output": "7b9", "symbol": "7b9", "order": 17, "name": "Seventh with Flattened Ninth"}, "pk": 15}, {"model": "chordcharts.chordtype", "fields": {"chord_output": "7#5", "symbol": "7#5", "order": 14, "name": "Dominant Seventh with Sharpened Fifth"}, "pk": 16}, {"model": "chordcharts.chordtype", "fields": {"chord_output": "7b5", "symbol": "7b5", "order": 15, "name": "Dominant Seventh with Flattened Fifth"}, "pk": 17}, {"model": "chordcharts.chordtype", "fields": {"chord_output": "7#9#5", "symbol": "7#9#5", "order": 22, "name": "Seventh with Sharpened Ninth and Sharpened Fifth"}, "pk": 18}, {"model": "chordcharts.chordtype", "fields": {"chord_output": "7b9#5", "symbol": "7b9#5", "order": 21, "name": "Seventh with Flattened Ninth and Sharpened Fifth"}, "pk": 19}, {"model": "chordcharts.chordtype", "fields": {"chord_output": "13", "symbol": "13", "order": 19, "name": "Thirteenth"}, "pk": 20}, {"model": "chordcharts.chordtype", "fields": {"chord_output": "11", "symbol": "11", "order": 18, "name": "Eleventh"}, "pk": 21}, {"model": "chordcharts.chordtype", "fields": {"chord_output": "9", "symbol": "9", "order": 9, "name": "Dominant Ninth"}, "pk": 22}, {"model": "chordcharts.chordtype", "fields": {"chord_output": "-9", "symbol": "-9", "order": 10, "name": "Minor Ninth"}, "pk": 23}, {"model": "chordcharts.timesignature", "fields": {"beats": 4, "beat_unit": 4}, "pk": 1}, {"model": "chordcharts.timesignature", "fields": {"beats": 4, "beat_unit": 3}, "pk": 2}, {"model": "chordcharts.timesignature", "fields": {"beats": 6, "beat_unit": 8}, "pk": 3}, {"model": "chordcharts.timesignature", "fields": {"beats": 2, "beat_unit": 2}, "pk": 4}]