[{"fields": {"tonality": 1, "distance_from_c": 0, "tonic": "C", "slug": "c-major", "order": 1, "name": "C Major"}, "pk": 1, "model": "chordcharts.key"}, {"fields": {"tonality": 1, "distance_from_c": 5, "tonic": "F", "slug": "f-major", "order": 6, "name": "F Major"}, "pk": 2, "model": "chordcharts.key"}, {"fields": {"tonality": 1, "distance_from_c": 7, "tonic": "G", "slug": "g-major", "order": 8, "name": "G Major"}, "pk": 3, "model": "chordcharts.key"}, {"fields": {"tonality": 1, "distance_from_c": 9, "tonic": "A", "slug": "a-major", "order": 10, "name": "A Major"}, "pk": 4, "model": "chordcharts.key"}, {"fields": {"tonality": 1, "distance_from_c": 1, "tonic": "C#", "slug": "c-sharp-major", "order": 2, "name": "C# Major"}, "pk": 5, "model": "chordcharts.key"}, {"fields": {"tonality": 1, "distance_from_c": 10, "tonic": "B\u266d", "slug": "b-flat-major", "order": 11, "name": "B\u266d Major"}, "pk": 6, "model": "chordcharts.key"}, {"fields": {"tonality": 1, "distance_from_c": 2, "tonic": "D", "slug": "d-major", "order": 3, "name": "D Major"}, "pk": 7, "model": "chordcharts.key"}, {"fields": {"tonality": 1, "distance_from_c": 4, "tonic": "E", "slug": "e-major", "order": 5, "name": "E Major"}, "pk": 8, "model": "chordcharts.key"}, {"fields": {"tonality": 1, "distance_from_c": 11, "tonic": "B", "slug": "b-major", "order": 12, "name": "B Major"}, "pk": 9, "model": "chordcharts.key"}, {"fields": {"tonality": 2, "distance_from_c": 0, "tonic": "C", "slug": "c-minor", "order": 1, "name": "C Minor"}, "pk": 10, "model": "chordcharts.key"}, {"fields": {"tonality": 1, "distance_from_c": 3, "tonic": "E\u266d", "slug": "e-flat-major", "order": 4, "name": "E\u266d Major"}, "pk": 11, "model": "chordcharts.key"}, {"fields": {"tonality": 1, "distance_from_c": 6, "tonic": "F#", "slug": "f-sharp-major", "order": 7, "name": "F# Major"}, "pk": 12, "model": "chordcharts.key"}, {"fields": {"tonality": 1, "distance_from_c": 8, "tonic": "A\u266d", "slug": "a-flat-major", "order": 9, "name": "A\u266d Major"}, "pk": 13, "model": "chordcharts.key"}, {"fields": {"tonality": 2, "distance_from_c": 1, "tonic": "C#", "slug": "c-sharp-minor", "order": 2, "name": "C# Minor"}, "pk": 14, "model": "chordcharts.key"}, {"fields": {"tonality": 2, "distance_from_c": 2, "tonic": "D", "slug": "d-minor", "order": 3, "name": "D Minor"}, "pk": 15, "model": "chordcharts.key"}, {"fields": {"tonality": 2, "distance_from_c": 7, "tonic": "G", "slug": "g-minor", "order": 8, "name": "G Minor"}, "pk": 16, "model": "chordcharts.key"}, {"fields": {"key_note": true, "alt_name": "", "distance_from_root": 0, "key": 1, "name": "C"}, "pk": 2, "model": "chordcharts.note"}, {"fields": {"key_note": false, "alt_name": "D\u266d", "distance_from_root": 1, "key": 1, "name": "C#"}, "pk": 3, "model": "chordcharts.note"}, {"fields": {"key_note": true, "alt_name": "", "distance_from_root": 2, "key": 1, "name": "D"}, "pk": 4, "model": "chordcharts.note"}, {"fields": {"key_note": false, "alt_name": "D#", "distance_from_root": 3, "key": 1, "name": "E\u266d"}, "pk": 5, "model": "chordcharts.note"}, {"fields": {"key_note": true, "alt_name": "", "distance_from_root": 4, "key": 1, "name": "E"}, "pk": 6, "model": "chordcharts.note"}, {"fields": {"key_note": true, "alt_name": "", "distance_from_root": 5, "key": 1, "name": "F"}, "pk": 7, "model": "chordcharts.note"}, {"fields": {"key_note": false, "alt_name": "G\u266d", "distance_from_root": 6, "key": 1, "name": "F#"}, "pk": 8, "model": "chordcharts.note"}, {"fields": {"key_note": true, "alt_name": "", "distance_from_root": 0, "key": 2, "name": "F"}, "pk": 9, "model": "chordcharts.note"}, {"fields": {"key_note": false, "alt_name": "", "distance_from_root": 1, "key": 2, "name": "F#"}, "pk": 10, "model": "chordcharts.note"}, {"fields": {"key_note": true, "alt_name": "", "distance_from_root": 2, "key": 2, "name": "G"}, "pk": 11, "model": "chordcharts.note"}, {"fields": {"key_note": false, "alt_name": "", "distance_from_root": 3, "key": 2, "name": "A\u266d"}, "pk": 12, "model": "chordcharts.note"}, {"fields": {"key_note": true, "alt_name": "", "distance_from_root": 4, "key": 2, "name": "A"}, "pk": 13, "model": "chordcharts.note"}, {"fields": {"key_note": true, "alt_name": "", "distance_from_root": 5, "key": 2, "name": "B\u266d"}, "pk": 14, "model": "chordcharts.note"}, {"fields": {"key_note": false, "alt_name": "", "distance_from_root": 6, "key": 2, "name": "B"}, "pk": 15, "model": "chordcharts.note"}, {"fields": {"key_note": true, "alt_name": "", "distance_from_root": 7, "key": 1, "name": "G"}, "pk": 16, "model": "chordcharts.note"}, {"fields": {"key_note": false, "alt_name": "G#", "distance_from_root": 8, "key": 1, "name": "A\u266d"}, "pk": 17, "model": "chordcharts.note"}, {"fields": {"key_note": true, "alt_name": "", "distance_from_root": 9, "key": 1, "name": "A"}, "pk": 18, "model": "chordcharts.note"}, {"fields": {"key_note": false, "alt_name": "A#", "distance_from_root": 10, "key": 1, "name": "B\u266d"}, "pk": 19, "model": "chordcharts.note"}, {"fields": {"key_note": true, "alt_name": "", "distance_from_root": 11, "key": 1, "name": "B"}, "pk": 20, "model": "chordcharts.note"}, {"fields": {"key_note": true, "alt_name": "", "distance_from_root": 7, "key": 2, "name": "C"}, "pk": 21, "model": "chordcharts.note"}, {"fields": {"key_note": false, "alt_name": "", "distance_from_root": 8, "key": 2, "name": "C#"}, "pk": 22, "model": "chordcharts.note"}, {"fields": {"key_note": true, "alt_name": "", "distance_from_root": 9, "key": 2, "name": "D"}, "pk": 23, "model": "chordcharts.note"}, {"fields": {"key_note": false, "alt_name": "", "distance_from_root": 10, "key": 2, "name": "E\u266d"}, "pk": 24, "model": "chordcharts.note"}, {"fields": {"key_note": true, "alt_name": "", "distance_from_root": 11, "key": 2, "name": "E"}, "pk": 25, "model": "chordcharts.note"}, {"fields": {"key_note": true, "alt_name": "", "distance_from_root": 0, "key": 3, "name": "G"}, "pk": 26, "model": "chordcharts.note"}, {"fields": {"key_note": false, "alt_name": "", "distance_from_root": 1, "key": 3, "name": "A\u266d"}, "pk": 27, "model": "chordcharts.note"}, {"fields": {"key_note": true, "alt_name": "", "distance_from_root": 2, "key": 3, "name": "A"}, "pk": 28, "model": "chordcharts.note"}, {"fields": {"key_note": false, "alt_name": "", "distance_from_root": 3, "key": 3, "name": "B\u266d"}, "pk": 29, "model": "chordcharts.note"}, {"fields": {"key_note": true, "alt_name": "", "distance_from_root": 4, "key": 3, "name": "B"}, "pk": 30, "model": "chordcharts.note"}, {"fields": {"key_note": true, "alt_name": "", "distance_from_root": 5, "key": 3, "name": "C"}, "pk": 31, "model": "chordcharts.note"}, {"fields": {"key_note": false, "alt_name": "", "distance_from_root": 6, "key": 3, "name": "C#"}, "pk": 32, "model": "chordcharts.note"}, {"fields": {"key_note": true, "alt_name": "", "distance_from_root": 7, "key": 3, "name": "D"}, "pk": 33, "model": "chordcharts.note"}, {"fields": {"key_note": false, "alt_name": "", "distance_from_root": 8, "key": 3, "name": "E\u266d"}, "pk": 34, "model": "chordcharts.note"}, {"fields": {"key_note": true, "alt_name": "", "distance_from_root": 9, "key": 3, "name": "E"}, "pk": 35, "model": "chordcharts.note"}, {"fields": {"key_note": false, "alt_name": "", "distance_from_root": 10, "key": 3, "name": "F"}, "pk": 36, "model": "chordcharts.note"}, {"fields": {"key_note": true, "alt_name": "", "distance_from_root": 11, "key": 3, "name": "F#"}, "pk": 37, "model": "chordcharts.note"}, {"fields": {"key_note": true, "alt_name": "", "distance_from_root": 0, "key": 4, "name": "A"}, "pk": 38, "model": "chordcharts.note"}, {"fields": {"key_note": false, "alt_name": "", "distance_from_root": 1, "key": 4, "name": "B\u266d"}, "pk": 39, "model": "chordcharts.note"}, {"fields": {"key_note": true, "alt_name": "", "distance_from_root": 2, "key": 4, "name": "B"}, "pk": 40, "model": "chordcharts.note"}, {"fields": {"key_note": false, "alt_name": "", "distance_from_root": 3, "key": 4, "name": "C"}, "pk": 41, "model": "chordcharts.note"}, {"fields": {"key_note": true, "alt_name": "", "distance_from_root": 4, "key": 4, "name": "C#"}, "pk": 42, "model": "chordcharts.note"}, {"fields": {"key_note": true, "alt_name": "", "distance_from_root": 5, "key": 4, "name": "D"}, "pk": 43, "model": "chordcharts.note"}, {"fields": {"key_note": false, "alt_name": "", "distance_from_root": 6, "key": 4, "name": "E\u266d"}, "pk": 44, "model": "chordcharts.note"}, {"fields": {"key_note": true, "alt_name": "", "distance_from_root": 7, "key": 4, "name": "E"}, "pk": 45, "model": "chordcharts.note"}, {"fields": {"key_note": false, "alt_name": "", "distance_from_root": 8, "key": 4, "name": "F"}, "pk": 46, "model": "chordcharts.note"}, {"fields": {"key_note": true, "alt_name": "", "distance_from_root": 9, "key": 4, "name": "F#"}, "pk": 47, "model": "chordcharts.note"}, {"fields": {"key_note": false, "alt_name": "", "distance_from_root": 10, "key": 4, "name": "G"}, "pk": 48, "model": "chordcharts.note"}, {"fields": {"key_note": true, "alt_name": "", "distance_from_root": 11, "key": 4, "name": "G#"}, "pk": 49, "model": "chordcharts.note"}, {"fields": {"key_note": true, "alt_name": "", "distance_from_root": 0, "key": 5, "name": "C#"}, "pk": 50, "model": "chordcharts.note"}, {"fields": {"key_note": false, "alt_name": "", "distance_from_root": 1, "key": 5, "name": "D"}, "pk": 51, "model": "chordcharts.note"}, {"fields": {"key_note": true, "alt_name": "", "distance_from_root": 2, "key": 5, "name": "D#"}, "pk": 52, "model": "chordcharts.note"}, {"fields": {"key_note": false, "alt_name": "", "distance_from_root": 3, "key": 5, "name": "E"}, "pk": 53, "model": "chordcharts.note"}, {"fields": {"key_note": true, "alt_name": "", "distance_from_root": 4, "key": 5, "name": "E#"}, "pk": 54, "model": "chordcharts.note"}, {"fields": {"key_note": true, "alt_name": "", "distance_from_root": 5, "key": 5, "name": "F#"}, "pk": 56, "model": "chordcharts.note"}, {"fields": {"key_note": false, "alt_name": "", "distance_from_root": 6, "key": 5, "name": "G"}, "pk": 57, "model": "chordcharts.note"}, {"fields": {"key_note": true, "alt_name": "", "distance_from_root": 7, "key": 5, "name": "G#"}, "pk": 58, "model": "chordcharts.note"}, {"fields": {"key_note": false, "alt_name": "", "distance_from_root": 8, "key": 5, "name": "A"}, "pk": 59, "model": "chordcharts.note"}, {"fields": {"key_note": true, "alt_name": "", "distance_from_root": 9, "key": 5, "name": "A#"}, "pk": 60, "model": "chordcharts.note"}, {"fields": {"key_note": false, "alt_name": "", "distance_from_root": 10, "key": 5, "name": "B"}, "pk": 61, "model": "chordcharts.note"}, {"fields": {"key_note": true, "alt_name": "", "distance_from_root": 11, "key": 5, "name": "B#"}, "pk": 62, "model": "chordcharts.note"}, {"fields": {"key_note": true, "alt_name": "", "distance_from_root": 0, "key": 6, "name": "B\u266d"}, "pk": 63, "model": "chordcharts.note"}, {"fields": {"key_note": false, "alt_name": "", "distance_from_root": 1, "key": 6, "name": "B"}, "pk": 64, "model": "chordcharts.note"}, {"fields": {"key_note": true, "alt_name": "", "distance_from_root": 2, "key": 6, "name": "C"}, "pk": 65, "model": "chordcharts.note"}, {"fields": {"key_note": false, "alt_name": "", "distance_from_root": 3, "key": 6, "name": "C#"}, "pk": 66, "model": "chordcharts.note"}, {"fields": {"key_note": true, "alt_name": "", "distance_from_root": 4, "key": 6, "name": "D"}, "pk": 67, "model": "chordcharts.note"}, {"fields": {"key_note": true, "alt_name": "", "distance_from_root": 5, "key": 6, "name": "E\u266d"}, "pk": 68, "model": "chordcharts.note"}, {"fields": {"key_note": false, "alt_name": "", "distance_from_root": 6, "key": 6, "name": "E"}, "pk": 69, "model": "chordcharts.note"}, {"fields": {"key_note": true, "alt_name": "", "distance_from_root": 7, "key": 6, "name": "F"}, "pk": 70, "model": "chordcharts.note"}, {"fields": {"key_note": false, "alt_name": "", "distance_from_root": 8, "key": 6, "name": "F#"}, "pk": 71, "model": "chordcharts.note"}, {"fields": {"key_note": true, "alt_name": "", "distance_from_root": 9, "key": 6, "name": "G"}, "pk": 72, "model": "chordcharts.note"}, {"fields": {"key_note": false, "alt_name": "", "distance_from_root": 10, "key": 6, "name": "A\u266d"}, "pk": 73, "model": "chordcharts.note"}, {"fields": {"key_note": true, "alt_name": "", "distance_from_root": 11, "key": 6, "name": "A"}, "pk": 74, "model": "chordcharts.note"}, {"fields": {"key_note": true, "alt_name": "", "distance_from_root": 0, "key": 7, "name": "D"}, "pk": 75, "model": "chordcharts.note"}, {"fields": {"key_note": false, "alt_name": "", "distance_from_root": 1, "key": 7, "name": "E\u266d"}, "pk": 76, "model": "chordcharts.note"}, {"fields": {"key_note": true, "alt_name": "", "distance_from_root": 2, "key": 7, "name": "E"}, "pk": 77, "model": "chordcharts.note"}, {"fields": {"key_note": false, "alt_name": "", "distance_from_root": 3, "key": 7, "name": "F"}, "pk": 78, "model": "chordcharts.note"}, {"fields": {"key_note": true, "alt_name": "", "distance_from_root": 4, "key": 7, "name": "F#"}, "pk": 79, "model": "chordcharts.note"}, {"fields": {"key_note": true, "alt_name": "", "distance_from_root": 5, "key": 7, "name": "G"}, "pk": 80, "model": "chordcharts.note"}, {"fields": {"key_note": false, "alt_name": "", "distance_from_root": 6, "key": 7, "name": "A\u266d"}, "pk": 81, "model": "chordcharts.note"}, {"fields": {"key_note": true, "alt_name": "", "distance_from_root": 7, "key": 7, "name": "A"}, "pk": 82, "model": "chordcharts.note"}, {"fields": {"key_note": false, "alt_name": "", "distance_from_root": 8, "key": 7, "name": "B\u266d"}, "pk": 83, "model": "chordcharts.note"}, {"fields": {"key_note": true, "alt_name": "", "distance_from_root": 9, "key": 7, "name": "B"}, "pk": 84, "model": "chordcharts.note"}, {"fields": {"key_note": false, "alt_name": "", "distance_from_root": 10, "key": 7, "name": "C"}, "pk": 85, "model": "chordcharts.note"}, {"fields": {"key_note": true, "alt_name": "", "distance_from_root": 11, "key": 7, "name": "C#"}, "pk": 86, "model": "chordcharts.note"}, {"fields": {"key_note": true, "alt_name": "", "distance_from_root": 0, "key": 8, "name": "E"}, "pk": 87, "model": "chordcharts.note"}, {"fields": {"key_note": false, "alt_name": "", "distance_from_root": 1, "key": 8, "name": "F"}, "pk": 88, "model": "chordcharts.note"}, {"fields": {"key_note": true, "alt_name": "", "distance_from_root": 2, "key": 8, "name": "F#"}, "pk": 89, "model": "chordcharts.note"}, {"fields": {"key_note": false, "alt_name": "", "distance_from_root": 3, "key": 8, "name": "G"}, "pk": 90, "model": "chordcharts.note"}, {"fields": {"key_note": true, "alt_name": "", "distance_from_root": 4, "key": 8, "name": "A\u266d"}, "pk": 91, "model": "chordcharts.note"}, {"fields": {"key_note": true, "alt_name": "", "distance_from_root": 5, "key": 8, "name": "A"}, "pk": 92, "model": "chordcharts.note"}, {"fields": {"key_note": false, "alt_name": "", "distance_from_root": 6, "key": 8, "name": "B\u266d"}, "pk": 93, "model": "chordcharts.note"}, {"fields": {"key_note": true, "alt_name": "", "distance_from_root": 7, "key": 8, "name": "B"}, "pk": 94, "model": "chordcharts.note"}, {"fields": {"key_note": false, "alt_name": "", "distance_from_root": 8, "key": 8, "name": "C"}, "pk": 95, "model": "chordcharts.note"}, {"fields": {"key_note": true, "alt_name": "", "distance_from_root": 9, "key": 8, "name": "C#"}, "pk": 96, "model": "chordcharts.note"}, {"fields": {"key_note": true, "alt_name": "", "distance_from_root": 10, "key": 8, "name": "D"}, "pk": 97, "model": "chordcharts.note"}, {"fields": {"key_note": true, "alt_name": "", "distance_from_root": 11, "key": 8, "name": "E\u266d"}, "pk": 98, "model": "chordcharts.note"}, {"fields": {"key_note": true, "alt_name": "", "distance_from_root": 0, "key": 11, "name": "E\u266d"}, "pk": 99, "model": "chordcharts.note"}, {"fields": {"key_note": false, "alt_name": "", "distance_from_root": 1, "key": 11, "name": "E"}, "pk": 100, "model": "chordcharts.note"}, {"fields": {"key_note": true, "alt_name": "", "distance_from_root": 2, "key": 11, "name": "F"}, "pk": 101, "model": "chordcharts.note"}, {"fields": {"key_note": false, "alt_name": "", "distance_from_root": 3, "key": 11, "name": "F#"}, "pk": 102, "model": "chordcharts.note"}, {"fields": {"key_note": true, "alt_name": "", "distance_from_root": 4, "key": 11, "name": "G"}, "pk": 103, "model": "chordcharts.note"}, {"fields": {"key_note": true, "alt_name": "", "distance_from_root": 5, "key": 11, "name": "A\u266d"}, "pk": 104, "model": "chordcharts.note"}, {"fields": {"key_note": false, "alt_name": "", "distance_from_root": 6, "key": 11, "name": "A"}, "pk": 105, "model": "chordcharts.note"}, {"fields": {"key_note": true, "alt_name": "", "distance_from_root": 7, "key": 11, "name": "B\u266d"}, "pk": 106, "model": "chordcharts.note"}, {"fields": {"key_note": false, "alt_name": "", "distance_from_root": 8, "key": 11, "name": "B"}, "pk": 107, "model": "chordcharts.note"}, {"fields": {"key_note": true, "alt_name": "", "distance_from_root": 9, "key": 11, "name": "C"}, "pk": 108, "model": "chordcharts.note"}, {"fields": {"key_note": false, "alt_name": "", "distance_from_root": 10, "key": 11, "name": "C#"}, "pk": 109, "model": "chordcharts.note"}, {"fields": {"key_note": true, "alt_name": "", "distance_from_root": 11, "key": 11, "name": "D"}, "pk": 110, "model": "chordcharts.note"}, {"fields": {"key_note": true, "alt_name": "", "distance_from_root": 0, "key": 12, "name": "F#"}, "pk": 111, "model": "chordcharts.note"}, {"fields": {"key_note": false, "alt_name": "", "distance_from_root": 1, "key": 12, "name": "G"}, "pk": 112, "model": "chordcharts.note"}, {"fields": {"key_note": true, "alt_name": "", "distance_from_root": 2, "key": 12, "name": "G#"}, "pk": 113, "model": "chordcharts.note"}, {"fields": {"key_note": false, "alt_name": "", "distance_from_root": 3, "key": 12, "name": "A"}, "pk": 114, "model": "chordcharts.note"}, {"fields": {"key_note": true, "alt_name": "", "distance_from_root": 4, "key": 12, "name": "A#"}, "pk": 115, "model": "chordcharts.note"}, {"fields": {"key_note": true, "alt_name": "", "distance_from_root": 5, "key": 12, "name": "B"}, "pk": 116, "model": "chordcharts.note"}, {"fields": {"key_note": false, "alt_name": "", "distance_from_root": 6, "key": 12, "name": "C"}, "pk": 117, "model": "chordcharts.note"}, {"fields": {"key_note": true, "alt_name": "", "distance_from_root": 7, "key": 12, "name": "C#"}, "pk": 118, "model": "chordcharts.note"}, {"fields": {"key_note": false, "alt_name": "", "distance_from_root": 8, "key": 12, "name": "D"}, "pk": 119, "model": "chordcharts.note"}, {"fields": {"key_note": true, "alt_name": "", "distance_from_root": 9, "key": 12, "name": "D#"}, "pk": 120, "model": "chordcharts.note"}, {"fields": {"key_note": false, "alt_name": "", "distance_from_root": 10, "key": 12, "name": "E"}, "pk": 121, "model": "chordcharts.note"}, {"fields": {"key_note": true, "alt_name": "", "distance_from_root": 11, "key": 12, "name": "E#"}, "pk": 122, "model": "chordcharts.note"}, {"fields": {"key_note": true, "alt_name": "", "distance_from_root": 0, "key": 13, "name": "A\u266d"}, "pk": 123, "model": "chordcharts.note"}, {"fields": {"key_note": false, "alt_name": "", "distance_from_root": 1, "key": 13, "name": "A"}, "pk": 124, "model": "chordcharts.note"}, {"fields": {"key_note": true, "alt_name": "", "distance_from_root": 2, "key": 13, "name": "B\u266d"}, "pk": 125, "model": "chordcharts.note"}, {"fields": {"key_note": false, "alt_name": "", "distance_from_root": 3, "key": 13, "name": "B"}, "pk": 126, "model": "chordcharts.note"}, {"fields": {"key_note": true, "alt_name": "", "distance_from_root": 4, "key": 13, "name": "C"}, "pk": 127, "model": "chordcharts.note"}, {"fields": {"key_note": true, "alt_name": "", "distance_from_root": 5, "key": 13, "name": "D\u266d"}, "pk": 128, "model": "chordcharts.note"}, {"fields": {"key_note": false, "alt_name": "", "distance_from_root": 6, "key": 13, "name": "D"}, "pk": 129, "model": "chordcharts.note"}, {"fields": {"key_note": true, "alt_name": "", "distance_from_root": 7, "key": 13, "name": "E\u266d"}, "pk": 130, "model": "chordcharts.note"}, {"fields": {"key_note": false, "alt_name": "", "distance_from_root": 8, "key": 13, "name": "E"}, "pk": 131, "model": "chordcharts.note"}, {"fields": {"key_note": true, "alt_name": "", "distance_from_root": 9, "key": 13, "name": "F"}, "pk": 132, "model": "chordcharts.note"}, {"fields": {"key_note": false, "alt_name": "", "distance_from_root": 10, "key": 13, "name": "F#"}, "pk": 133, "model": "chordcharts.note"}, {"fields": {"key_note": true, "alt_name": "", "distance_from_root": 11, "key": 13, "name": "G"}, "pk": 134, "model": "chordcharts.note"}, {"fields": {"key_note": true, "alt_name": "", "distance_from_root": 0, "key": 9, "name": "B"}, "pk": 135, "model": "chordcharts.note"}, {"fields": {"key_note": false, "alt_name": "", "distance_from_root": 1, "key": 9, "name": "C"}, "pk": 136, "model": "chordcharts.note"}, {"fields": {"key_note": true, "alt_name": "", "distance_from_root": 2, "key": 9, "name": "C#"}, "pk": 137, "model": "chordcharts.note"}, {"fields": {"key_note": false, "alt_name": "", "distance_from_root": 3, "key": 9, "name": "D"}, "pk": 138, "model": "chordcharts.note"}, {"fields": {"key_note": true, "alt_name": "", "distance_from_root": 4, "key": 9, "name": "D#"}, "pk": 139, "model": "chordcharts.note"}, {"fields": {"key_note": true, "alt_name": "", "distance_from_root": 5, "key": 9, "name": "E"}, "pk": 140, "model": "chordcharts.note"}, {"fields": {"key_note": false, "alt_name": "", "distance_from_root": 6, "key": 9, "name": "F"}, "pk": 141, "model": "chordcharts.note"}, {"fields": {"key_note": true, "alt_name": "", "distance_from_root": 7, "key": 9, "name": "F#"}, "pk": 142, "model": "chordcharts.note"}, {"fields": {"key_note": false, "alt_name": "", "distance_from_root": 8, "key": 9, "name": "G"}, "pk": 143, "model": "chordcharts.note"}, {"fields": {"key_note": true, "alt_name": "", "distance_from_root": 9, "key": 9, "name": "G#"}, "pk": 144, "model": "chordcharts.note"}, {"fields": {"key_note": false, "alt_name": "", "distance_from_root": 10, "key": 9, "name": "A"}, "pk": 145, "model": "chordcharts.note"}, {"fields": {"key_note": true, "alt_name": "", "distance_from_root": 11, "key": 9, "name": "A#"}, "pk": 146, "model": "chordcharts.note"}, {"fields": {"key_note": true, "alt_name": "", "distance_from_root": 0, "key": 10, "name": "C"}, "pk": 147, "model": "chordcharts.note"}, {"fields": {"key_note": false, "alt_name": "", "distance_from_root": 1, "key": 10, "name": "C#"}, "pk": 148, "model": "chordcharts.note"}, {"fields": {"key_note": true, "alt_name": "", "distance_from_root": 2, "key": 10, "name": "D"}, "pk": 149, "model": "chordcharts.note"}, {"fields": {"key_note": true, "alt_name": "", "distance_from_root": 3, "key": 10, "name": "E\u266d"}, "pk": 150, "model": "chordcharts.note"}, {"fields": {"key_note": false, "alt_name": "", "distance_from_root": 4, "key": 10, "name": "E"}, "pk": 151, "model": "chordcharts.note"}, {"fields": {"key_note": true, "alt_name": "", "distance_from_root": 5, "key": 10, "name": "F"}, "pk": 152, "model": "chordcharts.note"}, {"fields": {"key_note": false, "alt_name": "", "distance_from_root": 6, "key": 10, "name": "F#"}, "pk": 153, "model": "chordcharts.note"}, {"fields": {"key_note": true, "alt_name": "", "distance_from_root": 7, "key": 10, "name": "G"}, "pk": 154, "model": "chordcharts.note"}, {"fields": {"key_note": true, "alt_name": "", "distance_from_root": 8, "key": 10, "name": "A\u266d"}, "pk": 155, "model": "chordcharts.note"}, {"fields": {"key_note": false, "alt_name": "", "distance_from_root": 9, "key": 10, "name": "A"}, "pk": 156, "model": "chordcharts.note"}, {"fields": {"key_note": true, "alt_name": "", "distance_from_root": 10, "key": 10, "name": "B\u266d"}, "pk": 157, "model": "chordcharts.note"}, {"fields": {"key_note": false, "alt_name": "", "distance_from_root": 11, "key": 10, "name": "B"}, "pk": 158, "model": "chordcharts.note"}, {"fields": {"key_note": true, "alt_name": "", "distance_from_root": 0, "key": 14, "name": "C#"}, "pk": 159, "model": "chordcharts.note"}, {"fields": {"key_note": false, "alt_name": "", "distance_from_root": 1, "key": 14, "name": "D"}, "pk": 160, "model": "chordcharts.note"}, {"fields": {"key_note": true, "alt_name": "", "distance_from_root": 2, "key": 14, "name": "D#"}, "pk": 161, "model": "chordcharts.note"}, {"fields": {"key_note": true, "alt_name": "", "distance_from_root": 3, "key": 14, "name": "E"}, "pk": 162, "model": "chordcharts.note"}, {"fields": {"key_note": false, "alt_name": "", "distance_from_root": 4, "key": 14, "name": "F"}, "pk": 163, "model": "chordcharts.note"}, {"fields": {"key_note": true, "alt_name": "", "distance_from_root": 5, "key": 14, "name": "F#"}, "pk": 164, "model": "chordcharts.note"}, {"fields": {"key_note": false, "alt_name": "", "distance_from_root": 6, "key": 14, "name": "G"}, "pk": 165, "model": "chordcharts.note"}, {"fields": {"key_note": true, "alt_name": "", "distance_from_root": 7, "key": 14, "name": "G#"}, "pk": 166, "model": "chordcharts.note"}, {"fields": {"key_note": true, "alt_name": "", "distance_from_root": 8, "key": 14, "name": "A"}, "pk": 167, "model": "chordcharts.note"}, {"fields": {"key_note": false, "alt_name": "", "distance_from_root": 9, "key": 14, "name": "B\u266d"}, "pk": 168, "model": "chordcharts.note"}, {"fields": {"key_note": true, "alt_name": "", "distance_from_root": 10, "key": 14, "name": "B"}, "pk": 169, "model": "chordcharts.note"}, {"fields": {"key_note": false, "alt_name": "", "distance_from_root": 11, "key": 14, "name": "C"}, "pk": 170, "model": "chordcharts.note"}, {"fields": {"key_note": true, "alt_name": "", "distance_from_root": 0, "key": 15, "name": "D"}, "pk": 171, "model": "chordcharts.note"}, {"fields": {"key_note": false, "alt_name": "", "distance_from_root": 1, "key": 15, "name": "D#"}, "pk": 172, "model": "chordcharts.note"}, {"fields": {"key_note": true, "alt_name": "", "distance_from_root": 2, "key": 15, "name": "E"}, "pk": 173, "model": "chordcharts.note"}, {"fields": {"key_note": true, "alt_name": "", "distance_from_root": 3, "key": 15, "name": "F"}, "pk": 174, "model": "chordcharts.note"}, {"fields": {"key_note": false, "alt_name": "", "distance_from_root": 4, "key": 15, "name": "F#"}, "pk": 175, "model": "chordcharts.note"}, {"fields": {"key_note": true, "alt_name": "", "distance_from_root": 5, "key": 15, "name": "G"}, "pk": 176, "model": "chordcharts.note"}, {"fields": {"key_note": false, "alt_name": "", "distance_from_root": 6, "key": 15, "name": "A\u266d"}, "pk": 177, "model": "chordcharts.note"}, {"fields": {"key_note": true, "alt_name": "", "distance_from_root": 7, "key": 15, "name": "A"}, "pk": 178, "model": "chordcharts.note"}, {"fields": {"key_note": true, "alt_name": "", "distance_from_root": 8, "key": 15, "name": "B\u266d"}, "pk": 179, "model": "chordcharts.note"}, {"fields": {"key_note": false, "alt_name": "", "distance_from_root": 9, "key": 15, "name": "B"}, "pk": 180, "model": "chordcharts.note"}, {"fields": {"key_note": true, "alt_name": "", "distance_from_root": 10, "key": 15, "name": "C"}, "pk": 181, "model": "chordcharts.note"}, {"fields": {"key_note": false, "alt_name": "", "distance_from_root": 11, "key": 15, "name": "C#"}, "pk": 182, "model": "chordcharts.note"}, {"fields": {"key_note": true, "alt_name": "", "distance_from_root": 0, "key": 16, "name": "G"}, "pk": 183, "model": "chordcharts.note"}, {"fields": {"key_note": false, "alt_name": "", "distance_from_root": 1, "key": 16, "name": "G#"}, "pk": 184, "model": "chordcharts.note"}, {"fields": {"key_note": true, "alt_name": "", "distance_from_root": 2, "key": 16, "name": "A"}, "pk": 185, "model": "chordcharts.note"}, {"fields": {"key_note": true, "alt_name": "", "distance_from_root": 3, "key": 16, "name": "B\u266d"}, "pk": 186, "model": "chordcharts.note"}, {"fields": {"key_note": false, "alt_name": "", "distance_from_root": 4, "key": 16, "name": "B"}, "pk": 187, "model": "chordcharts.note"}, {"fields": {"key_note": true, "alt_name": "", "distance_from_root": 5, "key": 16, "name": "C"}, "pk": 188, "model": "chordcharts.note"}, {"fields": {"key_note": false, "alt_name": "", "distance_from_root": 6, "key": 16, "name": "C#"}, "pk": 189, "model": "chordcharts.note"}, {"fields": {"key_note": true, "alt_name": "", "distance_from_root": 7, "key": 16, "name": "D"}, "pk": 190, "model": "chordcharts.note"}, {"fields": {"key_note": true, "alt_name": "", "distance_from_root": 8, "key": 16, "name": "E\u266d"}, "pk": 191, "model": "chordcharts.note"}, {"fields": {"key_note": false, "alt_name": "", "distance_from_root": 9, "key": 16, "name": "E"}, "pk": 192, "model": "chordcharts.note"}, {"fields": {"key_note": true, "alt_name": "", "distance_from_root": 10, "key": 16, "name": "F"}, "pk": 193, "model": "chordcharts.note"}, {"fields": {"key_note": false, "alt_name": "", "distance_from_root": 11, "key": 16, "name": "F#"}, "pk": 194, "model": "chordcharts.note"}, {"fields": {"symbol": "M", "chord_output": "", "order": 0, "name": "Major"}, "pk": 1, "model": "chordcharts.chordtype"}, {"fields": {"symbol": "m", "chord_output": "m", "order": 1, "name": "Minor"}, "pk": 2, "model": "chordcharts.chordtype"}, {"fields": {"symbol": "7", "chord_output": "7", "order": 2, "name": "Seventh"}, "pk": 3, "model": "chordcharts.chordtype"}, {"fields": {"symbol": "\u25b37", "chord_output": "\u25b37", "order": 3, "name": "Major Seventh"}, "pk": 4, "model": "chordcharts.chordtype"}, {"fields": {"symbol": "-7", "chord_output": "-7", "order": 4, "name": "Minor Seventh"}, "pk": 5, "model": "chordcharts.chordtype"}, {"fields": {"symbol": "6", "chord_output": "6", "order": 5, "name": "Sixth"}, "pk": 6, "model": "chordcharts.chordtype"}, {"fields": {"symbol": "-6", "chord_output": "-6", "order": 7, "name": "Minor Sixth"}, "pk": 7, "model": "chordcharts.chordtype"}, {"fields": {"symbol": "6/9", "chord_output": "6/9", "order": 8, "name": "Six Ninth"}, "pk": 8, "model": "chordcharts.chordtype"}, {"fields": {"symbol": "\u25b36", "chord_output": "\u25b36", "order": 6, "name": "Major Sixth"}, "pk": 9, "model": "chordcharts.chordtype"}, {"fields": {"symbol": "\u00b0", "chord_output": "\u00b0", "order": 11, "name": "Diminished"}, "pk": 10, "model": "chordcharts.chordtype"}, {"fields": {"symbol": "0\u0338 ", "chord_output": "0\u0338 ", "order": 13, "name": "Half Diminished"}, "pk": 11, "model": "chordcharts.chordtype"}, {"fields": {"symbol": "-\u25b3", "chord_output": "-\u25b3", "order": 20, "name": "Minor Major"}, "pk": 12, "model": "chordcharts.chordtype"}, {"fields": {"symbol": "7+5", "chord_output": "7+5", "order": 12, "name": "Augmented Seventh"}, "pk": 13, "model": "chordcharts.chordtype"}, {"fields": {"symbol": "7#9", "chord_output": "7#9", "order": 16, "name": "Seventh with Sharpened Ninth"}, "pk": 14, "model": "chordcharts.chordtype"}, {"fields": {"symbol": "7b9", "chord_output": "7b9", "order": 17, "name": "Seventh with Flattened Ninth"}, "pk": 15, "model": "chordcharts.chordtype"}, {"fields": {"symbol": "7#5", "chord_output": "7#5", "order": 14, "name": "Dominant Seventh with Sharpened Fifth"}, "pk": 16, "model": "chordcharts.chordtype"}, {"fields": {"symbol": "7b5", "chord_output": "7b5", "order": 15, "name": "Dominant Seventh with Flattened Fifth"}, "pk": 17, "model": "chordcharts.chordtype"}, {"fields": {"symbol": "7#9#5", "chord_output": "7#9#5", "order": 22, "name": "Seventh with Sharpened Ninth and Sharpened Fifth"}, "pk": 18, "model": "chordcharts.chordtype"}, {"fields": {"symbol": "7b9#5", "chord_output": "7b9#5", "order": 21, "name": "Seventh with Flattened Ninth and Sharpened Fifth"}, "pk": 19, "model": "chordcharts.chordtype"}, {"fields": {"symbol": "13", "chord_output": "13", "order": 19, "name": "Thirteenth"}, "pk": 20, "model": "chordcharts.chordtype"}, {"fields": {"symbol": "11", "chord_output": "11", "order": 18, "name": "Eleventh"}, "pk": 21, "model": "chordcharts.chordtype"}, {"fields": {"symbol": "9", "chord_output": "9", "order": 9, "name": "Dominant Ninth"}, "pk": 22, "model": "chordcharts.chordtype"}, {"fields": {"symbol": "-9", "chord_output": "-9", "order": 10, "name": "Minor Ninth"}, "pk": 23, "model": "chordcharts.chordtype"}, {"fields": {"beat_unit": 4, "beats": 4}, "pk": 1, "model": "chordcharts.timesignature"}, {"fields": {"beat_unit": 3, "beats": 4}, "pk": 2, "model": "chordcharts.timesignature"}, {"fields": {"beat_unit": 8, "beats": 6}, "pk": 3, "model": "chordcharts.timesignature"}, {"fields": {"beat_unit": 2, "beats": 2}, "pk": 4, "model": "chordcharts.timesignature"}]