[{"model": "chordcharts.key", "fields": {"tonic": "C", "distance_from_c": 0, "name": "C Major", "slug": "c-major", "tonality": 1, "order": 1}, "pk": 1}, {"model": "chordcharts.key", "fields": {"tonic": "F", "distance_from_c": 5, "name": "F Major", "slug": "f-major", "tonality": 1, "order": 6}, "pk": 2}, {"model": "chordcharts.key", "fields": {"tonic": "G", "distance_from_c": 7, "name": "G Major", "slug": "g-major", "tonality": 1, "order": 8}, "pk": 3}, {"model": "chordcharts.key", "fields": {"tonic": "A", "distance_from_c": 9, "name": "A Major", "slug": "a-major", "tonality": 1, "order": 10}, "pk": 4}, {"model": "chordcharts.key", "fields": {"tonic": "C#", "distance_from_c": 1, "name": "C# Major", "slug": "c-sharp-major", "tonality": 1, "order": 2}, "pk": 5}, {"model": "chordcharts.key", "fields": {"tonic": "B\u266d", "distance_from_c": 10, "name": "B\u266d Major", "slug": "b-flat-major", "tonality": 1, "order": 11}, "pk": 6}, {"model": "chordcharts.key", "fields": {"tonic": "D", "distance_from_c": 2, "name": "D Major", "slug": "d-major", "tonality": 1, "order": 3}, "pk": 7}, {"model": "chordcharts.key", "fields": {"tonic": "E", "distance_from_c": 4, "name": "E Major", "slug": "e-major", "tonality": 1, "order": 5}, "pk": 8}, {"model": "chordcharts.key", "fields": {"tonic": "B", "distance_from_c": 11, "name": "B Major", "slug": "b-major", "tonality": 1, "order": 12}, "pk": 9}, {"model": "chordcharts.key", "fields": {"tonic": "C", "distance_from_c": 0, "name": "C Minor", "slug": "c-minor", "tonality": 2, "order": 1}, "pk": 10}, {"model": "chordcharts.key", "fields": {"tonic": "E\u266d", "distance_from_c": 3, "name": "E\u266d Major", "slug": "e-flat-major", "tonality": 1, "order": 4}, "pk": 11}, {"model": "chordcharts.key", "fields": {"tonic": "F#", "distance_from_c": 6, "name": "F# Major", "slug": "f-sharp-major", "tonality": 1, "order": 7}, "pk": 12}, {"model": "chordcharts.key", "fields": {"tonic": "A\u266d", "distance_from_c": 8, "name": "A\u266d Major", "slug": "a-flat-major", "tonality": 1, "order": 9}, "pk": 13}, {"model": "chordcharts.key", "fields": {"tonic": "C#", "distance_from_c": 1, "name": "C# Minor", "slug": "c-sharp-minor", "tonality": 2, "order": 2}, "pk": 14}, {"model": "chordcharts.key", "fields": {"tonic": "D", "distance_from_c": 2, "name": "D Minor", "slug": "d-minor", "tonality": 2, "order": 3}, "pk": 15}, {"model": "chordcharts.key", "fields": {"tonic": "G", "distance_from_c": 7, "name": "G Minor", "slug": "g-minor", "tonality": 2, "order": 8}, "pk": 16}, {"model": "chordcharts.note", "fields": {"key_note": true, "name": "C", "distance_from_root": 0, "key": 1, "alt_name": ""}, "pk": 2}, {"model": "chordcharts.note", "fields": {"key_note": false, "name": "C#", "distance_from_root": 1, "key": 1, "alt_name": "D\u266d"}, "pk": 3}, {"model": "chordcharts.note", "fields": {"key_note": true, "name": "D", "distance_from_root": 2, "key": 1, "alt_name": ""}, "pk": 4}, {"model": "chordcharts.note", "fields": {"key_note": false, "name": "E\u266d", "distance_from_root": 3, "key": 1, "alt_name": "D#"}, "pk": 5}, {"model": "chordcharts.note", "fields": {"key_note": true, "name": "E", "distance_from_root": 4, "key": 1, "alt_name": ""}, "pk": 6}, {"model": "chordcharts.note", "fields": {"key_note": true, "name": "F", "distance_from_root": 5, "key": 1, "alt_name": ""}, "pk": 7}, {"model": "chordcharts.note", "fields": {"key_note": false, "name": "F#", "distance_from_root": 6, "key": 1, "alt_name": "G\u266d"}, "pk": 8}, {"model": "chordcharts.note", "fields": {"key_note": true, "name": "F", "distance_from_root": 0, "key": 2, "alt_name": ""}, "pk": 9}, {"model": "chordcharts.note", "fields": {"key_note": false, "name": "F#", "distance_from_root": 1, "key": 2, "alt_name": ""}, "pk": 10}, {"model": "chordcharts.note", "fields": {"key_note": true, "name": "G", "distance_from_root": 2, "key": 2, "alt_name": ""}, "pk": 11}, {"model": "chordcharts.note", "fields": {"key_note": false, "name": "A\u266d", "distance_from_root": 3, "key": 2, "alt_name": ""}, "pk": 12}, {"model": "chordcharts.note", "fields": {"key_note": true, "name": "A", "distance_from_root": 4, "key": 2, "alt_name": ""}, "pk": 13}, {"model": "chordcharts.note", "fields": {"key_note": true, "name": "B\u266d", "distance_from_root": 5, "key": 2, "alt_name": ""}, "pk": 14}, {"model": "chordcharts.note", "fields": {"key_note": false, "name": "B", "distance_from_root": 6, "key": 2, "alt_name": ""}, "pk": 15}, {"model": "chordcharts.note", "fields": {"key_note": true, "name": "G", "distance_from_root": 7, "key": 1, "alt_name": ""}, "pk": 16}, {"model": "chordcharts.note", "fields": {"key_note": false, "name": "A\u266d", "distance_from_root": 8, "key": 1, "alt_name": "G#"}, "pk": 17}, {"model": "chordcharts.note", "fields": {"key_note": true, "name": "A", "distance_from_root": 9, "key": 1, "alt_name": ""}, "pk": 18}, {"model": "chordcharts.note", "fields": {"key_note": false, "name": "B\u266d", "distance_from_root": 10, "key": 1, "alt_name": "A#"}, "pk": 19}, {"model": "chordcharts.note", "fields": {"key_note": true, "name": "B", "distance_from_root": 11, "key": 1, "alt_name": ""}, "pk": 20}, {"model": "chordcharts.note", "fields": {"key_note": true, "name": "C", "distance_from_root": 7, "key": 2, "alt_name": ""}, "pk": 21}, {"model": "chordcharts.note", "fields": {"key_note": false, "name": "C#", "distance_from_root": 8, "key": 2, "alt_name": ""}, "pk": 22}, {"model": "chordcharts.note", "fields": {"key_note": true, "name": "D", "distance_from_root": 9, "key": 2, "alt_name": ""}, "pk": 23}, {"model": "chordcharts.note", "fields": {"key_note": false, "name": "E\u266d", "distance_from_root": 10, "key": 2, "alt_name": ""}, "pk": 24}, {"model": "chordcharts.note", "fields": {"key_note": true, "name": "E", "distance_from_root": 11, "key": 2, "alt_name": ""}, "pk": 25}, {"model": "chordcharts.note", "fields": {"key_note": true, "name": "G", "distance_from_root": 0, "key": 3, "alt_name": ""}, "pk": 26}, {"model": "chordcharts.note", "fields": {"key_note": false, "name": "A\u266d", "distance_from_root": 1, "key": 3, "alt_name": ""}, "pk": 27}, {"model": "chordcharts.note", "fields": {"key_note": true, "name": "A", "distance_from_root": 2, "key": 3, "alt_name": ""}, "pk": 28}, {"model": "chordcharts.note", "fields": {"key_note": false, "name": "B\u266d", "distance_from_root": 3, "key": 3, "alt_name": ""}, "pk": 29}, {"model": "chordcharts.note", "fields": {"key_note": true, "name": "B", "distance_from_root": 4, "key": 3, "alt_name": ""}, "pk": 30}, {"model": "chordcharts.note", "fields": {"key_note": true, "name": "C", "distance_from_root": 5, "key": 3, "alt_name": ""}, "pk": 31}, {"model": "chordcharts.note", "fields": {"key_note": false, "name": "C#", "distance_from_root": 6, "key": 3, "alt_name": ""}, "pk": 32}, {"model": "chordcharts.note", "fields": {"key_note": true, "name": "D", "distance_from_root": 7, "key": 3, "alt_name": ""}, "pk": 33}, {"model": "chordcharts.note", "fields": {"key_note": false, "name": "E\u266d", "distance_from_root": 8, "key": 3, "alt_name": ""}, "pk": 34}, {"model": "chordcharts.note", "fields": {"key_note": true, "name": "E", "distance_from_root": 9, "key": 3, "alt_name": ""}, "pk": 35}, {"model": "chordcharts.note", "fields": {"key_note": false, "name": "F", "distance_from_root": 10, "key": 3, "alt_name": ""}, "pk": 36}, {"model": "chordcharts.note", "fields": {"key_note": true, "name": "F#", "distance_from_root": 11, "key": 3, "alt_name": ""}, "pk": 37}, {"model": "chordcharts.note", "fields": {"key_note": true, "name": "A", "distance_from_root": 0, "key": 4, "alt_name": ""}, "pk": 38}, {"model": "chordcharts.note", "fields": {"key_note": false, "name": "B\u266d", "distance_from_root": 1, "key": 4, "alt_name": ""}, "pk": 39}, {"model": "chordcharts.note", "fields": {"key_note": true, "name": "B", "distance_from_root": 2, "key": 4, "alt_name": ""}, "pk": 40}, {"model": "chordcharts.note", "fields": {"key_note": false, "name": "C", "distance_from_root": 3, "key": 4, "alt_name": ""}, "pk": 41}, {"model": "chordcharts.note", "fields": {"key_note": true, "name": "C#", "distance_from_root": 4, "key": 4, "alt_name": ""}, "pk": 42}, {"model": "chordcharts.note", "fields": {"key_note": true, "name": "D", "distance_from_root": 5, "key": 4, "alt_name": ""}, "pk": 43}, {"model": "chordcharts.note", "fields": {"key_note": false, "name": "E\u266d", "distance_from_root": 6, "key": 4, "alt_name": ""}, "pk": 44}, {"model": "chordcharts.note", "fields": {"key_note": true, "name": "E", "distance_from_root": 7, "key": 4, "alt_name": ""}, "pk": 45}, {"model": "chordcharts.note", "fields": {"key_note": false, "name": "F", "distance_from_root": 8, "key": 4, "alt_name": ""}, "pk": 46}, {"model": "chordcharts.note", "fields": {"key_note": true, "name": "F#", "distance_from_root": 9, "key": 4, "alt_name": ""}, "pk": 47}, {"model": "chordcharts.note", "fields": {"key_note": false, "name": "G", "distance_from_root": 10, "key": 4, "alt_name": ""}, "pk": 48}, {"model": "chordcharts.note", "fields": {"key_note": true, "name": "G#", "distance_from_root": 11, "key": 4, "alt_name": ""}, "pk": 49}, {"model": "chordcharts.note", "fields": {"key_note": true, "name": "C#", "distance_from_root": 0, "key": 5, "alt_name": ""}, "pk": 50}, {"model": "chordcharts.note", "fields": {"key_note": false, "name": "D", "distance_from_root": 1, "key": 5, "alt_name": ""}, "pk": 51}, {"model": "chordcharts.note", "fields": {"key_note": true, "name": "D#", "distance_from_root": 2, "key": 5, "alt_name": ""}, "pk": 52}, {"model": "chordcharts.note", "fields": {"key_note": false, "name": "E", "distance_from_root": 3, "key": 5, "alt_name": ""}, "pk": 53}, {"model": "chordcharts.note", "fields": {"key_note": true, "name": "E#", "distance_from_root": 4, "key": 5, "alt_name": ""}, "pk": 54}, {"model": "chordcharts.note", "fields": {"key_note": true, "name": "F#", "distance_from_root": 5, "key": 5, "alt_name": ""}, "pk": 56}, {"model": "chordcharts.note", "fields": {"key_note": false, "name": "G", "distance_from_root": 6, "key": 5, "alt_name": ""}, "pk": 57}, {"model": "chordcharts.note", "fields": {"key_note": true, "name": "G#", "distance_from_root": 7, "key": 5, "alt_name": ""}, "pk": 58}, {"model": "chordcharts.note", "fields": {"key_note": false, "name": "A", "distance_from_root": 8, "key": 5, "alt_name": ""}, "pk": 59}, {"model": "chordcharts.note", "fields": {"key_note": true, "name": "A#", "distance_from_root": 9, "key": 5, "alt_name": ""}, "pk": 60}, {"model": "chordcharts.note", "fields": {"key_note": false, "name": "B", "distance_from_root": 10, "key": 5, "alt_name": ""}, "pk": 61}, {"model": "chordcharts.note", "fields": {"key_note": true, "name": "B#", "distance_from_root": 11, "key": 5, "alt_name": ""}, "pk": 62}, {"model": "chordcharts.note", "fields": {"key_note": true, "name": "B\u266d", "distance_from_root": 0, "key": 6, "alt_name": ""}, "pk": 63}, {"model": "chordcharts.note", "fields": {"key_note": false, "name": "B", "distance_from_root": 1, "key": 6, "alt_name": ""}, "pk": 64}, {"model": "chordcharts.note", "fields": {"key_note": true, "name": "C", "distance_from_root": 2, "key": 6, "alt_name": ""}, "pk": 65}, {"model": "chordcharts.note", "fields": {"key_note": false, "name": "C#", "distance_from_root": 3, "key": 6, "alt_name": ""}, "pk": 66}, {"model": "chordcharts.note", "fields": {"key_note": true, "name": "D", "distance_from_root": 4, "key": 6, "alt_name": ""}, "pk": 67}, {"model": "chordcharts.note", "fields": {"key_note": true, "name": "E\u266d", "distance_from_root": 5, "key": 6, "alt_name": ""}, "pk": 68}, {"model": "chordcharts.note", "fields": {"key_note": false, "name": "E", "distance_from_root": 6, "key": 6, "alt_name": ""}, "pk": 69}, {"model": "chordcharts.note", "fields": {"key_note": true, "name": "F", "distance_from_root": 7, "key": 6, "alt_name": ""}, "pk": 70}, {"model": "chordcharts.note", "fields": {"key_note": false, "name": "F#", "distance_from_root": 8, "key": 6, "alt_name": ""}, "pk": 71}, {"model": "chordcharts.note", "fields": {"key_note": true, "name": "G", "distance_from_root": 9, "key": 6, "alt_name": ""}, "pk": 72}, {"model": "chordcharts.note", "fields": {"key_note": false, "name": "A\u266d", "distance_from_root": 10, "key": 6, "alt_name": ""}, "pk": 73}, {"model": "chordcharts.note", "fields": {"key_note": true, "name": "A", "distance_from_root": 11, "key": 6, "alt_name": ""}, "pk": 74}, {"model": "chordcharts.note", "fields": {"key_note": true, "name": "D", "distance_from_root": 0, "key": 7, "alt_name": ""}, "pk": 75}, {"model": "chordcharts.note", "fields": {"key_note": false, "name": "E\u266d", "distance_from_root": 1, "key": 7, "alt_name": ""}, "pk": 76}, {"model": "chordcharts.note", "fields": {"key_note": true, "name": "E", "distance_from_root": 2, "key": 7, "alt_name": ""}, "pk": 77}, {"model": "chordcharts.note", "fields": {"key_note": false, "name": "F", "distance_from_root": 3, "key": 7, "alt_name": ""}, "pk": 78}, {"model": "chordcharts.note", "fields": {"key_note": true, "name": "F#", "distance_from_root": 4, "key": 7, "alt_name": ""}, "pk": 79}, {"model": "chordcharts.note", "fields": {"key_note": true, "name": "G", "distance_from_root": 5, "key": 7, "alt_name": ""}, "pk": 80}, {"model": "chordcharts.note", "fields": {"key_note": false, "name": "A\u266d", "distance_from_root": 6, "key": 7, "alt_name": ""}, "pk": 81}, {"model": "chordcharts.note", "fields": {"key_note": true, "name": "A", "distance_from_root": 7, "key": 7, "alt_name": ""}, "pk": 82}, {"model": "chordcharts.note", "fields": {"key_note": false, "name": "B\u266d", "distance_from_root": 8, "key": 7, "alt_name": ""}, "pk": 83}, {"model": "chordcharts.note", "fields": {"key_note": true, "name": "B", "distance_from_root": 9, "key": 7, "alt_name": ""}, "pk": 84}, {"model": "chordcharts.note", "fields": {"key_note": false, "name": "C", "distance_from_root": 10, "key": 7, "alt_name": ""}, "pk": 85}, {"model": "chordcharts.note", "fields": {"key_note": true, "name": "C#", "distance_from_root": 11, "key": 7, "alt_name": ""}, "pk": 86}, {"model": "chordcharts.note", "fields": {"key_note": true, "name": "E", "distance_from_root": 0, "key": 8, "alt_name": ""}, "pk": 87}, {"model": "chordcharts.note", "fields": {"key_note": false, "name": "F", "distance_from_root": 1, "key": 8, "alt_name": ""}, "pk": 88}, {"model": "chordcharts.note", "fields": {"key_note": true, "name": "F#", "distance_from_root": 2, "key": 8, "alt_name": ""}, "pk": 89}, {"model": "chordcharts.note", "fields": {"key_note": false, "name": "G", "distance_from_root": 3, "key": 8, "alt_name": ""}, "pk": 90}, {"model": "chordcharts.note", "fields": {"key_note": true, "name": "A\u266d", "distance_from_root": 4, "key": 8, "alt_name": ""}, "pk": 91}, {"model": "chordcharts.note", "fields": {"key_note": true, "name": "A", "distance_from_root": 5, "key": 8, "alt_name": ""}, "pk": 92}, {"model": "chordcharts.note", "fields": {"key_note": false, "name": "B\u266d", "distance_from_root": 6, "key": 8, "alt_name": ""}, "pk": 93}, {"model": "chordcharts.note", "fields": {"key_note": true, "name": "B", "distance_from_root": 7, "key": 8, "alt_name": ""}, "pk": 94}, {"model": "chordcharts.note", "fields": {"key_note": false, "name": "C", "distance_from_root": 8, "key": 8, "alt_name": ""}, "pk": 95}, {"model": "chordcharts.note", "fields": {"key_note": true, "name": "C#", "distance_from_root": 9, "key": 8, "alt_name": ""}, "pk": 96}, {"model": "chordcharts.note", "fields": {"key_note": true, "name": "D", "distance_from_root": 10, "key": 8, "alt_name": ""}, "pk": 97}, {"model": "chordcharts.note", "fields": {"key_note": true, "name": "E\u266d", "distance_from_root": 11, "key": 8, "alt_name": ""}, "pk": 98}, {"model": "chordcharts.note", "fields": {"key_note": true, "name": "E\u266d", "distance_from_root": 0, "key": 11, "alt_name": ""}, "pk": 99}, {"model": "chordcharts.note", "fields": {"key_note": false, "name": "E", "distance_from_root": 1, "key": 11, "alt_name": ""}, "pk": 100}, {"model": "chordcharts.note", "fields": {"key_note": true, "name": "F", "distance_from_root": 2, "key": 11, "alt_name": ""}, "pk": 101}, {"model": "chordcharts.note", "fields": {"key_note": false, "name": "F#", "distance_from_root": 3, "key": 11, "alt_name": ""}, "pk": 102}, {"model": "chordcharts.note", "fields": {"key_note": true, "name": "G", "distance_from_root": 4, "key": 11, "alt_name": ""}, "pk": 103}, {"model": "chordcharts.note", "fields": {"key_note": true, "name": "A\u266d", "distance_from_root": 5, "key": 11, "alt_name": ""}, "pk": 104}, {"model": "chordcharts.note", "fields": {"key_note": false, "name": "A", "distance_from_root": 6, "key": 11, "alt_name": ""}, "pk": 105}, {"model": "chordcharts.note", "fields": {"key_note": true, "name": "B\u266d", "distance_from_root": 7, "key": 11, "alt_name": ""}, "pk": 106}, {"model": "chordcharts.note", "fields": {"key_note": false, "name": "B", "distance_from_root": 8, "key": 11, "alt_name": ""}, "pk": 107}, {"model": "chordcharts.note", "fields": {"key_note": true, "name": "C", "distance_from_root": 9, "key": 11, "alt_name": ""}, "pk": 108}, {"model": "chordcharts.note", "fields": {"key_note": false, "name": "C#", "distance_from_root": 10, "key": 11, "alt_name": ""}, "pk": 109}, {"model": "chordcharts.note", "fields": {"key_note": true, "name": "D", "distance_from_root": 11, "key": 11, "alt_name": ""}, "pk": 110}, {"model": "chordcharts.note", "fields": {"key_note": true, "name": "F#", "distance_from_root": 0, "key": 12, "alt_name": ""}, "pk": 111}, {"model": "chordcharts.note", "fields": {"key_note": false, "name": "G", "distance_from_root": 1, "key": 12, "alt_name": ""}, "pk": 112}, {"model": "chordcharts.note", "fields": {"key_note": true, "name": "G#", "distance_from_root": 2, "key": 12, "alt_name": ""}, "pk": 113}, {"model": "chordcharts.note", "fields": {"key_note": false, "name": "A", "distance_from_root": 3, "key": 12, "alt_name": ""}, "pk": 114}, {"model": "chordcharts.note", "fields": {"key_note": true, "name": "A#", "distance_from_root": 4, "key": 12, "alt_name": ""}, "pk": 115}, {"model": "chordcharts.note", "fields": {"key_note": true, "name": "B", "distance_from_root": 5, "key": 12, "alt_name": ""}, "pk": 116}, {"model": "chordcharts.note", "fields": {"key_note": false, "name": "C", "distance_from_root": 6, "key": 12, "alt_name": ""}, "pk": 117}, {"model": "chordcharts.note", "fields": {"key_note": true, "name": "C#", "distance_from_root": 7, "key": 12, "alt_name": ""}, "pk": 118}, {"model": "chordcharts.note", "fields": {"key_note": false, "name": "D", "distance_from_root": 8, "key": 12, "alt_name": ""}, "pk": 119}, {"model": "chordcharts.note", "fields": {"key_note": true, "name": "D#", "distance_from_root": 9, "key": 12, "alt_name": ""}, "pk": 120}, {"model": "chordcharts.note", "fields": {"key_note": false, "name": "E", "distance_from_root": 10, "key": 12, "alt_name": ""}, "pk": 121}, {"model": "chordcharts.note", "fields": {"key_note": true, "name": "E#", "distance_from_root": 11, "key": 12, "alt_name": ""}, "pk": 122}, {"model": "chordcharts.note", "fields": {"key_note": true, "name": "A\u266d", "distance_from_root": 0, "key": 13, "alt_name": ""}, "pk": 123}, {"model": "chordcharts.note", "fields": {"key_note": false, "name": "A", "distance_from_root": 1, "key": 13, "alt_name": ""}, "pk": 124}, {"model": "chordcharts.note", "fields": {"key_note": true, "name": "B\u266d", "distance_from_root": 2, "key": 13, "alt_name": ""}, "pk": 125}, {"model": "chordcharts.note", "fields": {"key_note": false, "name": "B", "distance_from_root": 3, "key": 13, "alt_name": ""}, "pk": 126}, {"model": "chordcharts.note", "fields": {"key_note": true, "name": "C", "distance_from_root": 4, "key": 13, "alt_name": ""}, "pk": 127}, {"model": "chordcharts.note", "fields": {"key_note": true, "name": "D\u266d", "distance_from_root": 5, "key": 13, "alt_name": ""}, "pk": 128}, {"model": "chordcharts.note", "fields": {"key_note": false, "name": "D", "distance_from_root": 6, "key": 13, "alt_name": ""}, "pk": 129}, {"model": "chordcharts.note", "fields": {"key_note": true, "name": "E\u266d", "distance_from_root": 7, "key": 13, "alt_name": ""}, "pk": 130}, {"model": "chordcharts.note", "fields": {"key_note": false, "name": "E", "distance_from_root": 8, "key": 13, "alt_name": ""}, "pk": 131}, {"model": "chordcharts.note", "fields": {"key_note": true, "name": "F", "distance_from_root": 9, "key": 13, "alt_name": ""}, "pk": 132}, {"model": "chordcharts.note", "fields": {"key_note": false, "name": "F#", "distance_from_root": 10, "key": 13, "alt_name": ""}, "pk": 133}, {"model": "chordcharts.note", "fields": {"key_note": true, "name": "G", "distance_from_root": 11, "key": 13, "alt_name": ""}, "pk": 134}, {"model": "chordcharts.note", "fields": {"key_note": true, "name": "B", "distance_from_root": 0, "key": 9, "alt_name": ""}, "pk": 135}, {"model": "chordcharts.note", "fields": {"key_note": false, "name": "C", "distance_from_root": 1, "key": 9, "alt_name": ""}, "pk": 136}, {"model": "chordcharts.note", "fields": {"key_note": true, "name": "C#", "distance_from_root": 2, "key": 9, "alt_name": ""}, "pk": 137}, {"model": "chordcharts.note", "fields": {"key_note": false, "name": "D", "distance_from_root": 3, "key": 9, "alt_name": ""}, "pk": 138}, {"model": "chordcharts.note", "fields": {"key_note": true, "name": "D#", "distance_from_root": 4, "key": 9, "alt_name": ""}, "pk": 139}, {"model": "chordcharts.note", "fields": {"key_note": true, "name": "E", "distance_from_root": 5, "key": 9, "alt_name": ""}, "pk": 140}, {"model": "chordcharts.note", "fields": {"key_note": false, "name": "F", "distance_from_root": 6, "key": 9, "alt_name": ""}, "pk": 141}, {"model": "chordcharts.note", "fields": {"key_note": true, "name": "F#", "distance_from_root": 7, "key": 9, "alt_name": ""}, "pk": 142}, {"model": "chordcharts.note", "fields": {"key_note": false, "name": "G", "distance_from_root": 8, "key": 9, "alt_name": ""}, "pk": 143}, {"model": "chordcharts.note", "fields": {"key_note": true, "name": "G#", "distance_from_root": 9, "key": 9, "alt_name": ""}, "pk": 144}, {"model": "chordcharts.note", "fields": {"key_note": false, "name": "A", "distance_from_root": 10, "key": 9, "alt_name": ""}, "pk": 145}, {"model": "chordcharts.note", "fields": {"key_note": true, "name": "A#", "distance_from_root": 11, "key": 9, "alt_name": ""}, "pk": 146}, {"model": "chordcharts.note", "fields": {"key_note": true, "name": "C", "distance_from_root": 0, "key": 10, "alt_name": ""}, "pk": 147}, {"model": "chordcharts.note", "fields": {"key_note": false, "name": "C#", "distance_from_root": 1, "key": 10, "alt_name": ""}, "pk": 148}, {"model": "chordcharts.note", "fields": {"key_note": true, "name": "D", "distance_from_root": 2, "key": 10, "alt_name": ""}, "pk": 149}, {"model": "chordcharts.note", "fields": {"key_note": true, "name": "E\u266d", "distance_from_root": 3, "key": 10, "alt_name": ""}, "pk": 150}, {"model": "chordcharts.note", "fields": {"key_note": false, "name": "E", "distance_from_root": 4, "key": 10, "alt_name": ""}, "pk": 151}, {"model": "chordcharts.note", "fields": {"key_note": true, "name": "F", "distance_from_root": 5, "key": 10, "alt_name": ""}, "pk": 152}, {"model": "chordcharts.note", "fields": {"key_note": false, "name": "F#", "distance_from_root": 6, "key": 10, "alt_name": ""}, "pk": 153}, {"model": "chordcharts.note", "fields": {"key_note": true, "name": "G", "distance_from_root": 7, "key": 10, "alt_name": ""}, "pk": 154}, {"model": "chordcharts.note", "fields": {"key_note": true, "name": "A\u266d", "distance_from_root": 8, "key": 10, "alt_name": ""}, "pk": 155}, {"model": "chordcharts.note", "fields": {"key_note": false, "name": "A", "distance_from_root": 9, "key": 10, "alt_name": ""}, "pk": 156}, {"model": "chordcharts.note", "fields": {"key_note": true, "name": "B\u266d", "distance_from_root": 10, "key": 10, "alt_name": ""}, "pk": 157}, {"model": "chordcharts.note", "fields": {"key_note": false, "name": "B", "distance_from_root": 11, "key": 10, "alt_name": ""}, "pk": 158}, {"model": "chordcharts.note", "fields": {"key_note": true, "name": "C#", "distance_from_root": 0, "key": 14, "alt_name": ""}, "pk": 159}, {"model": "chordcharts.note", "fields": {"key_note": false, "name": "D", "distance_from_root": 1, "key": 14, "alt_name": ""}, "pk": 160}, {"model": "chordcharts.note", "fields": {"key_note": true, "name": "D#", "distance_from_root": 2, "key": 14, "alt_name": ""}, "pk": 161}, {"model": "chordcharts.note", "fields": {"key_note": true, "name": "E", "distance_from_root": 3, "key": 14, "alt_name": ""}, "pk": 162}, {"model": "chordcharts.note", "fields": {"key_note": false, "name": "F", "distance_from_root": 4, "key": 14, "alt_name": ""}, "pk": 163}, {"model": "chordcharts.note", "fields": {"key_note": true, "name": "F#", "distance_from_root": 5, "key": 14, "alt_name": ""}, "pk": 164}, {"model": "chordcharts.note", "fields": {"key_note": false, "name": "G", "distance_from_root": 6, "key": 14, "alt_name": ""}, "pk": 165}, {"model": "chordcharts.note", "fields": {"key_note": true, "name": "G#", "distance_from_root": 7, "key": 14, "alt_name": ""}, "pk": 166}, {"model": "chordcharts.note", "fields": {"key_note": true, "name": "A", "distance_from_root": 8, "key": 14, "alt_name": ""}, "pk": 167}, {"model": "chordcharts.note", "fields": {"key_note": false, "name": "B\u266d", "distance_from_root": 9, "key": 14, "alt_name": ""}, "pk": 168}, {"model": "chordcharts.note", "fields": {"key_note": true, "name": "B", "distance_from_root": 10, "key": 14, "alt_name": ""}, "pk": 169}, {"model": "chordcharts.note", "fields": {"key_note": false, "name": "C", "distance_from_root": 11, "key": 14, "alt_name": ""}, "pk": 170}, {"model": "chordcharts.note", "fields": {"key_note": true, "name": "D", "distance_from_root": 0, "key": 15, "alt_name": ""}, "pk": 171}, {"model": "chordcharts.note", "fields": {"key_note": false, "name": "D#", "distance_from_root": 1, "key": 15, "alt_name": ""}, "pk": 172}, {"model": "chordcharts.note", "fields": {"key_note": true, "name": "E", "distance_from_root": 2, "key": 15, "alt_name": ""}, "pk": 173}, {"model": "chordcharts.note", "fields": {"key_note": true, "name": "F", "distance_from_root": 3, "key": 15, "alt_name": ""}, "pk": 174}, {"model": "chordcharts.note", "fields": {"key_note": false, "name": "F#", "distance_from_root": 4, "key": 15, "alt_name": ""}, "pk": 175}, {"model": "chordcharts.note", "fields": {"key_note": true, "name": "G", "distance_from_root": 5, "key": 15, "alt_name": ""}, "pk": 176}, {"model": "chordcharts.note", "fields": {"key_note": false, "name": "A\u266d", "distance_from_root": 6, "key": 15, "alt_name": ""}, "pk": 177}, {"model": "chordcharts.note", "fields": {"key_note": true, "name": "A", "distance_from_root": 7, "key": 15, "alt_name": ""}, "pk": 178}, {"model": "chordcharts.note", "fields": {"key_note": true, "name": "B\u266d", "distance_from_root": 8, "key": 15, "alt_name": ""}, "pk": 179}, {"model": "chordcharts.note", "fields": {"key_note": false, "name": "B", "distance_from_root": 9, "key": 15, "alt_name": ""}, "pk": 180}, {"model": "chordcharts.note", "fields": {"key_note": true, "name": "C", "distance_from_root": 10, "key": 15, "alt_name": ""}, "pk": 181}, {"model": "chordcharts.note", "fields": {"key_note": false, "name": "C#", "distance_from_root": 11, "key": 15, "alt_name": ""}, "pk": 182}, {"model": "chordcharts.note", "fields": {"key_note": true, "name": "G", "distance_from_root": 0, "key": 16, "alt_name": ""}, "pk": 183}, {"model": "chordcharts.note", "fields": {"key_note": false, "name": "G#", "distance_from_root": 1, "key": 16, "alt_name": ""}, "pk": 184}, {"model": "chordcharts.note", "fields": {"key_note": true, "name": "A", "distance_from_root": 2, "key": 16, "alt_name": ""}, "pk": 185}, {"model": "chordcharts.note", "fields": {"key_note": true, "name": "B\u266d", "distance_from_root": 3, "key": 16, "alt_name": ""}, "pk": 186}, {"model": "chordcharts.note", "fields": {"key_note": false, "name": "B", "distance_from_root": 4, "key": 16, "alt_name": ""}, "pk": 187}, {"model": "chordcharts.note", "fields": {"key_note": true, "name": "C", "distance_from_root": 5, "key": 16, "alt_name": ""}, "pk": 188}, {"model": "chordcharts.note", "fields": {"key_note": false, "name": "C#", "distance_from_root": 6, "key": 16, "alt_name": ""}, "pk": 189}, {"model": "chordcharts.note", "fields": {"key_note": true, "name": "D", "distance_from_root": 7, "key": 16, "alt_name": ""}, "pk": 190}, {"model": "chordcharts.note", "fields": {"key_note": true, "name": "E\u266d", "distance_from_root": 8, "key": 16, "alt_name": ""}, "pk": 191}, {"model": "chordcharts.note", "fields": {"key_note": false, "name": "E", "distance_from_root": 9, "key": 16, "alt_name": ""}, "pk": 192}, {"model": "chordcharts.note", "fields": {"key_note": true, "name": "F", "distance_from_root": 10, "key": 16, "alt_name": ""}, "pk": 193}, {"model": "chordcharts.note", "fields": {"key_note": false, "name": "F#", "distance_from_root": 11, "key": 16, "alt_name": ""}, "pk": 194}, {"model": "chordcharts.chordtype", "fields": {"symbol": "M", "name": "Major", "chord_output": "", "order": 0}, "pk": 1}, {"model": "chordcharts.chordtype", "fields": {"symbol": "m", "name": "Minor", "chord_output": "m", "order": 1}, "pk": 2}, {"model": "chordcharts.chordtype", "fields": {"symbol": "7", "name": "Seventh", "chord_output": "7", "order": 2}, "pk": 3}, {"model": "chordcharts.chordtype", "fields": {"symbol": "\u25b37", "name": "Major Seventh", "chord_output": "\u25b37", "order": 3}, "pk": 4}, {"model": "chordcharts.chordtype", "fields": {"symbol": "-7", "name": "Minor Seventh", "chord_output": "-7", "order": 4}, "pk": 5}, {"model": "chordcharts.chordtype", "fields": {"symbol": "6", "name": "Sixth", "chord_output": "6", "order": 5}, "pk": 6}, {"model": "chordcharts.chordtype", "fields": {"symbol": "-6", "name": "Minor Sixth", "chord_output": "-6", "order": 7}, "pk": 7}, {"model": "chordcharts.chordtype", "fields": {"symbol": "6/9", "name": "Six Ninth", "chord_output": "6/9", "order": 8}, "pk": 8}, {"model": "chordcharts.chordtype", "fields": {"symbol": "\u25b36", "name": "Major Sixth", "chord_output": "\u25b36", "order": 6}, "pk": 9}, {"model": "chordcharts.chordtype", "fields": {"symbol": "\u00b0", "name": "Diminished", "chord_output": "\u00b0", "order": 11}, "pk": 10}, {"model": "chordcharts.chordtype", "fields": {"symbol": "0\u0338 ", "name": "Half Diminished", "chord_output": "0\u0338 ", "order": 13}, "pk": 11}, {"model": "chordcharts.chordtype", "fields": {"symbol": "-\u25b3", "name": "Minor Major", "chord_output": "-\u25b3", "order": 20}, "pk": 12}, {"model": "chordcharts.chordtype", "fields": {"symbol": "7+5", "name": "Augmented Seventh", "chord_output": "7+5", "order": 12}, "pk": 13}, {"model": "chordcharts.chordtype", "fields": {"symbol": "7#9", "name": "Seventh with Sharpened Ninth", "chord_output": "7#9", "order": 16}, "pk": 14}, {"model": "chordcharts.chordtype", "fields": {"symbol": "7b9", "name": "Seventh with Flattened Ninth", "chord_output": "7b9", "order": 17}, "pk": 15}, {"model": "chordcharts.chordtype", "fields": {"symbol": "7#5", "name": "Dominant Seventh with Sharpened Fifth", "chord_output": "7#5", "order": 14}, "pk": 16}, {"model": "chordcharts.chordtype", "fields": {"symbol": "7b5", "name": "Dominant Seventh with Flattened Fifth", "chord_output": "7b5", "order": 15}, "pk": 17}, {"model": "chordcharts.chordtype", "fields": {"symbol": "7#9#5", "name": "Seventh with Sharpened Ninth and Sharpened Fifth", "chord_output": "7#9#5", "order": 22}, "pk": 18}, {"model": "chordcharts.chordtype", "fields": {"symbol": "7b9#5", "name": "Seventh with Flattened Ninth and Sharpened Fifth", "chord_output": "7b9#5", "order": 21}, "pk": 19}, {"model": "chordcharts.chordtype", "fields": {"symbol": "13", "name": "Thirteenth", "chord_output": "13", "order": 19}, "pk": 20}, {"model": "chordcharts.chordtype", "fields": {"symbol": "11", "name": "Eleventh", "chord_output": "11", "order": 18}, "pk": 21}, {"model": "chordcharts.chordtype", "fields": {"symbol": "9", "name": "Dominant Ninth", "chord_output": "9", "order": 9}, "pk": 22}, {"model": "chordcharts.chordtype", "fields": {"symbol": "-9", "name": "Minor Ninth", "chord_output": "-9", "order": 10}, "pk": 23}, {"model": "chordcharts.timesignature", "fields": {"beat_unit": 4, "beats": 4}, "pk": 1}, {"model": "chordcharts.timesignature", "fields": {"beat_unit": 3, "beats": 4}, "pk": 2}, {"model": "chordcharts.timesignature", "fields": {"beat_unit": 8, "beats": 6}, "pk": 3}, {"model": "chordcharts.timesignature", "fields": {"beat_unit": 2, "beats": 2}, "pk": 4}]