[{"pk": 1, "fields": {"name": "permission", "model": "permission", "app_label": "auth"}, "model": "contenttypes.contenttype"}, {"pk": 2, "fields": {"name": "group", "model": "group", "app_label": "auth"}, "model": "contenttypes.contenttype"}, {"pk": 3, "fields": {"name": "user", "model": "user", "app_label": "auth"}, "model": "contenttypes.contenttype"}, {"pk": 4, "fields": {"name": "content type", "model": "contenttype", "app_label": "contenttypes"}, "model": "contenttypes.contenttype"}, {"pk": 5, "fields": {"name": "session", "model": "session", "app_label": "sessions"}, "model": "contenttypes.contenttype"}, {"pk": 6, "fields": {"name": "site", "model": "site", "app_label": "sites"}, "model": "contenttypes.contenttype"}, {"pk": 7, "fields": {"name": "log entry", "model": "logentry", "app_label": "admin"}, "model": "contenttypes.contenttype"}, {"pk": 8, "fields": {"name": "migration history", "model": "migrationhistory", "app_label": "south"}, "model": "contenttypes.contenttype"}, {"pk": 9, "fields": {"name": "song", "model": "song", "app_label": "songs"}, "model": "contenttypes.contenttype"}, {"pk": 10, "fields": {"name": "key", "model": "key", "app_label": "chordcharts"}, "model": "contenttypes.contenttype"}, {"pk": 11, "fields": {"name": "note", "model": "note", "app_label": "chordcharts"}, "model": "contenttypes.contenttype"}, {"pk": 12, "fields": {"name": "chord type", "model": "chordtype", "app_label": "chordcharts"}, "model": "contenttypes.contenttype"}, {"pk": 13, "fields": {"name": "chart", "model": "chart", "app_label": "chordcharts"}, "model": "contenttypes.contenttype"}, {"pk": 14, "fields": {"name": "section", "model": "section", "app_label": "chordcharts"}, "model": "contenttypes.contenttype"}, {"pk": 15, "fields": {"name": "line", "model": "line", "app_label": "chordcharts"}, "model": "contenttypes.contenttype"}, {"pk": 16, "fields": {"name": "measure", "model": "measure", "app_label": "chordcharts"}, "model": "contenttypes.contenttype"}, {"pk": 17, "fields": {"name": "chord", "model": "chord", "app_label": "chordcharts"}, "model": "contenttypes.contenttype"}, {"pk": 18, "fields": {"name": "time signature", "model": "timesignature", "app_label": "chordcharts"}, "model": "contenttypes.contenttype"}, {"pk": 19, "fields": {"name": "subsection", "model": "subsection", "app_label": "chordcharts"}, "model": "contenttypes.contenttype"}, {"pk": "0199ptmg9aezj68ef88woc6p51rqmllo", "fields": {"expire_date": "2014-05-28T16:38:45.937Z", "session_data": "NDkxNmMzNjZjNDc5OTQzNTg0N2YyZWQxMjNiOGY5MWY2OGQ5N2EyYzp7fQ=="}, "model": "sessions.session"}, {"pk": "0w36w7jyuxrb5ey5q0ig9wz08ec2gp3o", "fields": {"expire_date": "2014-05-26T07:04:26.726Z", "session_data": "MTdiMjgxYjUyNDU2ZTEwMjU5ZTA4ZjBlOWJhMDIwNDZkMzNkYTRlMDp7Il9hdXRoX3VzZXJfaGFzaCI6ImI1MDgwZjU0ZmU5OTlhZWJiYjM3ZDE3Y2I3ZTQyNTVhOWUxMGQ3MmEiLCJfYXV0aF91c2VyX2JhY2tlbmQiOiJkamFuZ28uY29udHJpYi5hdXRoLmJhY2tlbmRzLk1vZGVsQmFja2VuZCIsIl9hdXRoX3VzZXJfaWQiOjF9"}, "model": "sessions.session"}, {"pk": "2aartvjvpnya1cyyagykqyj9zbewl9i6", "fields": {"expire_date": "2014-09-01T14:41:56.999Z", "session_data": "OTA0ODMzYzA5ZTRlNTIwOGUwYmM3MDlmNWVjZDBjZWE0ODUxYzZhMDp7Il9hdXRoX3VzZXJfaWQiOjEsIl9hdXRoX3VzZXJfYmFja2VuZCI6ImRqYW5nby5jb250cmliLmF1dGguYmFja2VuZHMuTW9kZWxCYWNrZW5kIiwiX2F1dGhfdXNlcl9oYXNoIjoiNGQ0ODM4ZWE4MjM2ODM0YzVmZGI2MzNlNzQxZGFkYzgzMmRiYzRkNSJ9"}, "model": "sessions.session"}, {"pk": "2dq9z6c555d0f2eppt6zyy44db90dz3a", "fields": {"expire_date": "2014-07-09T11:01:28.699Z", "session_data": "MTdiMjgxYjUyNDU2ZTEwMjU5ZTA4ZjBlOWJhMDIwNDZkMzNkYTRlMDp7Il9hdXRoX3VzZXJfaGFzaCI6ImI1MDgwZjU0ZmU5OTlhZWJiYjM3ZDE3Y2I3ZTQyNTVhOWUxMGQ3MmEiLCJfYXV0aF91c2VyX2JhY2tlbmQiOiJkamFuZ28uY29udHJpYi5hdXRoLmJhY2tlbmRzLk1vZGVsQmFja2VuZCIsIl9hdXRoX3VzZXJfaWQiOjF9"}, "model": "sessions.session"}, {"pk": "2qahwe4r36xh6eungqaj45jr04pq2hcb", "fields": {"expire_date": "2013-08-23T14:38:22.068Z", "session_data": "ZTY0NzE4M2ZmNmE2ZDUwZThhZjQ3NThjZGE2OGE4ZDNlYzQ2N2Q4MzqAAn1xAShVEl9hdXRoX3VzZXJfYmFja2VuZHECVSlkamFuZ28uY29udHJpYi5hdXRoLmJhY2tlbmRzLk1vZGVsQmFja2VuZHEDVQ1fYXV0aF91c2VyX2lkcQRLAXUu"}, "model": "sessions.session"}, {"pk": "3szln8yzvonx80tiaz9td9wepbya43xh", "fields": {"expire_date": "2014-05-21T16:17:37.351Z", "session_data": "N2MyZWUzMTAzM2E3OTIxY2JmNDA2M2M0NjdlZTJhOWUwZGM5MjhlODp7Il9hdXRoX3VzZXJfYmFja2VuZCI6ImRqYW5nby5jb250cmliLmF1dGguYmFja2VuZHMuTW9kZWxCYWNrZW5kIiwiX2F1dGhfdXNlcl9pZCI6MSwiX2F1dGhfdXNlcl9oYXNoIjoiYjUwODBmNTRmZTk5OWFlYmJiMzdkMTdjYjdlNDI1NWE5ZTEwZDcyYSJ9"}, "model": "sessions.session"}, {"pk": "5yjgy4mrm20q8yg59o5um63p1irjgvia", "fields": {"expire_date": "2014-05-13T15:55:36.861Z", "session_data": "MWFmMzU0MTQ3YWE5MzI3MDQ0ZjI3M2UxM2Q4MmJjYzQ2ZjBmZDllNzp7Il9hdXRoX3VzZXJfYmFja2VuZCI6ImRqYW5nby5jb250cmliLmF1dGguYmFja2VuZHMuTW9kZWxCYWNrZW5kIiwiX2F1dGhfdXNlcl9pZCI6MX0="}, "model": "sessions.session"}, {"pk": "acjgm83a4ynins79szznf6if7adfe6pv", "fields": {"expire_date": "2014-05-10T15:49:53.109Z", "session_data": "MWFmMzU0MTQ3YWE5MzI3MDQ0ZjI3M2UxM2Q4MmJjYzQ2ZjBmZDllNzp7Il9hdXRoX3VzZXJfYmFja2VuZCI6ImRqYW5nby5jb250cmliLmF1dGguYmFja2VuZHMuTW9kZWxCYWNrZW5kIiwiX2F1dGhfdXNlcl9pZCI6MX0="}, "model": "sessions.session"}, {"pk": "b19ajpudx1ogdsa41z3h8m6zd1dp2n83", "fields": {"expire_date": "2014-04-21T15:54:22.972Z", "session_data": "ZTY0NzE4M2ZmNmE2ZDUwZThhZjQ3NThjZGE2OGE4ZDNlYzQ2N2Q4MzqAAn1xAShVEl9hdXRoX3VzZXJfYmFja2VuZHECVSlkamFuZ28uY29udHJpYi5hdXRoLmJhY2tlbmRzLk1vZGVsQmFja2VuZHEDVQ1fYXV0aF91c2VyX2lkcQRLAXUu"}, "model": "sessions.session"}, {"pk": "ceube4ce376unypzt8j9hp3ynxhnq69n", "fields": {"expire_date": "2014-05-23T06:55:32.775Z", "session_data": "NDkxNmMzNjZjNDc5OTQzNTg0N2YyZWQxMjNiOGY5MWY2OGQ5N2EyYzp7fQ=="}, "model": "sessions.session"}, {"pk": "g58jz0vat75lrucs54cjmj9e27cyg16c", "fields": {"expire_date": "2013-08-23T06:50:29.681Z", "session_data": "ZTY0NzE4M2ZmNmE2ZDUwZThhZjQ3NThjZGE2OGE4ZDNlYzQ2N2Q4MzqAAn1xAShVEl9hdXRoX3VzZXJfYmFja2VuZHECVSlkamFuZ28uY29udHJpYi5hdXRoLmJhY2tlbmRzLk1vZGVsQmFja2VuZHEDVQ1fYXV0aF91c2VyX2lkcQRLAXUu"}, "model": "sessions.session"}, {"pk": "h5xikcuft46q5k6bnl0t9d43ndf0deh5", "fields": {"expire_date": "2014-05-21T07:44:55.185Z", "session_data": "NDkxNmMzNjZjNDc5OTQzNTg0N2YyZWQxMjNiOGY5MWY2OGQ5N2EyYzp7fQ=="}, "model": "sessions.session"}, {"pk": "msi0nhbjlsa68jkcw6ocxf5739hb1prx", "fields": {"expire_date": "2013-09-01T19:17:28.626Z", "session_data": "ZTY0NzE4M2ZmNmE2ZDUwZThhZjQ3NThjZGE2OGE4ZDNlYzQ2N2Q4MzqAAn1xAShVEl9hdXRoX3VzZXJfYmFja2VuZHECVSlkamFuZ28uY29udHJpYi5hdXRoLmJhY2tlbmRzLk1vZGVsQmFja2VuZHEDVQ1fYXV0aF91c2VyX2lkcQRLAXUu"}, "model": "sessions.session"}, {"pk": "pfv5akrhscttogb3cy48o9hvck6gww9h", "fields": {"expire_date": "2014-06-09T16:16:24.944Z", "session_data": "Y2YyMWQ5OWVjOTc3NzRlMjM3MDI3ZmFlYjAwNTIxMmI2NGNhMWE3NDp7Il9hdXRoX3VzZXJfaWQiOjEsIl9hdXRoX3VzZXJfaGFzaCI6ImI1MDgwZjU0ZmU5OTlhZWJiYjM3ZDE3Y2I3ZTQyNTVhOWUxMGQ3MmEiLCJfYXV0aF91c2VyX2JhY2tlbmQiOiJkamFuZ28uY29udHJpYi5hdXRoLmJhY2tlbmRzLk1vZGVsQmFja2VuZCJ9"}, "model": "sessions.session"}, {"pk": "pvgo2aqn02uwjt5nuu8godnn7cw7ipfn", "fields": {"expire_date": "2014-07-03T14:21:36.997Z", "session_data": "ZDVhM2NhZjJkOWFkOGU3YzkxNDhmMzc2ZmRhNzk2YmNmZWUxZmZjNDp7Il9hdXRoX3VzZXJfaWQiOjEsIl9hdXRoX3VzZXJfYmFja2VuZCI6ImRqYW5nby5jb250cmliLmF1dGguYmFja2VuZHMuTW9kZWxCYWNrZW5kIiwiX2F1dGhfdXNlcl9oYXNoIjoiYjUwODBmNTRmZTk5OWFlYmJiMzdkMTdjYjdlNDI1NWE5ZTEwZDcyYSJ9"}, "model": "sessions.session"}, {"pk": "wcskd4uzklh9fz586u2h9at53ldrz62h", "fields": {"expire_date": "2014-06-16T18:43:45.830Z", "session_data": "MWI3ZjQ1N2U3MjYzYjE4YTZlMjg0NGJkMjdiYzM0MWVmMmQ4NzE2Yjp7Il9hdXRoX3VzZXJfaGFzaCI6ImI1MDgwZjU0ZmU5OTlhZWJiYjM3ZDE3Y2I3ZTQyNTVhOWUxMGQ3MmEiLCJfYXV0aF91c2VyX2lkIjoxLCJfYXV0aF91c2VyX2JhY2tlbmQiOiJkamFuZ28uY29udHJpYi5hdXRoLmJhY2tlbmRzLk1vZGVsQmFja2VuZCJ9"}, "model": "sessions.session"}, {"pk": "zk862aha401kl878cca7x528dd81r8sg", "fields": {"expire_date": "2014-05-31T11:49:32.141Z", "session_data": "Y2YyMWQ5OWVjOTc3NzRlMjM3MDI3ZmFlYjAwNTIxMmI2NGNhMWE3NDp7Il9hdXRoX3VzZXJfaWQiOjEsIl9hdXRoX3VzZXJfaGFzaCI6ImI1MDgwZjU0ZmU5OTlhZWJiYjM3ZDE3Y2I3ZTQyNTVhOWUxMGQ3MmEiLCJfYXV0aF91c2VyX2JhY2tlbmQiOiJkamFuZ28uY29udHJpYi5hdXRoLmJhY2tlbmRzLk1vZGVsQmFja2VuZCJ9"}, "model": "sessions.session"}, {"pk": "zp3ogh0dt2rv3bhm1jr2d1gx53v4z8j9", "fields": {"expire_date": "2014-04-29T21:22:10.982Z", "session_data": "ZTY0NzE4M2ZmNmE2ZDUwZThhZjQ3NThjZGE2OGE4ZDNlYzQ2N2Q4MzqAAn1xAShVEl9hdXRoX3VzZXJfYmFja2VuZHECVSlkamFuZ28uY29udHJpYi5hdXRoLmJhY2tlbmRzLk1vZGVsQmFja2VuZHEDVQ1fYXV0aF91c2VyX2lkcQRLAXUu"}, "model": "sessions.session"}, {"pk": 1, "fields": {"name": "example.com", "domain": "example.com"}, "model": "sites.site"}, {"pk": 3, "fields": {"slug": "ill-be-seeing-you", "name": "I'll Be Seeing You"}, "model": "songs.song"}, {"pk": 4, "fields": {"slug": "i-love-paris", "name": "I Love Paris"}, "model": "songs.song"}, {"pk": 5, "fields": {"slug": "all-by-myself", "name": "All By Myself"}, "model": "songs.song"}, {"pk": 6, "fields": {"slug": "ive-got-my-love-keep-me-warm", "name": "I've Got My Love To Keep Me Warm"}, "model": "songs.song"}, {"pk": 7, "fields": {"slug": "my-girls-pussy", "name": "My Girl's Pussy"}, "model": "songs.song"}, {"pk": 8, "fields": {"slug": "who-loves-you", "name": "Who Loves You"}, "model": "songs.song"}, {"pk": 11, "fields": {"slug": "aina-kaulana", "name": "Aina Kaulana"}, "model": "songs.song"}, {"pk": 24, "fields": {"slug": "singin-in-the-bathtub", "name": "Singin' in the Bathtub"}, "model": "songs.song"}, {"pk": 35, "fields": {"slug": "jattendrai", "name": "J'attendrai"}, "model": "songs.song"}, {"pk": 36, "fields": {"slug": "it-dont-mean-a-thing-if-it-aint-got-that-swing", "name": "It Don't Mean a Thing (If It Ain't Got That Swing)"}, "model": "songs.song"}, {"pk": 38, "fields": {"slug": "ill-see-you-in-my-dreams", "name": "I'll See You In My Dreams"}, "model": "songs.song"}, {"pk": 40, "fields": {"slug": "test-zorz", "name": "test zorz"}, "model": "songs.song"}, {"pk": 41, "fields": {"slug": "testrr", "name": "Testrr"}, "model": "songs.song"}, {"pk": 44, "fields": {"slug": "test", "name": "Test"}, "model": "songs.song"}, {"pk": 46, "fields": {"slug": "on-the-beach-at-waikiki", "name": "On the Beach at Waikiki"}, "model": "songs.song"}, {"pk": 51, "fields": {"slug": "testzzorz", "name": "Testzzorz"}, "model": "songs.song"}, {"pk": 52, "fields": {"slug": "ill-never-be-the-same", "name": "I'll Never Be the Same"}, "model": "songs.song"}, {"pk": 1, "fields": {"slug": "c-major", "tonic": "C", "tonality": 1, "name": "C Major", "order": 1, "distance_from_c": 0}, "model": "chordcharts.key"}, {"pk": 2, "fields": {"slug": "f-major", "tonic": "F", "tonality": 1, "name": "F Major", "order": 6, "distance_from_c": 5}, "model": "chordcharts.key"}, {"pk": 3, "fields": {"slug": "g-major", "tonic": "G", "tonality": 1, "name": "G Major", "order": 8, "distance_from_c": 7}, "model": "chordcharts.key"}, {"pk": 4, "fields": {"slug": "a-major", "tonic": "A", "tonality": 1, "name": "A Major", "order": 10, "distance_from_c": 9}, "model": "chordcharts.key"}, {"pk": 5, "fields": {"slug": "c-sharp-major", "tonic": "C#", "tonality": 1, "name": "C# Major", "order": 2, "distance_from_c": 1}, "model": "chordcharts.key"}, {"pk": 6, "fields": {"slug": "b-flat-major", "tonic": "B\u266d", "tonality": 1, "name": "B\u266d Major", "order": 11, "distance_from_c": 10}, "model": "chordcharts.key"}, {"pk": 7, "fields": {"slug": "d-major", "tonic": "D", "tonality": 1, "name": "D Major", "order": 3, "distance_from_c": 2}, "model": "chordcharts.key"}, {"pk": 8, "fields": {"slug": "e-major", "tonic": "E", "tonality": 1, "name": "E Major", "order": 5, "distance_from_c": 4}, "model": "chordcharts.key"}, {"pk": 9, "fields": {"slug": "b-major", "tonic": "B", "tonality": 1, "name": "B Major", "order": 12, "distance_from_c": 11}, "model": "chordcharts.key"}, {"pk": 10, "fields": {"slug": "c-minor", "tonic": "C", "tonality": 2, "name": "C Minor", "order": 1, "distance_from_c": 0}, "model": "chordcharts.key"}, {"pk": 11, "fields": {"slug": "e-flat-major", "tonic": "E\u266d", "tonality": 1, "name": "E\u266d Major", "order": 4, "distance_from_c": 3}, "model": "chordcharts.key"}, {"pk": 12, "fields": {"slug": "f-sharp-major", "tonic": "F#", "tonality": 1, "name": "F# Major", "order": 7, "distance_from_c": 6}, "model": "chordcharts.key"}, {"pk": 13, "fields": {"slug": "a-flat-major", "tonic": "A\u266d", "tonality": 1, "name": "A\u266d Major", "order": 9, "distance_from_c": 8}, "model": "chordcharts.key"}, {"pk": 14, "fields": {"slug": "c-sharp-minor", "tonic": "C#", "tonality": 2, "name": "C# Minor", "order": 2, "distance_from_c": 1}, "model": "chordcharts.key"}, {"pk": 15, "fields": {"slug": "d-minor", "tonic": "D", "tonality": 2, "name": "D Minor", "order": 3, "distance_from_c": 2}, "model": "chordcharts.key"}, {"pk": 16, "fields": {"slug": "g-minor", "tonic": "G", "tonality": 2, "name": "G Minor", "order": 8, "distance_from_c": 7}, "model": "chordcharts.key"}, {"pk": 2, "fields": {"key_note": true, "key": 1, "distance_from_root": 0, "name": "C"}, "model": "chordcharts.note"}, {"pk": 3, "fields": {"key_note": false, "key": 1, "distance_from_root": 1, "name": "C#"}, "model": "chordcharts.note"}, {"pk": 4, "fields": {"key_note": true, "key": 1, "distance_from_root": 2, "name": "D"}, "model": "chordcharts.note"}, {"pk": 5, "fields": {"key_note": false, "key": 1, "distance_from_root": 3, "name": "E\u266d"}, "model": "chordcharts.note"}, {"pk": 6, "fields": {"key_note": true, "key": 1, "distance_from_root": 4, "name": "E"}, "model": "chordcharts.note"}, {"pk": 7, "fields": {"key_note": true, "key": 1, "distance_from_root": 5, "name": "F"}, "model": "chordcharts.note"}, {"pk": 8, "fields": {"key_note": false, "key": 1, "distance_from_root": 6, "name": "F#"}, "model": "chordcharts.note"}, {"pk": 9, "fields": {"key_note": true, "key": 2, "distance_from_root": 0, "name": "F"}, "model": "chordcharts.note"}, {"pk": 10, "fields": {"key_note": false, "key": 2, "distance_from_root": 1, "name": "F#"}, "model": "chordcharts.note"}, {"pk": 11, "fields": {"key_note": true, "key": 2, "distance_from_root": 2, "name": "G"}, "model": "chordcharts.note"}, {"pk": 12, "fields": {"key_note": false, "key": 2, "distance_from_root": 3, "name": "A\u266d"}, "model": "chordcharts.note"}, {"pk": 13, "fields": {"key_note": true, "key": 2, "distance_from_root": 4, "name": "A"}, "model": "chordcharts.note"}, {"pk": 14, "fields": {"key_note": true, "key": 2, "distance_from_root": 5, "name": "B\u266d"}, "model": "chordcharts.note"}, {"pk": 15, "fields": {"key_note": false, "key": 2, "distance_from_root": 6, "name": "B"}, "model": "chordcharts.note"}, {"pk": 16, "fields": {"key_note": true, "key": 1, "distance_from_root": 7, "name": "G"}, "model": "chordcharts.note"}, {"pk": 17, "fields": {"key_note": false, "key": 1, "distance_from_root": 8, "name": "A\u266d"}, "model": "chordcharts.note"}, {"pk": 18, "fields": {"key_note": true, "key": 1, "distance_from_root": 9, "name": "A"}, "model": "chordcharts.note"}, {"pk": 19, "fields": {"key_note": false, "key": 1, "distance_from_root": 10, "name": "B\u266d"}, "model": "chordcharts.note"}, {"pk": 20, "fields": {"key_note": true, "key": 1, "distance_from_root": 11, "name": "B"}, "model": "chordcharts.note"}, {"pk": 21, "fields": {"key_note": true, "key": 2, "distance_from_root": 7, "name": "C"}, "model": "chordcharts.note"}, {"pk": 22, "fields": {"key_note": false, "key": 2, "distance_from_root": 8, "name": "C#"}, "model": "chordcharts.note"}, {"pk": 23, "fields": {"key_note": true, "key": 2, "distance_from_root": 9, "name": "D"}, "model": "chordcharts.note"}, {"pk": 24, "fields": {"key_note": false, "key": 2, "distance_from_root": 10, "name": "E\u266d"}, "model": "chordcharts.note"}, {"pk": 25, "fields": {"key_note": true, "key": 2, "distance_from_root": 11, "name": "E"}, "model": "chordcharts.note"}, {"pk": 26, "fields": {"key_note": true, "key": 3, "distance_from_root": 0, "name": "G"}, "model": "chordcharts.note"}, {"pk": 27, "fields": {"key_note": false, "key": 3, "distance_from_root": 1, "name": "A\u266d"}, "model": "chordcharts.note"}, {"pk": 28, "fields": {"key_note": true, "key": 3, "distance_from_root": 2, "name": "A"}, "model": "chordcharts.note"}, {"pk": 29, "fields": {"key_note": false, "key": 3, "distance_from_root": 3, "name": "B\u266d"}, "model": "chordcharts.note"}, {"pk": 30, "fields": {"key_note": true, "key": 3, "distance_from_root": 4, "name": "B"}, "model": "chordcharts.note"}, {"pk": 31, "fields": {"key_note": true, "key": 3, "distance_from_root": 5, "name": "C"}, "model": "chordcharts.note"}, {"pk": 32, "fields": {"key_note": false, "key": 3, "distance_from_root": 6, "name": "C#"}, "model": "chordcharts.note"}, {"pk": 33, "fields": {"key_note": true, "key": 3, "distance_from_root": 7, "name": "D"}, "model": "chordcharts.note"}, {"pk": 34, "fields": {"key_note": false, "key": 3, "distance_from_root": 8, "name": "E\u266d"}, "model": "chordcharts.note"}, {"pk": 35, "fields": {"key_note": true, "key": 3, "distance_from_root": 9, "name": "E"}, "model": "chordcharts.note"}, {"pk": 36, "fields": {"key_note": false, "key": 3, "distance_from_root": 10, "name": "F"}, "model": "chordcharts.note"}, {"pk": 37, "fields": {"key_note": true, "key": 3, "distance_from_root": 11, "name": "F#"}, "model": "chordcharts.note"}, {"pk": 38, "fields": {"key_note": true, "key": 4, "distance_from_root": 0, "name": "A"}, "model": "chordcharts.note"}, {"pk": 39, "fields": {"key_note": false, "key": 4, "distance_from_root": 1, "name": "B\u266d"}, "model": "chordcharts.note"}, {"pk": 40, "fields": {"key_note": true, "key": 4, "distance_from_root": 2, "name": "B"}, "model": "chordcharts.note"}, {"pk": 41, "fields": {"key_note": false, "key": 4, "distance_from_root": 3, "name": "C"}, "model": "chordcharts.note"}, {"pk": 42, "fields": {"key_note": true, "key": 4, "distance_from_root": 4, "name": "C#"}, "model": "chordcharts.note"}, {"pk": 43, "fields": {"key_note": true, "key": 4, "distance_from_root": 5, "name": "D"}, "model": "chordcharts.note"}, {"pk": 44, "fields": {"key_note": false, "key": 4, "distance_from_root": 6, "name": "E\u266d"}, "model": "chordcharts.note"}, {"pk": 45, "fields": {"key_note": true, "key": 4, "distance_from_root": 7, "name": "E"}, "model": "chordcharts.note"}, {"pk": 46, "fields": {"key_note": false, "key": 4, "distance_from_root": 8, "name": "F"}, "model": "chordcharts.note"}, {"pk": 47, "fields": {"key_note": true, "key": 4, "distance_from_root": 9, "name": "F#"}, "model": "chordcharts.note"}, {"pk": 48, "fields": {"key_note": false, "key": 4, "distance_from_root": 10, "name": "G"}, "model": "chordcharts.note"}, {"pk": 49, "fields": {"key_note": true, "key": 4, "distance_from_root": 11, "name": "G#"}, "model": "chordcharts.note"}, {"pk": 50, "fields": {"key_note": true, "key": 5, "distance_from_root": 0, "name": "C#"}, "model": "chordcharts.note"}, {"pk": 51, "fields": {"key_note": false, "key": 5, "distance_from_root": 1, "name": "D"}, "model": "chordcharts.note"}, {"pk": 52, "fields": {"key_note": true, "key": 5, "distance_from_root": 2, "name": "D#"}, "model": "chordcharts.note"}, {"pk": 53, "fields": {"key_note": false, "key": 5, "distance_from_root": 3, "name": "E"}, "model": "chordcharts.note"}, {"pk": 54, "fields": {"key_note": true, "key": 5, "distance_from_root": 4, "name": "E#"}, "model": "chordcharts.note"}, {"pk": 56, "fields": {"key_note": true, "key": 5, "distance_from_root": 5, "name": "F#"}, "model": "chordcharts.note"}, {"pk": 57, "fields": {"key_note": false, "key": 5, "distance_from_root": 6, "name": "G"}, "model": "chordcharts.note"}, {"pk": 58, "fields": {"key_note": true, "key": 5, "distance_from_root": 7, "name": "G#"}, "model": "chordcharts.note"}, {"pk": 59, "fields": {"key_note": false, "key": 5, "distance_from_root": 8, "name": "A"}, "model": "chordcharts.note"}, {"pk": 60, "fields": {"key_note": true, "key": 5, "distance_from_root": 9, "name": "A#"}, "model": "chordcharts.note"}, {"pk": 61, "fields": {"key_note": false, "key": 5, "distance_from_root": 10, "name": "B"}, "model": "chordcharts.note"}, {"pk": 62, "fields": {"key_note": true, "key": 5, "distance_from_root": 11, "name": "B#"}, "model": "chordcharts.note"}, {"pk": 63, "fields": {"key_note": true, "key": 6, "distance_from_root": 0, "name": "B\u266d"}, "model": "chordcharts.note"}, {"pk": 64, "fields": {"key_note": false, "key": 6, "distance_from_root": 1, "name": "B"}, "model": "chordcharts.note"}, {"pk": 65, "fields": {"key_note": true, "key": 6, "distance_from_root": 2, "name": "C"}, "model": "chordcharts.note"}, {"pk": 66, "fields": {"key_note": false, "key": 6, "distance_from_root": 3, "name": "C#"}, "model": "chordcharts.note"}, {"pk": 67, "fields": {"key_note": true, "key": 6, "distance_from_root": 4, "name": "D"}, "model": "chordcharts.note"}, {"pk": 68, "fields": {"key_note": true, "key": 6, "distance_from_root": 5, "name": "E\u266d"}, "model": "chordcharts.note"}, {"pk": 69, "fields": {"key_note": false, "key": 6, "distance_from_root": 6, "name": "E"}, "model": "chordcharts.note"}, {"pk": 70, "fields": {"key_note": true, "key": 6, "distance_from_root": 7, "name": "F"}, "model": "chordcharts.note"}, {"pk": 71, "fields": {"key_note": false, "key": 6, "distance_from_root": 8, "name": "F#"}, "model": "chordcharts.note"}, {"pk": 72, "fields": {"key_note": true, "key": 6, "distance_from_root": 9, "name": "G"}, "model": "chordcharts.note"}, {"pk": 73, "fields": {"key_note": false, "key": 6, "distance_from_root": 10, "name": "A\u266d"}, "model": "chordcharts.note"}, {"pk": 74, "fields": {"key_note": true, "key": 6, "distance_from_root": 11, "name": "A"}, "model": "chordcharts.note"}, {"pk": 75, "fields": {"key_note": true, "key": 7, "distance_from_root": 0, "name": "D"}, "model": "chordcharts.note"}, {"pk": 76, "fields": {"key_note": false, "key": 7, "distance_from_root": 1, "name": "E\u266d"}, "model": "chordcharts.note"}, {"pk": 77, "fields": {"key_note": true, "key": 7, "distance_from_root": 2, "name": "E"}, "model": "chordcharts.note"}, {"pk": 78, "fields": {"key_note": false, "key": 7, "distance_from_root": 3, "name": "F"}, "model": "chordcharts.note"}, {"pk": 79, "fields": {"key_note": true, "key": 7, "distance_from_root": 4, "name": "F#"}, "model": "chordcharts.note"}, {"pk": 80, "fields": {"key_note": true, "key": 7, "distance_from_root": 5, "name": "G"}, "model": "chordcharts.note"}, {"pk": 81, "fields": {"key_note": false, "key": 7, "distance_from_root": 6, "name": "A\u266d"}, "model": "chordcharts.note"}, {"pk": 82, "fields": {"key_note": true, "key": 7, "distance_from_root": 7, "name": "A"}, "model": "chordcharts.note"}, {"pk": 83, "fields": {"key_note": false, "key": 7, "distance_from_root": 8, "name": "B\u266d"}, "model": "chordcharts.note"}, {"pk": 84, "fields": {"key_note": true, "key": 7, "distance_from_root": 9, "name": "B"}, "model": "chordcharts.note"}, {"pk": 85, "fields": {"key_note": false, "key": 7, "distance_from_root": 10, "name": "C"}, "model": "chordcharts.note"}, {"pk": 86, "fields": {"key_note": true, "key": 7, "distance_from_root": 11, "name": "C#"}, "model": "chordcharts.note"}, {"pk": 87, "fields": {"key_note": true, "key": 8, "distance_from_root": 0, "name": "E"}, "model": "chordcharts.note"}, {"pk": 88, "fields": {"key_note": false, "key": 8, "distance_from_root": 1, "name": "F"}, "model": "chordcharts.note"}, {"pk": 89, "fields": {"key_note": true, "key": 8, "distance_from_root": 2, "name": "F#"}, "model": "chordcharts.note"}, {"pk": 90, "fields": {"key_note": false, "key": 8, "distance_from_root": 3, "name": "G"}, "model": "chordcharts.note"}, {"pk": 91, "fields": {"key_note": true, "key": 8, "distance_from_root": 4, "name": "A\u266d"}, "model": "chordcharts.note"}, {"pk": 92, "fields": {"key_note": true, "key": 8, "distance_from_root": 5, "name": "A"}, "model": "chordcharts.note"}, {"pk": 93, "fields": {"key_note": false, "key": 8, "distance_from_root": 6, "name": "B\u266d"}, "model": "chordcharts.note"}, {"pk": 94, "fields": {"key_note": true, "key": 8, "distance_from_root": 7, "name": "B"}, "model": "chordcharts.note"}, {"pk": 95, "fields": {"key_note": false, "key": 8, "distance_from_root": 8, "name": "C"}, "model": "chordcharts.note"}, {"pk": 96, "fields": {"key_note": true, "key": 8, "distance_from_root": 9, "name": "C#"}, "model": "chordcharts.note"}, {"pk": 97, "fields": {"key_note": true, "key": 8, "distance_from_root": 10, "name": "D"}, "model": "chordcharts.note"}, {"pk": 98, "fields": {"key_note": true, "key": 8, "distance_from_root": 11, "name": "E\u266d"}, "model": "chordcharts.note"}, {"pk": 99, "fields": {"key_note": true, "key": 11, "distance_from_root": 0, "name": "E\u266d"}, "model": "chordcharts.note"}, {"pk": 100, "fields": {"key_note": false, "key": 11, "distance_from_root": 1, "name": "E"}, "model": "chordcharts.note"}, {"pk": 101, "fields": {"key_note": true, "key": 11, "distance_from_root": 2, "name": "F"}, "model": "chordcharts.note"}, {"pk": 102, "fields": {"key_note": false, "key": 11, "distance_from_root": 3, "name": "F#"}, "model": "chordcharts.note"}, {"pk": 103, "fields": {"key_note": true, "key": 11, "distance_from_root": 4, "name": "G"}, "model": "chordcharts.note"}, {"pk": 104, "fields": {"key_note": true, "key": 11, "distance_from_root": 5, "name": "A\u266d"}, "model": "chordcharts.note"}, {"pk": 105, "fields": {"key_note": false, "key": 11, "distance_from_root": 6, "name": "A"}, "model": "chordcharts.note"}, {"pk": 106, "fields": {"key_note": true, "key": 11, "distance_from_root": 7, "name": "B\u266d"}, "model": "chordcharts.note"}, {"pk": 107, "fields": {"key_note": false, "key": 11, "distance_from_root": 8, "name": "B"}, "model": "chordcharts.note"}, {"pk": 108, "fields": {"key_note": true, "key": 11, "distance_from_root": 9, "name": "C"}, "model": "chordcharts.note"}, {"pk": 109, "fields": {"key_note": false, "key": 11, "distance_from_root": 10, "name": "C#"}, "model": "chordcharts.note"}, {"pk": 110, "fields": {"key_note": true, "key": 11, "distance_from_root": 11, "name": "D"}, "model": "chordcharts.note"}, {"pk": 111, "fields": {"key_note": true, "key": 12, "distance_from_root": 0, "name": "F#"}, "model": "chordcharts.note"}, {"pk": 112, "fields": {"key_note": false, "key": 12, "distance_from_root": 1, "name": "G"}, "model": "chordcharts.note"}, {"pk": 113, "fields": {"key_note": true, "key": 12, "distance_from_root": 2, "name": "G#"}, "model": "chordcharts.note"}, {"pk": 114, "fields": {"key_note": false, "key": 12, "distance_from_root": 3, "name": "A"}, "model": "chordcharts.note"}, {"pk": 115, "fields": {"key_note": true, "key": 12, "distance_from_root": 4, "name": "A#"}, "model": "chordcharts.note"}, {"pk": 116, "fields": {"key_note": true, "key": 12, "distance_from_root": 5, "name": "B"}, "model": "chordcharts.note"}, {"pk": 117, "fields": {"key_note": false, "key": 12, "distance_from_root": 6, "name": "C"}, "model": "chordcharts.note"}, {"pk": 118, "fields": {"key_note": true, "key": 12, "distance_from_root": 7, "name": "C#"}, "model": "chordcharts.note"}, {"pk": 119, "fields": {"key_note": false, "key": 12, "distance_from_root": 8, "name": "D"}, "model": "chordcharts.note"}, {"pk": 120, "fields": {"key_note": true, "key": 12, "distance_from_root": 9, "name": "D#"}, "model": "chordcharts.note"}, {"pk": 121, "fields": {"key_note": false, "key": 12, "distance_from_root": 10, "name": "E"}, "model": "chordcharts.note"}, {"pk": 122, "fields": {"key_note": true, "key": 12, "distance_from_root": 11, "name": "E#"}, "model": "chordcharts.note"}, {"pk": 123, "fields": {"key_note": true, "key": 13, "distance_from_root": 0, "name": "A\u266d"}, "model": "chordcharts.note"}, {"pk": 124, "fields": {"key_note": false, "key": 13, "distance_from_root": 1, "name": "A"}, "model": "chordcharts.note"}, {"pk": 125, "fields": {"key_note": true, "key": 13, "distance_from_root": 2, "name": "B\u266d"}, "model": "chordcharts.note"}, {"pk": 126, "fields": {"key_note": false, "key": 13, "distance_from_root": 3, "name": "B"}, "model": "chordcharts.note"}, {"pk": 127, "fields": {"key_note": true, "key": 13, "distance_from_root": 4, "name": "C"}, "model": "chordcharts.note"}, {"pk": 128, "fields": {"key_note": true, "key": 13, "distance_from_root": 5, "name": "D\u266d"}, "model": "chordcharts.note"}, {"pk": 129, "fields": {"key_note": false, "key": 13, "distance_from_root": 6, "name": "D"}, "model": "chordcharts.note"}, {"pk": 130, "fields": {"key_note": true, "key": 13, "distance_from_root": 7, "name": "E\u266d"}, "model": "chordcharts.note"}, {"pk": 131, "fields": {"key_note": false, "key": 13, "distance_from_root": 8, "name": "E"}, "model": "chordcharts.note"}, {"pk": 132, "fields": {"key_note": true, "key": 13, "distance_from_root": 9, "name": "F"}, "model": "chordcharts.note"}, {"pk": 133, "fields": {"key_note": false, "key": 13, "distance_from_root": 10, "name": "F#"}, "model": "chordcharts.note"}, {"pk": 134, "fields": {"key_note": true, "key": 13, "distance_from_root": 11, "name": "G"}, "model": "chordcharts.note"}, {"pk": 135, "fields": {"key_note": true, "key": 9, "distance_from_root": 0, "name": "B"}, "model": "chordcharts.note"}, {"pk": 136, "fields": {"key_note": false, "key": 9, "distance_from_root": 1, "name": "C"}, "model": "chordcharts.note"}, {"pk": 137, "fields": {"key_note": true, "key": 9, "distance_from_root": 2, "name": "C#"}, "model": "chordcharts.note"}, {"pk": 138, "fields": {"key_note": false, "key": 9, "distance_from_root": 3, "name": "D"}, "model": "chordcharts.note"}, {"pk": 139, "fields": {"key_note": true, "key": 9, "distance_from_root": 4, "name": "D#"}, "model": "chordcharts.note"}, {"pk": 140, "fields": {"key_note": true, "key": 9, "distance_from_root": 5, "name": "E"}, "model": "chordcharts.note"}, {"pk": 141, "fields": {"key_note": false, "key": 9, "distance_from_root": 6, "name": "F"}, "model": "chordcharts.note"}, {"pk": 142, "fields": {"key_note": true, "key": 9, "distance_from_root": 7, "name": "F#"}, "model": "chordcharts.note"}, {"pk": 143, "fields": {"key_note": false, "key": 9, "distance_from_root": 8, "name": "G"}, "model": "chordcharts.note"}, {"pk": 144, "fields": {"key_note": true, "key": 9, "distance_from_root": 9, "name": "G#"}, "model": "chordcharts.note"}, {"pk": 145, "fields": {"key_note": false, "key": 9, "distance_from_root": 10, "name": "A"}, "model": "chordcharts.note"}, {"pk": 146, "fields": {"key_note": true, "key": 9, "distance_from_root": 11, "name": "A#"}, "model": "chordcharts.note"}, {"pk": 147, "fields": {"key_note": true, "key": 10, "distance_from_root": 0, "name": "C"}, "model": "chordcharts.note"}, {"pk": 148, "fields": {"key_note": false, "key": 10, "distance_from_root": 1, "name": "C#"}, "model": "chordcharts.note"}, {"pk": 149, "fields": {"key_note": true, "key": 10, "distance_from_root": 2, "name": "D"}, "model": "chordcharts.note"}, {"pk": 150, "fields": {"key_note": true, "key": 10, "distance_from_root": 3, "name": "E\u266d"}, "model": "chordcharts.note"}, {"pk": 151, "fields": {"key_note": false, "key": 10, "distance_from_root": 4, "name": "E"}, "model": "chordcharts.note"}, {"pk": 152, "fields": {"key_note": true, "key": 10, "distance_from_root": 5, "name": "F"}, "model": "chordcharts.note"}, {"pk": 153, "fields": {"key_note": false, "key": 10, "distance_from_root": 6, "name": "F#"}, "model": "chordcharts.note"}, {"pk": 154, "fields": {"key_note": true, "key": 10, "distance_from_root": 7, "name": "G"}, "model": "chordcharts.note"}, {"pk": 155, "fields": {"key_note": true, "key": 10, "distance_from_root": 8, "name": "A\u266d"}, "model": "chordcharts.note"}, {"pk": 156, "fields": {"key_note": false, "key": 10, "distance_from_root": 9, "name": "A"}, "model": "chordcharts.note"}, {"pk": 157, "fields": {"key_note": true, "key": 10, "distance_from_root": 10, "name": "B\u266d"}, "model": "chordcharts.note"}, {"pk": 158, "fields": {"key_note": false, "key": 10, "distance_from_root": 11, "name": "B"}, "model": "chordcharts.note"}, {"pk": 159, "fields": {"key_note": true, "key": 14, "distance_from_root": 0, "name": "C#"}, "model": "chordcharts.note"}, {"pk": 160, "fields": {"key_note": false, "key": 14, "distance_from_root": 1, "name": "D"}, "model": "chordcharts.note"}, {"pk": 161, "fields": {"key_note": true, "key": 14, "distance_from_root": 2, "name": "D#"}, "model": "chordcharts.note"}, {"pk": 162, "fields": {"key_note": true, "key": 14, "distance_from_root": 3, "name": "E"}, "model": "chordcharts.note"}, {"pk": 163, "fields": {"key_note": false, "key": 14, "distance_from_root": 4, "name": "F"}, "model": "chordcharts.note"}, {"pk": 164, "fields": {"key_note": true, "key": 14, "distance_from_root": 5, "name": "F#"}, "model": "chordcharts.note"}, {"pk": 165, "fields": {"key_note": false, "key": 14, "distance_from_root": 6, "name": "G"}, "model": "chordcharts.note"}, {"pk": 166, "fields": {"key_note": true, "key": 14, "distance_from_root": 7, "name": "G#"}, "model": "chordcharts.note"}, {"pk": 167, "fields": {"key_note": true, "key": 14, "distance_from_root": 8, "name": "A"}, "model": "chordcharts.note"}, {"pk": 168, "fields": {"key_note": false, "key": 14, "distance_from_root": 9, "name": "B\u266d"}, "model": "chordcharts.note"}, {"pk": 169, "fields": {"key_note": true, "key": 14, "distance_from_root": 10, "name": "B"}, "model": "chordcharts.note"}, {"pk": 170, "fields": {"key_note": false, "key": 14, "distance_from_root": 11, "name": "C"}, "model": "chordcharts.note"}, {"pk": 171, "fields": {"key_note": true, "key": 15, "distance_from_root": 0, "name": "D"}, "model": "chordcharts.note"}, {"pk": 172, "fields": {"key_note": false, "key": 15, "distance_from_root": 1, "name": "D#"}, "model": "chordcharts.note"}, {"pk": 173, "fields": {"key_note": true, "key": 15, "distance_from_root": 2, "name": "E"}, "model": "chordcharts.note"}, {"pk": 174, "fields": {"key_note": true, "key": 15, "distance_from_root": 3, "name": "F"}, "model": "chordcharts.note"}, {"pk": 175, "fields": {"key_note": false, "key": 15, "distance_from_root": 4, "name": "F#"}, "model": "chordcharts.note"}, {"pk": 176, "fields": {"key_note": true, "key": 15, "distance_from_root": 5, "name": "G"}, "model": "chordcharts.note"}, {"pk": 177, "fields": {"key_note": false, "key": 15, "distance_from_root": 6, "name": "A\u266d"}, "model": "chordcharts.note"}, {"pk": 178, "fields": {"key_note": true, "key": 15, "distance_from_root": 7, "name": "A"}, "model": "chordcharts.note"}, {"pk": 179, "fields": {"key_note": true, "key": 15, "distance_from_root": 8, "name": "B\u266d"}, "model": "chordcharts.note"}, {"pk": 180, "fields": {"key_note": false, "key": 15, "distance_from_root": 9, "name": "B"}, "model": "chordcharts.note"}, {"pk": 181, "fields": {"key_note": true, "key": 15, "distance_from_root": 10, "name": "C"}, "model": "chordcharts.note"}, {"pk": 182, "fields": {"key_note": false, "key": 15, "distance_from_root": 11, "name": "C#"}, "model": "chordcharts.note"}, {"pk": 183, "fields": {"key_note": true, "key": 16, "distance_from_root": 0, "name": "G"}, "model": "chordcharts.note"}, {"pk": 184, "fields": {"key_note": false, "key": 16, "distance_from_root": 1, "name": "G#"}, "model": "chordcharts.note"}, {"pk": 185, "fields": {"key_note": true, "key": 16, "distance_from_root": 2, "name": "A"}, "model": "chordcharts.note"}, {"pk": 186, "fields": {"key_note": true, "key": 16, "distance_from_root": 3, "name": "B\u266d"}, "model": "chordcharts.note"}, {"pk": 187, "fields": {"key_note": false, "key": 16, "distance_from_root": 4, "name": "B"}, "model": "chordcharts.note"}, {"pk": 188, "fields": {"key_note": true, "key": 16, "distance_from_root": 5, "name": "C"}, "model": "chordcharts.note"}, {"pk": 189, "fields": {"key_note": false, "key": 16, "distance_from_root": 6, "name": "C#"}, "model": "chordcharts.note"}, {"pk": 190, "fields": {"key_note": true, "key": 16, "distance_from_root": 7, "name": "D"}, "model": "chordcharts.note"}, {"pk": 191, "fields": {"key_note": true, "key": 16, "distance_from_root": 8, "name": "E\u266d"}, "model": "chordcharts.note"}, {"pk": 192, "fields": {"key_note": false, "key": 16, "distance_from_root": 9, "name": "E"}, "model": "chordcharts.note"}, {"pk": 193, "fields": {"key_note": true, "key": 16, "distance_from_root": 10, "name": "F"}, "model": "chordcharts.note"}, {"pk": 194, "fields": {"key_note": false, "key": 16, "distance_from_root": 11, "name": "F#"}, "model": "chordcharts.note"}, {"pk": 1, "fields": {"symbol": "M", "name": "Major", "order": 0, "chord_output": ""}, "model": "chordcharts.chordtype"}, {"pk": 2, "fields": {"symbol": "m", "name": "Minor", "order": 1, "chord_output": "m"}, "model": "chordcharts.chordtype"}, {"pk": 3, "fields": {"symbol": "7", "name": "Seventh", "order": 2, "chord_output": "7"}, "model": "chordcharts.chordtype"}, {"pk": 4, "fields": {"symbol": "\u25b37", "name": "Major Seventh", "order": 3, "chord_output": "\u25b37"}, "model": "chordcharts.chordtype"}, {"pk": 5, "fields": {"symbol": "-7", "name": "Minor Seventh", "order": 4, "chord_output": "-7"}, "model": "chordcharts.chordtype"}, {"pk": 6, "fields": {"symbol": "6", "name": "Sixth", "order": 5, "chord_output": "6"}, "model": "chordcharts.chordtype"}, {"pk": 7, "fields": {"symbol": "-6", "name": "Minor Sixth", "order": 7, "chord_output": "-6"}, "model": "chordcharts.chordtype"}, {"pk": 8, "fields": {"symbol": "6/9", "name": "Six Ninth", "order": 8, "chord_output": "6/9"}, "model": "chordcharts.chordtype"}, {"pk": 9, "fields": {"symbol": "\u25b36", "name": "Major Sixth", "order": 6, "chord_output": "\u25b36"}, "model": "chordcharts.chordtype"}, {"pk": 10, "fields": {"symbol": "\u00b0", "name": "Diminished", "order": 11, "chord_output": "\u00b0"}, "model": "chordcharts.chordtype"}, {"pk": 11, "fields": {"symbol": "0\u0338 ", "name": "Half Diminished", "order": 13, "chord_output": "0\u0338 "}, "model": "chordcharts.chordtype"}, {"pk": 12, "fields": {"symbol": "-\u25b3", "name": "Minor Major", "order": 20, "chord_output": "-\u25b3"}, "model": "chordcharts.chordtype"}, {"pk": 13, "fields": {"symbol": "7+5", "name": "Augmented Seventh", "order": 12, "chord_output": "7+5"}, "model": "chordcharts.chordtype"}, {"pk": 14, "fields": {"symbol": "7#9", "name": "Seventh with Sharpened Ninth", "order": 16, "chord_output": "7#9"}, "model": "chordcharts.chordtype"}, {"pk": 15, "fields": {"symbol": "7b9", "name": "Seventh with Flattened Ninth", "order": 17, "chord_output": "7b9"}, "model": "chordcharts.chordtype"}, {"pk": 16, "fields": {"symbol": "7#5", "name": "Dominant Seventh with Sharpened Fifth", "order": 14, "chord_output": "7#5"}, "model": "chordcharts.chordtype"}, {"pk": 17, "fields": {"symbol": "7b5", "name": "Dominant Seventh with Flattened Fifth", "order": 15, "chord_output": "7b5"}, "model": "chordcharts.chordtype"}, {"pk": 18, "fields": {"symbol": "7#9#5", "name": "Seventh with Sharpened Ninth and Sharpened Fifth", "order": 22, "chord_output": "7#9#5"}, "model": "chordcharts.chordtype"}, {"pk": 19, "fields": {"symbol": "7b9#5", "name": "Seventh with Flattened Ninth and Sharpened Fifth", "order": 21, "chord_output": "7b9#5"}, "model": "chordcharts.chordtype"}, {"pk": 20, "fields": {"symbol": "13", "name": "Thirteenth", "order": 19, "chord_output": "13"}, "model": "chordcharts.chordtype"}, {"pk": 21, "fields": {"symbol": "11", "name": "Eleventh", "order": 18, "chord_output": "11"}, "model": "chordcharts.chordtype"}, {"pk": 22, "fields": {"symbol": "9", "name": "Dominant Ninth", "order": 9, "chord_output": "9"}, "model": "chordcharts.chordtype"}, {"pk": 23, "fields": {"symbol": "-9", "name": "Minor Ninth", "order": 10, "chord_output": "-9"}, "model": "chordcharts.chordtype"}, {"pk": 1, "fields": {"lyrics_url": "", "song": 35, "video_url": "", "short_description": ""}, "model": "chordcharts.chart"}, {"pk": 2, "fields": {"lyrics_url": "", "song": 38, "video_url": "", "short_description": ""}, "model": "chordcharts.chart"}, {"pk": 3, "fields": {"lyrics_url": "", "song": 3, "video_url": "", "short_description": ""}, "model": "chordcharts.chart"}, {"pk": 4, "fields": {"lyrics_url": "", "song": 4, "video_url": "", "short_description": ""}, "model": "chordcharts.chart"}, {"pk": 5, "fields": {"lyrics_url": "", "song": 5, "video_url": "", "short_description": ""}, "model": "chordcharts.chart"}, {"pk": 6, "fields": {"lyrics_url": "", "song": 6, "video_url": "", "short_description": ""}, "model": "chordcharts.chart"}, {"pk": 7, "fields": {"lyrics_url": "", "song": 7, "video_url": "", "short_description": ""}, "model": "chordcharts.chart"}, {"pk": 8, "fields": {"lyrics_url": "", "song": 8, "video_url": "", "short_description": ""}, "model": "chordcharts.chart"}, {"pk": 19, "fields": {"lyrics_url": "jo", "song": 11, "video_url": "jo", "short_description": "jo"}, "model": "chordcharts.chart"}, {"pk": 27, "fields": {"lyrics_url": "", "song": 24, "video_url": "http://fixyt.com/watch?v=E01lGq7aWGY", "short_description": "Robert Crumb version"}, "model": "chordcharts.chart"}, {"pk": 39, "fields": {"lyrics_url": "http://www.lyricsdepot.com/ella-fitzgerald/it-dont-mean-a-thing-if-it-aint-got-that-swing.html", "song": 36, "video_url": "http://fixyt.com/watch?v=jvAtxDqTAzs", "short_description": "Rosenberg Trio version"}, "model": "chordcharts.chart"}, {"pk": 45, "fields": {"lyrics_url": "", "song": 46, "video_url": "", "short_description": ""}, "model": "chordcharts.chart"}, {"pk": 46, "fields": {"lyrics_url": "", "song": 52, "video_url": "", "short_description": ""}, "model": "chordcharts.chart"}, {"pk": 1, "fields": {"beats": 4, "beat_unit": 4}, "model": "chordcharts.timesignature"}, {"pk": 2, "fields": {"beats": 4, "beat_unit": 3}, "model": "chordcharts.timesignature"}, {"pk": 3, "fields": {"beats": 6, "beat_unit": 8}, "model": "chordcharts.timesignature"}, {"pk": 4, "fields": {"beats": 2, "beat_unit": 2}, "model": "chordcharts.timesignature"}, {"pk": 2, "fields": {"time_signature": 1, "chart": 1, "show_sidebar": false, "number": 1, "key": 1, "title": "Intro"}, "model": "chordcharts.section"}, {"pk": 3, "fields": {"time_signature": 1, "chart": 1, "show_sidebar": false, "number": 2, "key": 1, "title": ""}, "model": "chordcharts.section"}, {"pk": 4, "fields": {"time_signature": 1, "chart": 1, "show_sidebar": false, "number": 3, "key": 1, "title": ""}, "model": "chordcharts.section"}, {"pk": 151, "fields": {"time_signature": 1, "chart": 2, "show_sidebar": false, "number": 1, "key": 2, "title": "Intro"}, "model": "chordcharts.section"}, {"pk": 152, "fields": {"time_signature": 1, "chart": 2, "show_sidebar": true, "number": 2, "key": 2, "title": "Chorus"}, "model": "chordcharts.section"}, {"pk": 153, "fields": {"time_signature": 1, "chart": 3, "show_sidebar": true, "number": 1, "key": 3, "title": ""}, "model": "chordcharts.section"}, {"pk": 154, "fields": {"time_signature": 1, "chart": 4, "show_sidebar": false, "number": 1, "key": 3, "title": ""}, "model": "chordcharts.section"}, {"pk": 155, "fields": {"time_signature": 1, "chart": 4, "show_sidebar": false, "number": 2, "key": 3, "title": ""}, "model": "chordcharts.section"}, {"pk": 156, "fields": {"time_signature": 1, "chart": 5, "show_sidebar": true, "number": 1, "key": 8, "title": ""}, "model": "chordcharts.section"}, {"pk": 243, "fields": {"time_signature": 1, "chart": 7, "show_sidebar": false, "number": 1, "key": 3, "title": "Intro"}, "model": "chordcharts.section"}, {"pk": 244, "fields": {"time_signature": 1, "chart": 7, "show_sidebar": true, "number": 2, "key": 3, "title": ""}, "model": "chordcharts.section"}, {"pk": 245, "fields": {"time_signature": 1, "chart": 7, "show_sidebar": true, "number": 3, "key": 3, "title": ""}, "model": "chordcharts.section"}, {"pk": 246, "fields": {"time_signature": 1, "chart": 7, "show_sidebar": false, "number": 4, "key": 3, "title": "Bridge"}, "model": "chordcharts.section"}, {"pk": 249, "fields": {"time_signature": 1, "chart": 6, "show_sidebar": true, "number": 1, "key": 6, "title": ""}, "model": "chordcharts.section"}, {"pk": 303, "fields": {"time_signature": 1, "chart": 8, "show_sidebar": true, "number": 1, "key": 1, "title": ""}, "model": "chordcharts.section"}, {"pk": 304, "fields": {"time_signature": 1, "chart": 19, "show_sidebar": false, "number": 1, "key": 13, "title": ""}, "model": "chordcharts.section"}, {"pk": 320, "fields": {"time_signature": 1, "chart": 27, "show_sidebar": false, "number": 1, "key": 2, "title": "Intro"}, "model": "chordcharts.section"}, {"pk": 321, "fields": {"time_signature": 1, "chart": 27, "show_sidebar": false, "number": 2, "key": 2, "title": ""}, "model": "chordcharts.section"}, {"pk": 323, "fields": {"time_signature": 1, "chart": 27, "show_sidebar": false, "number": 3, "key": 2, "title": "Bridge"}, "model": "chordcharts.section"}, {"pk": 324, "fields": {"time_signature": 1, "chart": 27, "show_sidebar": false, "number": 4, "key": 2, "title": "Second bridge"}, "model": "chordcharts.section"}, {"pk": 336, "fields": {"time_signature": 1, "chart": 39, "show_sidebar": false, "number": 1, "key": 16, "title": "Intro"}, "model": "chordcharts.section"}, {"pk": 337, "fields": {"time_signature": 1, "chart": 39, "show_sidebar": false, "number": 2, "key": 16, "title": ""}, "model": "chordcharts.section"}, {"pk": 343, "fields": {"time_signature": 1, "chart": 45, "show_sidebar": false, "number": 1, "key": 4, "title": ""}, "model": "chordcharts.section"}, {"pk": 344, "fields": {"time_signature": 1, "chart": 45, "show_sidebar": false, "number": 2, "key": 4, "title": ""}, "model": "chordcharts.section"}, {"pk": 345, "fields": {"time_signature": 1, "chart": 46, "show_sidebar": false, "number": 1, "key": 3, "title": ""}, "model": "chordcharts.section"}, {"pk": 1, "fields": {"number": 1, "_merge_with_next_line": false, "letter": "A", "section": 2}, "model": "chordcharts.line"}, {"pk": 2, "fields": {"number": 1, "_merge_with_next_line": false, "letter": "A", "section": 3}, "model": "chordcharts.line"}, {"pk": 3, "fields": {"number": 2, "_merge_with_next_line": false, "letter": "A", "section": 3}, "model": "chordcharts.line"}, {"pk": 4, "fields": {"number": 3, "_merge_with_next_line": false, "letter": "B", "section": 3}, "model": "chordcharts.line"}, {"pk": 5, "fields": {"number": 4, "_merge_with_next_line": false, "letter": "B", "section": 3}, "model": "chordcharts.line"}, {"pk": 6, "fields": {"number": 1, "_merge_with_next_line": false, "letter": "A", "section": 4}, "model": "chordcharts.line"}, {"pk": 7, "fields": {"number": 2, "_merge_with_next_line": false, "letter": "A", "section": 4}, "model": "chordcharts.line"}, {"pk": 140, "fields": {"number": 1, "_merge_with_next_line": false, "letter": "A", "section": 151}, "model": "chordcharts.line"}, {"pk": 141, "fields": {"number": 2, "_merge_with_next_line": false, "letter": "A", "section": 151}, "model": "chordcharts.line"}, {"pk": 142, "fields": {"number": 1, "_merge_with_next_line": false, "letter": "A", "section": 152}, "model": "chordcharts.line"}, {"pk": 143, "fields": {"number": 2, "_merge_with_next_line": false, "letter": "B", "section": 152}, "model": "chordcharts.line"}, {"pk": 144, "fields": {"number": 3, "_merge_with_next_line": false, "letter": "A", "section": 152}, "model": "chordcharts.line"}, {"pk": 145, "fields": {"number": 4, "_merge_with_next_line": false, "letter": "C", "section": 152}, "model": "chordcharts.line"}, {"pk": 146, "fields": {"number": 1, "_merge_with_next_line": false, "letter": "A", "section": 153}, "model": "chordcharts.line"}, {"pk": 147, "fields": {"number": 2, "_merge_with_next_line": false, "letter": "B", "section": 153}, "model": "chordcharts.line"}, {"pk": 148, "fields": {"number": 3, "_merge_with_next_line": false, "letter": "A", "section": 153}, "model": "chordcharts.line"}, {"pk": 149, "fields": {"number": 4, "_merge_with_next_line": false, "letter": "C", "section": 153}, "model": "chordcharts.line"}, {"pk": 150, "fields": {"number": 1, "_merge_with_next_line": false, "letter": "A", "section": 154}, "model": "chordcharts.line"}, {"pk": 151, "fields": {"number": 2, "_merge_with_next_line": false, "letter": "A", "section": 154}, "model": "chordcharts.line"}, {"pk": 152, "fields": {"number": 1, "_merge_with_next_line": false, "letter": "A", "section": 155}, "model": "chordcharts.line"}, {"pk": 153, "fields": {"number": 2, "_merge_with_next_line": false, "letter": "A", "section": 155}, "model": "chordcharts.line"}, {"pk": 154, "fields": {"number": 1, "_merge_with_next_line": false, "letter": "A", "section": 156}, "model": "chordcharts.line"}, {"pk": 161, "fields": {"number": 2, "_merge_with_next_line": false, "letter": "B", "section": 156}, "model": "chordcharts.line"}, {"pk": 162, "fields": {"number": 3, "_merge_with_next_line": false, "letter": "A", "section": 156}, "model": "chordcharts.line"}, {"pk": 163, "fields": {"number": 4, "_merge_with_next_line": false, "letter": "C", "section": 156}, "model": "chordcharts.line"}, {"pk": 300, "fields": {"number": 1, "_merge_with_next_line": false, "letter": "A", "section": 243}, "model": "chordcharts.line"}, {"pk": 301, "fields": {"number": 1, "_merge_with_next_line": false, "letter": "A", "section": 244}, "model": "chordcharts.line"}, {"pk": 302, "fields": {"number": 2, "_merge_with_next_line": false, "letter": "A", "section": 244}, "model": "chordcharts.line"}, {"pk": 303, "fields": {"number": 3, "_merge_with_next_line": false, "letter": "B", "section": 244}, "model": "chordcharts.line"}, {"pk": 304, "fields": {"number": 4, "_merge_with_next_line": false, "letter": "A", "section": 244}, "model": "chordcharts.line"}, {"pk": 306, "fields": {"number": 1, "_merge_with_next_line": false, "letter": "A", "section": 245}, "model": "chordcharts.line"}, {"pk": 307, "fields": {"number": 2, "_merge_with_next_line": false, "letter": "A", "section": 245}, "model": "chordcharts.line"}, {"pk": 308, "fields": {"number": 3, "_merge_with_next_line": false, "letter": "B", "section": 245}, "model": "chordcharts.line"}, {"pk": 309, "fields": {"number": 4, "_merge_with_next_line": false, "letter": "A", "section": 245}, "model": "chordcharts.line"}, {"pk": 310, "fields": {"number": 1, "_merge_with_next_line": false, "letter": "A", "section": 246}, "model": "chordcharts.line"}, {"pk": 314, "fields": {"number": 1, "_merge_with_next_line": false, "letter": "A", "section": 249}, "model": "chordcharts.line"}, {"pk": 315, "fields": {"number": 2, "_merge_with_next_line": false, "letter": "A", "section": 249}, "model": "chordcharts.line"}, {"pk": 316, "fields": {"number": 3, "_merge_with_next_line": false, "letter": "A", "section": 249}, "model": "chordcharts.line"}, {"pk": 317, "fields": {"number": 4, "_merge_with_next_line": false, "letter": "A", "section": 249}, "model": "chordcharts.line"}, {"pk": 318, "fields": {"number": 5, "_merge_with_next_line": false, "letter": "B", "section": 249}, "model": "chordcharts.line"}, {"pk": 319, "fields": {"number": 6, "_merge_with_next_line": false, "letter": "A", "section": 249}, "model": "chordcharts.line"}, {"pk": 320, "fields": {"number": 7, "_merge_with_next_line": false, "letter": "A", "section": 249}, "model": "chordcharts.line"}, {"pk": 380, "fields": {"number": 1, "_merge_with_next_line": false, "letter": "A", "section": 303}, "model": "chordcharts.line"}, {"pk": 381, "fields": {"number": 2, "_merge_with_next_line": false, "letter": "B", "section": 303}, "model": "chordcharts.line"}, {"pk": 382, "fields": {"number": 3, "_merge_with_next_line": false, "letter": "A", "section": 303}, "model": "chordcharts.line"}, {"pk": 383, "fields": {"number": 4, "_merge_with_next_line": false, "letter": "C", "section": 303}, "model": "chordcharts.line"}, {"pk": 384, "fields": {"number": 1, "_merge_with_next_line": false, "letter": "A", "section": 304}, "model": "chordcharts.line"}, {"pk": 385, "fields": {"number": 2, "_merge_with_next_line": false, "letter": "A", "section": 304}, "model": "chordcharts.line"}, {"pk": 410, "fields": {"number": 1, "_merge_with_next_line": false, "letter": "A", "section": 320}, "model": "chordcharts.line"}, {"pk": 411, "fields": {"number": 1, "_merge_with_next_line": false, "letter": "A", "section": 321}, "model": "chordcharts.line"}, {"pk": 412, "fields": {"number": 2, "_merge_with_next_line": false, "letter": "A", "section": 321}, "model": "chordcharts.line"}, {"pk": 414, "fields": {"number": 3, "_merge_with_next_line": false, "letter": "A", "section": 321}, "model": "chordcharts.line"}, {"pk": 415, "fields": {"number": 4, "_merge_with_next_line": false, "letter": "A", "section": 321}, "model": "chordcharts.line"}, {"pk": 416, "fields": {"number": 1, "_merge_with_next_line": false, "letter": "A", "section": 323}, "model": "chordcharts.line"}, {"pk": 417, "fields": {"number": 1, "_merge_with_next_line": false, "letter": "A", "section": 324}, "model": "chordcharts.line"}, {"pk": 418, "fields": {"number": 2, "_merge_with_next_line": false, "letter": "A", "section": 323}, "model": "chordcharts.line"}, {"pk": 436, "fields": {"number": 2, "_merge_with_next_line": false, "letter": "A", "section": 336}, "model": "chordcharts.line"}, {"pk": 437, "fields": {"number": 2, "_merge_with_next_line": false, "letter": "A", "section": 337}, "model": "chordcharts.line"}, {"pk": 442, "fields": {"number": 1, "_merge_with_next_line": false, "letter": "A", "section": 343}, "model": "chordcharts.line"}, {"pk": 443, "fields": {"number": 2, "_merge_with_next_line": false, "letter": "A", "section": 343}, "model": "chordcharts.line"}, {"pk": 444, "fields": {"number": 1, "_merge_with_next_line": false, "letter": "A", "section": 344}, "model": "chordcharts.line"}, {"pk": 445, "fields": {"number": 2, "_merge_with_next_line": false, "letter": "A", "section": 344}, "model": "chordcharts.line"}, {"pk": 446, "fields": {"number": 3, "_merge_with_next_line": false, "letter": "A", "section": 344}, "model": "chordcharts.line"}, {"pk": 447, "fields": {"number": 4, "_merge_with_next_line": false, "letter": "A", "section": 344}, "model": "chordcharts.line"}, {"pk": 450, "fields": {"number": 7, "_merge_with_next_line": false, "letter": "A", "section": 344}, "model": "chordcharts.line"}, {"pk": 451, "fields": {"number": 8, "_merge_with_next_line": false, "letter": "A", "section": 344}, "model": "chordcharts.line"}, {"pk": 452, "fields": {"number": 1, "_merge_with_next_line": false, "letter": "A", "section": 345}, "model": "chordcharts.line"}, {"pk": 453, "fields": {"number": 2, "_merge_with_next_line": false, "letter": "A", "section": 345}, "model": "chordcharts.line"}, {"pk": 454, "fields": {"number": 3, "_merge_with_next_line": false, "letter": "A", "section": 345}, "model": "chordcharts.line"}, {"pk": 455, "fields": {"number": 4, "_merge_with_next_line": false, "letter": "A", "section": 345}, "model": "chordcharts.line"}, {"pk": 1, "fields": {"number": 1, "line": 1, "beat_schema": "2-2"}, "model": "chordcharts.measure"}, {"pk": 2, "fields": {"number": 2, "line": 1, "beat_schema": "2-2"}, "model": "chordcharts.measure"}, {"pk": 3, "fields": {"number": 3, "line": 1, "beat_schema": "2-2"}, "model": "chordcharts.measure"}, {"pk": 4, "fields": {"number": 4, "line": 1, "beat_schema": "2-2"}, "model": "chordcharts.measure"}, {"pk": 5, "fields": {"number": 1, "line": 2, "beat_schema": "4"}, "model": "chordcharts.measure"}, {"pk": 7, "fields": {"number": 2, "line": 2, "beat_schema": "4"}, "model": "chordcharts.measure"}, {"pk": 8, "fields": {"number": 3, "line": 2, "beat_schema": "4"}, "model": "chordcharts.measure"}, {"pk": 9, "fields": {"number": 4, "line": 2, "beat_schema": "4"}, "model": "chordcharts.measure"}, {"pk": 10, "fields": {"number": 5, "line": 2, "beat_schema": "4"}, "model": "chordcharts.measure"}, {"pk": 11, "fields": {"number": 6, "line": 2, "beat_schema": "2-1-1"}, "model": "chordcharts.measure"}, {"pk": 12, "fields": {"number": 7, "line": 2, "beat_schema": "4"}, "model": "chordcharts.measure"}, {"pk": 13, "fields": {"number": 8, "line": 2, "beat_schema": "4"}, "model": "chordcharts.measure"}, {"pk": 14, "fields": {"number": 1, "line": 3, "beat_schema": "4"}, "model": "chordcharts.measure"}, {"pk": 15, "fields": {"number": 2, "line": 3, "beat_schema": "4"}, "model": "chordcharts.measure"}, {"pk": 16, "fields": {"number": 3, "line": 3, "beat_schema": "4"}, "model": "chordcharts.measure"}, {"pk": 17, "fields": {"number": 4, "line": 3, "beat_schema": "4"}, "model": "chordcharts.measure"}, {"pk": 18, "fields": {"number": 5, "line": 3, "beat_schema": "4"}, "model": "chordcharts.measure"}, {"pk": 19, "fields": {"number": 6, "line": 3, "beat_schema": "4"}, "model": "chordcharts.measure"}, {"pk": 20, "fields": {"number": 7, "line": 3, "beat_schema": "4"}, "model": "chordcharts.measure"}, {"pk": 21, "fields": {"number": 8, "line": 3, "beat_schema": "4"}, "model": "chordcharts.measure"}, {"pk": 22, "fields": {"number": 1, "line": 4, "beat_schema": "4"}, "model": "chordcharts.measure"}, {"pk": 23, "fields": {"number": 2, "line": 4, "beat_schema": "4"}, "model": "chordcharts.measure"}, {"pk": 24, "fields": {"number": 3, "line": 4, "beat_schema": "4"}, "model": "chordcharts.measure"}, {"pk": 25, "fields": {"number": 4, "line": 4, "beat_schema": "4"}, "model": "chordcharts.measure"}, {"pk": 26, "fields": {"number": 5, "line": 4, "beat_schema": "4"}, "model": "chordcharts.measure"}, {"pk": 27, "fields": {"number": 6, "line": 4, "beat_schema": "2-1-1"}, "model": "chordcharts.measure"}, {"pk": 28, "fields": {"number": 7, "line": 4, "beat_schema": "4"}, "model": "chordcharts.measure"}, {"pk": 29, "fields": {"number": 8, "line": 4, "beat_schema": "4"}, "model": "chordcharts.measure"}, {"pk": 30, "fields": {"number": 4, "line": 5, "beat_schema": "4"}, "model": "chordcharts.measure"}, {"pk": 31, "fields": {"number": 4, "line": 5, "beat_schema": "4"}, "model": "chordcharts.measure"}, {"pk": 32, "fields": {"number": 1, "line": 6, "beat_schema": "2-2"}, "model": "chordcharts.measure"}, {"pk": 33, "fields": {"number": 2, "line": 6, "beat_schema": "2-2"}, "model": "chordcharts.measure"}, {"pk": 34, "fields": {"number": 3, "line": 6, "beat_schema": "2-2"}, "model": "chordcharts.measure"}, {"pk": 35, "fields": {"number": 4, "line": 6, "beat_schema": "2-2"}, "model": "chordcharts.measure"}, {"pk": 36, "fields": {"number": 5, "line": 6, "beat_schema": "2-2"}, "model": "chordcharts.measure"}, {"pk": 37, "fields": {"number": 6, "line": 6, "beat_schema": "4"}, "model": "chordcharts.measure"}, {"pk": 38, "fields": {"number": 7, "line": 6, "beat_schema": "4"}, "model": "chordcharts.measure"}, {"pk": 39, "fields": {"number": 8, "line": 6, "beat_schema": "4"}, "model": "chordcharts.measure"}, {"pk": 40, "fields": {"number": 1, "line": 7, "beat_schema": "2-2"}, "model": "chordcharts.measure"}, {"pk": 41, "fields": {"number": 2, "line": 7, "beat_schema": "2-2"}, "model": "chordcharts.measure"}, {"pk": 42, "fields": {"number": 3, "line": 7, "beat_schema": "2-2"}, "model": "chordcharts.measure"}, {"pk": 43, "fields": {"number": 4, "line": 7, "beat_schema": "2-2"}, "model": "chordcharts.measure"}, {"pk": 44, "fields": {"number": 5, "line": 7, "beat_schema": "4"}, "model": "chordcharts.measure"}, {"pk": 45, "fields": {"number": 6, "line": 7, "beat_schema": "4"}, "model": "chordcharts.measure"}, {"pk": 46, "fields": {"number": 7, "line": 7, "beat_schema": "4"}, "model": "chordcharts.measure"}, {"pk": 47, "fields": {"number": 8, "line": 7, "beat_schema": "4"}, "model": "chordcharts.measure"}, {"pk": 111, "fields": {"number": 1, "line": 140, "beat_schema": "4"}, "model": "chordcharts.measure"}, {"pk": 112, "fields": {"number": 2, "line": 140, "beat_schema": "4"}, "model": "chordcharts.measure"}, {"pk": 113, "fields": {"number": 3, "line": 140, "beat_schema": "4"}, "model": "chordcharts.measure"}, {"pk": 114, "fields": {"number": 4, "line": 140, "beat_schema": "4"}, "model": "chordcharts.measure"}, {"pk": 115, "fields": {"number": 5, "line": 140, "beat_schema": "4"}, "model": "chordcharts.measure"}, {"pk": 116, "fields": {"number": 6, "line": 140, "beat_schema": "2-2"}, "model": "chordcharts.measure"}, {"pk": 117, "fields": {"number": 7, "line": 140, "beat_schema": "4"}, "model": "chordcharts.measure"}, {"pk": 118, "fields": {"number": 8, "line": 140, "beat_schema": "4"}, "model": "chordcharts.measure"}, {"pk": 119, "fields": {"number": 1, "line": 141, "beat_schema": "2-2"}, "model": "chordcharts.measure"}, {"pk": 120, "fields": {"number": 2, "line": 141, "beat_schema": "4"}, "model": "chordcharts.measure"}, {"pk": 121, "fields": {"number": 3, "line": 141, "beat_schema": "2-2"}, "model": "chordcharts.measure"}, {"pk": 122, "fields": {"number": 4, "line": 141, "beat_schema": "4"}, "model": "chordcharts.measure"}, {"pk": 123, "fields": {"number": 5, "line": 141, "beat_schema": "2-2"}, "model": "chordcharts.measure"}, {"pk": 124, "fields": {"number": 6, "line": 141, "beat_schema": "2-2"}, "model": "chordcharts.measure"}, {"pk": 125, "fields": {"number": 7, "line": 141, "beat_schema": "4"}, "model": "chordcharts.measure"}, {"pk": 126, "fields": {"number": 8, "line": 141, "beat_schema": "4"}, "model": "chordcharts.measure"}, {"pk": 127, "fields": {"number": 1, "line": 142, "beat_schema": "4"}, "model": "chordcharts.measure"}, {"pk": 128, "fields": {"number": 2, "line": 142, "beat_schema": "4"}, "model": "chordcharts.measure"}, {"pk": 129, "fields": {"number": 3, "line": 142, "beat_schema": "4"}, "model": "chordcharts.measure"}, {"pk": 130, "fields": {"number": 4, "line": 142, "beat_schema": "4"}, "model": "chordcharts.measure"}, {"pk": 131, "fields": {"number": 5, "line": 142, "beat_schema": "4"}, "model": "chordcharts.measure"}, {"pk": 132, "fields": {"number": 6, "line": 142, "beat_schema": "4"}, "model": "chordcharts.measure"}, {"pk": 133, "fields": {"number": 7, "line": 142, "beat_schema": "4"}, "model": "chordcharts.measure"}, {"pk": 134, "fields": {"number": 8, "line": 142, "beat_schema": "2-1-1"}, "model": "chordcharts.measure"}, {"pk": 135, "fields": {"number": 1, "line": 143, "beat_schema": "4"}, "model": "chordcharts.measure"}, {"pk": 136, "fields": {"number": 2, "line": 143, "beat_schema": "4"}, "model": "chordcharts.measure"}, {"pk": 137, "fields": {"number": 3, "line": 143, "beat_schema": "4"}, "model": "chordcharts.measure"}, {"pk": 138, "fields": {"number": 4, "line": 143, "beat_schema": "4"}, "model": "chordcharts.measure"}, {"pk": 139, "fields": {"number": 5, "line": 143, "beat_schema": "4"}, "model": "chordcharts.measure"}, {"pk": 140, "fields": {"number": 6, "line": 143, "beat_schema": "4"}, "model": "chordcharts.measure"}, {"pk": 141, "fields": {"number": 7, "line": 143, "beat_schema": "4"}, "model": "chordcharts.measure"}, {"pk": 142, "fields": {"number": 8, "line": 143, "beat_schema": "4"}, "model": "chordcharts.measure"}, {"pk": 143, "fields": {"number": 1, "line": 144, "beat_schema": "4"}, "model": "chordcharts.measure"}, {"pk": 144, "fields": {"number": 2, "line": 144, "beat_schema": "4"}, "model": "chordcharts.measure"}, {"pk": 145, "fields": {"number": 3, "line": 144, "beat_schema": "4"}, "model": "chordcharts.measure"}, {"pk": 146, "fields": {"number": 4, "line": 144, "beat_schema": "4"}, "model": "chordcharts.measure"}, {"pk": 147, "fields": {"number": 5, "line": 144, "beat_schema": "4"}, "model": "chordcharts.measure"}, {"pk": 148, "fields": {"number": 6, "line": 144, "beat_schema": "4"}, "model": "chordcharts.measure"}, {"pk": 149, "fields": {"number": 7, "line": 144, "beat_schema": "4"}, "model": "chordcharts.measure"}, {"pk": 150, "fields": {"number": 8, "line": 144, "beat_schema": "2-1-1"}, "model": "chordcharts.measure"}, {"pk": 151, "fields": {"number": 1, "line": 145, "beat_schema": "4"}, "model": "chordcharts.measure"}, {"pk": 152, "fields": {"number": 2, "line": 145, "beat_schema": "4"}, "model": "chordcharts.measure"}, {"pk": 153, "fields": {"number": 3, "line": 145, "beat_schema": "4"}, "model": "chordcharts.measure"}, {"pk": 154, "fields": {"number": 4, "line": 145, "beat_schema": "4"}, "model": "chordcharts.measure"}, {"pk": 155, "fields": {"number": 5, "line": 145, "beat_schema": "4"}, "model": "chordcharts.measure"}, {"pk": 156, "fields": {"number": 6, "line": 145, "beat_schema": "4"}, "model": "chordcharts.measure"}, {"pk": 157, "fields": {"number": 7, "line": 145, "beat_schema": "4"}, "model": "chordcharts.measure"}, {"pk": 158, "fields": {"number": 8, "line": 145, "beat_schema": "4"}, "model": "chordcharts.measure"}, {"pk": 159, "fields": {"number": 1, "line": 146, "beat_schema": "4"}, "model": "chordcharts.measure"}, {"pk": 160, "fields": {"number": 2, "line": 146, "beat_schema": "4"}, "model": "chordcharts.measure"}, {"pk": 161, "fields": {"number": 3, "line": 146, "beat_schema": "2-2"}, "model": "chordcharts.measure"}, {"pk": 162, "fields": {"number": 4, "line": 146, "beat_schema": "4"}, "model": "chordcharts.measure"}, {"pk": 163, "fields": {"number": 5, "line": 146, "beat_schema": "2-2"}, "model": "chordcharts.measure"}, {"pk": 164, "fields": {"number": 6, "line": 146, "beat_schema": "2-2"}, "model": "chordcharts.measure"}, {"pk": 165, "fields": {"number": 7, "line": 146, "beat_schema": "4"}, "model": "chordcharts.measure"}, {"pk": 166, "fields": {"number": 8, "line": 146, "beat_schema": "2-2"}, "model": "chordcharts.measure"}, {"pk": 167, "fields": {"number": 1, "line": 147, "beat_schema": "4"}, "model": "chordcharts.measure"}, {"pk": 168, "fields": {"number": 2, "line": 147, "beat_schema": "4"}, "model": "chordcharts.measure"}, {"pk": 169, "fields": {"number": 3, "line": 147, "beat_schema": "4"}, "model": "chordcharts.measure"}, {"pk": 170, "fields": {"number": 4, "line": 147, "beat_schema": "4"}, "model": "chordcharts.measure"}, {"pk": 171, "fields": {"number": 5, "line": 147, "beat_schema": "4"}, "model": "chordcharts.measure"}, {"pk": 172, "fields": {"number": 6, "line": 147, "beat_schema": "4"}, "model": "chordcharts.measure"}, {"pk": 173, "fields": {"number": 7, "line": 147, "beat_schema": "4"}, "model": "chordcharts.measure"}, {"pk": 174, "fields": {"number": 8, "line": 147, "beat_schema": "4"}, "model": "chordcharts.measure"}, {"pk": 175, "fields": {"number": 1, "line": 148, "beat_schema": "4"}, "model": "chordcharts.measure"}, {"pk": 176, "fields": {"number": 2, "line": 148, "beat_schema": "4"}, "model": "chordcharts.measure"}, {"pk": 177, "fields": {"number": 3, "line": 148, "beat_schema": "2-2"}, "model": "chordcharts.measure"}, {"pk": 178, "fields": {"number": 4, "line": 148, "beat_schema": "4"}, "model": "chordcharts.measure"}, {"pk": 179, "fields": {"number": 5, "line": 148, "beat_schema": "2-2"}, "model": "chordcharts.measure"}, {"pk": 180, "fields": {"number": 6, "line": 148, "beat_schema": "2-2"}, "model": "chordcharts.measure"}, {"pk": 181, "fields": {"number": 7, "line": 148, "beat_schema": "4"}, "model": "chordcharts.measure"}, {"pk": 182, "fields": {"number": 8, "line": 148, "beat_schema": "4"}, "model": "chordcharts.measure"}, {"pk": 183, "fields": {"number": 1, "line": 149, "beat_schema": "4"}, "model": "chordcharts.measure"}, {"pk": 184, "fields": {"number": 2, "line": 149, "beat_schema": "4"}, "model": "chordcharts.measure"}, {"pk": 185, "fields": {"number": 3, "line": 149, "beat_schema": "4"}, "model": "chordcharts.measure"}, {"pk": 186, "fields": {"number": 4, "line": 149, "beat_schema": "4"}, "model": "chordcharts.measure"}, {"pk": 187, "fields": {"number": 5, "line": 149, "beat_schema": "4"}, "model": "chordcharts.measure"}, {"pk": 188, "fields": {"number": 6, "line": 149, "beat_schema": "4"}, "model": "chordcharts.measure"}, {"pk": 189, "fields": {"number": 7, "line": 149, "beat_schema": "4"}, "model": "chordcharts.measure"}, {"pk": 190, "fields": {"number": 8, "line": 149, "beat_schema": "4"}, "model": "chordcharts.measure"}, {"pk": 191, "fields": {"number": 1, "line": 150, "beat_schema": "4"}, "model": "chordcharts.measure"}, {"pk": 192, "fields": {"number": 2, "line": 150, "beat_schema": "4"}, "model": "chordcharts.measure"}, {"pk": 193, "fields": {"number": 3, "line": 150, "beat_schema": "4"}, "model": "chordcharts.measure"}, {"pk": 194, "fields": {"number": 4, "line": 150, "beat_schema": "4"}, "model": "chordcharts.measure"}, {"pk": 195, "fields": {"number": 5, "line": 150, "beat_schema": "4"}, "model": "chordcharts.measure"}, {"pk": 196, "fields": {"number": 6, "line": 150, "beat_schema": "4"}, "model": "chordcharts.measure"}, {"pk": 197, "fields": {"number": 7, "line": 150, "beat_schema": "4"}, "model": "chordcharts.measure"}, {"pk": 198, "fields": {"number": 8, "line": 150, "beat_schema": "4"}, "model": "chordcharts.measure"}, {"pk": 199, "fields": {"number": 1, "line": 151, "beat_schema": "4"}, "model": "chordcharts.measure"}, {"pk": 200, "fields": {"number": 2, "line": 151, "beat_schema": "4"}, "model": "chordcharts.measure"}, {"pk": 201, "fields": {"number": 3, "line": 151, "beat_schema": "4"}, "model": "chordcharts.measure"}, {"pk": 202, "fields": {"number": 4, "line": 151, "beat_schema": "4"}, "model": "chordcharts.measure"}, {"pk": 203, "fields": {"number": 5, "line": 151, "beat_schema": "4"}, "model": "chordcharts.measure"}, {"pk": 204, "fields": {"number": 6, "line": 151, "beat_schema": "4"}, "model": "chordcharts.measure"}, {"pk": 205, "fields": {"number": 7, "line": 151, "beat_schema": "4"}, "model": "chordcharts.measure"}, {"pk": 206, "fields": {"number": 8, "line": 151, "beat_schema": "4"}, "model": "chordcharts.measure"}, {"pk": 207, "fields": {"number": 1, "line": 152, "beat_schema": "4"}, "model": "chordcharts.measure"}, {"pk": 208, "fields": {"number": 2, "line": 152, "beat_schema": "4"}, "model": "chordcharts.measure"}, {"pk": 209, "fields": {"number": 3, "line": 152, "beat_schema": "4"}, "model": "chordcharts.measure"}, {"pk": 210, "fields": {"number": 4, "line": 152, "beat_schema": "4"}, "model": "chordcharts.measure"}, {"pk": 211, "fields": {"number": 5, "line": 152, "beat_schema": "4"}, "model": "chordcharts.measure"}, {"pk": 212, "fields": {"number": 6, "line": 152, "beat_schema": "2-2"}, "model": "chordcharts.measure"}, {"pk": 213, "fields": {"number": 7, "line": 152, "beat_schema": "4"}, "model": "chordcharts.measure"}, {"pk": 214, "fields": {"number": 8, "line": 152, "beat_schema": "4"}, "model": "chordcharts.measure"}, {"pk": 215, "fields": {"number": 1, "line": 153, "beat_schema": "4"}, "model": "chordcharts.measure"}, {"pk": 216, "fields": {"number": 2, "line": 153, "beat_schema": "4"}, "model": "chordcharts.measure"}, {"pk": 217, "fields": {"number": 3, "line": 153, "beat_schema": "4"}, "model": "chordcharts.measure"}, {"pk": 218, "fields": {"number": 4, "line": 153, "beat_schema": "4"}, "model": "chordcharts.measure"}, {"pk": 219, "fields": {"number": 5, "line": 153, "beat_schema": "4"}, "model": "chordcharts.measure"}, {"pk": 220, "fields": {"number": 6, "line": 153, "beat_schema": "4"}, "model": "chordcharts.measure"}, {"pk": 221, "fields": {"number": 7, "line": 153, "beat_schema": "4"}, "model": "chordcharts.measure"}, {"pk": 222, "fields": {"number": 8, "line": 153, "beat_schema": "4"}, "model": "chordcharts.measure"}, {"pk": 223, "fields": {"number": 1, "line": 154, "beat_schema": "4"}, "model": "chordcharts.measure"}, {"pk": 224, "fields": {"number": 2, "line": 154, "beat_schema": "4"}, "model": "chordcharts.measure"}, {"pk": 225, "fields": {"number": 3, "line": 154, "beat_schema": "4"}, "model": "chordcharts.measure"}, {"pk": 226, "fields": {"number": 4, "line": 154, "beat_schema": "4"}, "model": "chordcharts.measure"}, {"pk": 227, "fields": {"number": 5, "line": 154, "beat_schema": "4"}, "model": "chordcharts.measure"}, {"pk": 228, "fields": {"number": 6, "line": 154, "beat_schema": "4"}, "model": "chordcharts.measure"}, {"pk": 229, "fields": {"number": 7, "line": 154, "beat_schema": "4"}, "model": "chordcharts.measure"}, {"pk": 230, "fields": {"number": 8, "line": 154, "beat_schema": "4"}, "model": "chordcharts.measure"}, {"pk": 279, "fields": {"number": 1, "line": 161, "beat_schema": "4"}, "model": "chordcharts.measure"}, {"pk": 280, "fields": {"number": 2, "line": 161, "beat_schema": "4"}, "model": "chordcharts.measure"}, {"pk": 281, "fields": {"number": 3, "line": 161, "beat_schema": "4"}, "model": "chordcharts.measure"}, {"pk": 282, "fields": {"number": 4, "line": 161, "beat_schema": "4"}, "model": "chordcharts.measure"}, {"pk": 283, "fields": {"number": 5, "line": 161, "beat_schema": "4"}, "model": "chordcharts.measure"}, {"pk": 284, "fields": {"number": 6, "line": 161, "beat_schema": "4"}, "model": "chordcharts.measure"}, {"pk": 285, "fields": {"number": 7, "line": 161, "beat_schema": "4"}, "model": "chordcharts.measure"}, {"pk": 286, "fields": {"number": 8, "line": 161, "beat_schema": "4"}, "model": "chordcharts.measure"}, {"pk": 287, "fields": {"number": 1, "line": 162, "beat_schema": "4"}, "model": "chordcharts.measure"}, {"pk": 288, "fields": {"number": 2, "line": 162, "beat_schema": "4"}, "model": "chordcharts.measure"}, {"pk": 289, "fields": {"number": 3, "line": 162, "beat_schema": "4"}, "model": "chordcharts.measure"}, {"pk": 290, "fields": {"number": 4, "line": 162, "beat_schema": "4"}, "model": "chordcharts.measure"}, {"pk": 291, "fields": {"number": 5, "line": 162, "beat_schema": "4"}, "model": "chordcharts.measure"}, {"pk": 292, "fields": {"number": 6, "line": 162, "beat_schema": "4"}, "model": "chordcharts.measure"}, {"pk": 293, "fields": {"number": 7, "line": 162, "beat_schema": "4"}, "model": "chordcharts.measure"}, {"pk": 294, "fields": {"number": 8, "line": 162, "beat_schema": "4"}, "model": "chordcharts.measure"}, {"pk": 295, "fields": {"number": 1, "line": 163, "beat_schema": "4"}, "model": "chordcharts.measure"}, {"pk": 296, "fields": {"number": 2, "line": 163, "beat_schema": "4"}, "model": "chordcharts.measure"}, {"pk": 297, "fields": {"number": 3, "line": 163, "beat_schema": "4"}, "model": "chordcharts.measure"}, {"pk": 298, "fields": {"number": 4, "line": 163, "beat_schema": "4"}, "model": "chordcharts.measure"}, {"pk": 299, "fields": {"number": 5, "line": 163, "beat_schema": "4"}, "model": "chordcharts.measure"}, {"pk": 300, "fields": {"number": 6, "line": 163, "beat_schema": "4"}, "model": "chordcharts.measure"}, {"pk": 301, "fields": {"number": 7, "line": 163, "beat_schema": "4"}, "model": "chordcharts.measure"}, {"pk": 302, "fields": {"number": 8, "line": 163, "beat_schema": "4"}, "model": "chordcharts.measure"}, {"pk": 606, "fields": {"number": 1, "line": 300, "beat_schema": "2-2"}, "model": "chordcharts.measure"}, {"pk": 607, "fields": {"number": 2, "line": 300, "beat_schema": "2-2"}, "model": "chordcharts.measure"}, {"pk": 608, "fields": {"number": 3, "line": 300, "beat_schema": "2-2"}, "model": "chordcharts.measure"}, {"pk": 609, "fields": {"number": 4, "line": 300, "beat_schema": "2-2"}, "model": "chordcharts.measure"}, {"pk": 610, "fields": {"number": 1, "line": 301, "beat_schema": "4"}, "model": "chordcharts.measure"}, {"pk": 611, "fields": {"number": 2, "line": 301, "beat_schema": "4"}, "model": "chordcharts.measure"}, {"pk": 612, "fields": {"number": 3, "line": 301, "beat_schema": "4"}, "model": "chordcharts.measure"}, {"pk": 613, "fields": {"number": 4, "line": 301, "beat_schema": "2-2"}, "model": "chordcharts.measure"}, {"pk": 614, "fields": {"number": 5, "line": 301, "beat_schema": "4"}, "model": "chordcharts.measure"}, {"pk": 615, "fields": {"number": 6, "line": 301, "beat_schema": "2-2"}, "model": "chordcharts.measure"}, {"pk": 616, "fields": {"number": 7, "line": 301, "beat_schema": "2-2"}, "model": "chordcharts.measure"}, {"pk": 617, "fields": {"number": 8, "line": 301, "beat_schema": "4"}, "model": "chordcharts.measure"}, {"pk": 618, "fields": {"number": 1, "line": 302, "beat_schema": "4"}, "model": "chordcharts.measure"}, {"pk": 619, "fields": {"number": 2, "line": 302, "beat_schema": "4"}, "model": "chordcharts.measure"}, {"pk": 620, "fields": {"number": 3, "line": 302, "beat_schema": "4"}, "model": "chordcharts.measure"}, {"pk": 621, "fields": {"number": 4, "line": 302, "beat_schema": "2-2"}, "model": "chordcharts.measure"}, {"pk": 622, "fields": {"number": 5, "line": 302, "beat_schema": "4"}, "model": "chordcharts.measure"}, {"pk": 623, "fields": {"number": 6, "line": 302, "beat_schema": "2-2"}, "model": "chordcharts.measure"}, {"pk": 624, "fields": {"number": 7, "line": 302, "beat_schema": "2-2"}, "model": "chordcharts.measure"}, {"pk": 625, "fields": {"number": 8, "line": 302, "beat_schema": "4"}, "model": "chordcharts.measure"}, {"pk": 626, "fields": {"number": 1, "line": 303, "beat_schema": "4"}, "model": "chordcharts.measure"}, {"pk": 627, "fields": {"number": 2, "line": 303, "beat_schema": "4"}, "model": "chordcharts.measure"}, {"pk": 628, "fields": {"number": 3, "line": 303, "beat_schema": "4"}, "model": "chordcharts.measure"}, {"pk": 629, "fields": {"number": 4, "line": 303, "beat_schema": "2-1-1"}, "model": "chordcharts.measure"}, {"pk": 630, "fields": {"number": 5, "line": 303, "beat_schema": "4"}, "model": "chordcharts.measure"}, {"pk": 631, "fields": {"number": 6, "line": 303, "beat_schema": "4"}, "model": "chordcharts.measure"}, {"pk": 632, "fields": {"number": 7, "line": 303, "beat_schema": "4"}, "model": "chordcharts.measure"}, {"pk": 633, "fields": {"number": 8, "line": 303, "beat_schema": "4"}, "model": "chordcharts.measure"}, {"pk": 634, "fields": {"number": 1, "line": 304, "beat_schema": "4"}, "model": "chordcharts.measure"}, {"pk": 635, "fields": {"number": 2, "line": 304, "beat_schema": "4"}, "model": "chordcharts.measure"}, {"pk": 636, "fields": {"number": 3, "line": 304, "beat_schema": "4"}, "model": "chordcharts.measure"}, {"pk": 637, "fields": {"number": 4, "line": 304, "beat_schema": "2-2"}, "model": "chordcharts.measure"}, {"pk": 638, "fields": {"number": 5, "line": 304, "beat_schema": "4"}, "model": "chordcharts.measure"}, {"pk": 639, "fields": {"number": 6, "line": 304, "beat_schema": "2-2"}, "model": "chordcharts.measure"}, {"pk": 640, "fields": {"number": 7, "line": 304, "beat_schema": "2-2"}, "model": "chordcharts.measure"}, {"pk": 641, "fields": {"number": 8, "line": 304, "beat_schema": "4"}, "model": "chordcharts.measure"}, {"pk": 643, "fields": {"number": 1, "line": 306, "beat_schema": "4"}, "model": "chordcharts.measure"}, {"pk": 644, "fields": {"number": 2, "line": 306, "beat_schema": "4"}, "model": "chordcharts.measure"}, {"pk": 645, "fields": {"number": 3, "line": 306, "beat_schema": "4"}, "model": "chordcharts.measure"}, {"pk": 646, "fields": {"number": 4, "line": 306, "beat_schema": "2-2"}, "model": "chordcharts.measure"}, {"pk": 647, "fields": {"number": 5, "line": 306, "beat_schema": "4"}, "model": "chordcharts.measure"}, {"pk": 648, "fields": {"number": 6, "line": 306, "beat_schema": "2-2"}, "model": "chordcharts.measure"}, {"pk": 649, "fields": {"number": 7, "line": 306, "beat_schema": "2-2"}, "model": "chordcharts.measure"}, {"pk": 650, "fields": {"number": 8, "line": 306, "beat_schema": "4"}, "model": "chordcharts.measure"}, {"pk": 651, "fields": {"number": 1, "line": 307, "beat_schema": "4"}, "model": "chordcharts.measure"}, {"pk": 652, "fields": {"number": 2, "line": 307, "beat_schema": "4"}, "model": "chordcharts.measure"}, {"pk": 653, "fields": {"number": 3, "line": 307, "beat_schema": "4"}, "model": "chordcharts.measure"}, {"pk": 654, "fields": {"number": 4, "line": 307, "beat_schema": "2-2"}, "model": "chordcharts.measure"}, {"pk": 655, "fields": {"number": 5, "line": 307, "beat_schema": "4"}, "model": "chordcharts.measure"}, {"pk": 656, "fields": {"number": 6, "line": 307, "beat_schema": "2-2"}, "model": "chordcharts.measure"}, {"pk": 657, "fields": {"number": 7, "line": 307, "beat_schema": "2-2"}, "model": "chordcharts.measure"}, {"pk": 658, "fields": {"number": 8, "line": 307, "beat_schema": "4"}, "model": "chordcharts.measure"}, {"pk": 659, "fields": {"number": 1, "line": 308, "beat_schema": "4"}, "model": "chordcharts.measure"}, {"pk": 660, "fields": {"number": 2, "line": 308, "beat_schema": "4"}, "model": "chordcharts.measure"}, {"pk": 661, "fields": {"number": 3, "line": 308, "beat_schema": "4"}, "model": "chordcharts.measure"}, {"pk": 662, "fields": {"number": 4, "line": 308, "beat_schema": "4"}, "model": "chordcharts.measure"}, {"pk": 663, "fields": {"number": 5, "line": 308, "beat_schema": "4"}, "model": "chordcharts.measure"}, {"pk": 664, "fields": {"number": 6, "line": 308, "beat_schema": "4"}, "model": "chordcharts.measure"}, {"pk": 665, "fields": {"number": 7, "line": 308, "beat_schema": "4"}, "model": "chordcharts.measure"}, {"pk": 666, "fields": {"number": 8, "line": 308, "beat_schema": "4"}, "model": "chordcharts.measure"}, {"pk": 667, "fields": {"number": 1, "line": 309, "beat_schema": "4"}, "model": "chordcharts.measure"}, {"pk": 668, "fields": {"number": 2, "line": 309, "beat_schema": "4"}, "model": "chordcharts.measure"}, {"pk": 669, "fields": {"number": 3, "line": 309, "beat_schema": "4"}, "model": "chordcharts.measure"}, {"pk": 670, "fields": {"number": 4, "line": 309, "beat_schema": "2-2"}, "model": "chordcharts.measure"}, {"pk": 671, "fields": {"number": 5, "line": 309, "beat_schema": "4"}, "model": "chordcharts.measure"}, {"pk": 672, "fields": {"number": 6, "line": 309, "beat_schema": "2-2"}, "model": "chordcharts.measure"}, {"pk": 673, "fields": {"number": 7, "line": 309, "beat_schema": "2-2"}, "model": "chordcharts.measure"}, {"pk": 674, "fields": {"number": 8, "line": 309, "beat_schema": "4"}, "model": "chordcharts.measure"}, {"pk": 675, "fields": {"number": 1, "line": 310, "beat_schema": "4"}, "model": "chordcharts.measure"}, {"pk": 676, "fields": {"number": 2, "line": 310, "beat_schema": "4"}, "model": "chordcharts.measure"}, {"pk": 677, "fields": {"number": 3, "line": 310, "beat_schema": "4"}, "model": "chordcharts.measure"}, {"pk": 678, "fields": {"number": 4, "line": 310, "beat_schema": "4"}, "model": "chordcharts.measure"}, {"pk": 679, "fields": {"number": 5, "line": 310, "beat_schema": "4"}, "model": "chordcharts.measure"}, {"pk": 680, "fields": {"number": 6, "line": 310, "beat_schema": "4"}, "model": "chordcharts.measure"}, {"pk": 681, "fields": {"number": 7, "line": 310, "beat_schema": "2-2"}, "model": "chordcharts.measure"}, {"pk": 682, "fields": {"number": 8, "line": 310, "beat_schema": "4"}, "model": "chordcharts.measure"}, {"pk": 700, "fields": {"number": 1, "line": 314, "beat_schema": "4"}, "model": "chordcharts.measure"}, {"pk": 701, "fields": {"number": 2, "line": 314, "beat_schema": "4"}, "model": "chordcharts.measure"}, {"pk": 702, "fields": {"number": 3, "line": 314, "beat_schema": "4"}, "model": "chordcharts.measure"}, {"pk": 703, "fields": {"number": 4, "line": 314, "beat_schema": "4"}, "model": "chordcharts.measure"}, {"pk": 704, "fields": {"number": 5, "line": 314, "beat_schema": "4"}, "model": "chordcharts.measure"}, {"pk": 705, "fields": {"number": 6, "line": 314, "beat_schema": "2-2"}, "model": "chordcharts.measure"}, {"pk": 706, "fields": {"number": 7, "line": 314, "beat_schema": "4"}, "model": "chordcharts.measure"}, {"pk": 707, "fields": {"number": 8, "line": 314, "beat_schema": "2-2"}, "model": "chordcharts.measure"}, {"pk": 708, "fields": {"number": 1, "line": 315, "beat_schema": "4"}, "model": "chordcharts.measure"}, {"pk": 709, "fields": {"number": 2, "line": 315, "beat_schema": "2-2"}, "model": "chordcharts.measure"}, {"pk": 710, "fields": {"number": 3, "line": 315, "beat_schema": "4"}, "model": "chordcharts.measure"}, {"pk": 711, "fields": {"number": 4, "line": 315, "beat_schema": "4"}, "model": "chordcharts.measure"}, {"pk": 712, "fields": {"number": 5, "line": 315, "beat_schema": "4"}, "model": "chordcharts.measure"}, {"pk": 713, "fields": {"number": 6, "line": 315, "beat_schema": "4"}, "model": "chordcharts.measure"}, {"pk": 714, "fields": {"number": 7, "line": 315, "beat_schema": "2-2"}, "model": "chordcharts.measure"}, {"pk": 715, "fields": {"number": 8, "line": 315, "beat_schema": "4"}, "model": "chordcharts.measure"}, {"pk": 716, "fields": {"number": 1, "line": 316, "beat_schema": "4"}, "model": "chordcharts.measure"}, {"pk": 717, "fields": {"number": 2, "line": 316, "beat_schema": "4"}, "model": "chordcharts.measure"}, {"pk": 718, "fields": {"number": 3, "line": 316, "beat_schema": "4"}, "model": "chordcharts.measure"}, {"pk": 719, "fields": {"number": 4, "line": 316, "beat_schema": "4"}, "model": "chordcharts.measure"}, {"pk": 720, "fields": {"number": 5, "line": 316, "beat_schema": "4"}, "model": "chordcharts.measure"}, {"pk": 721, "fields": {"number": 6, "line": 316, "beat_schema": "2-2"}, "model": "chordcharts.measure"}, {"pk": 722, "fields": {"number": 7, "line": 316, "beat_schema": "4"}, "model": "chordcharts.measure"}, {"pk": 723, "fields": {"number": 8, "line": 316, "beat_schema": "2-2"}, "model": "chordcharts.measure"}, {"pk": 724, "fields": {"number": 1, "line": 317, "beat_schema": "4"}, "model": "chordcharts.measure"}, {"pk": 725, "fields": {"number": 2, "line": 317, "beat_schema": "2-2"}, "model": "chordcharts.measure"}, {"pk": 726, "fields": {"number": 3, "line": 317, "beat_schema": "4"}, "model": "chordcharts.measure"}, {"pk": 727, "fields": {"number": 4, "line": 317, "beat_schema": "4"}, "model": "chordcharts.measure"}, {"pk": 728, "fields": {"number": 5, "line": 317, "beat_schema": "4"}, "model": "chordcharts.measure"}, {"pk": 729, "fields": {"number": 6, "line": 317, "beat_schema": "2-2"}, "model": "chordcharts.measure"}, {"pk": 730, "fields": {"number": 7, "line": 317, "beat_schema": "2-2"}, "model": "chordcharts.measure"}, {"pk": 731, "fields": {"number": 8, "line": 317, "beat_schema": "2-2"}, "model": "chordcharts.measure"}, {"pk": 732, "fields": {"number": 1, "line": 318, "beat_schema": "4"}, "model": "chordcharts.measure"}, {"pk": 733, "fields": {"number": 2, "line": 318, "beat_schema": "2-2"}, "model": "chordcharts.measure"}, {"pk": 734, "fields": {"number": 3, "line": 318, "beat_schema": "4"}, "model": "chordcharts.measure"}, {"pk": 735, "fields": {"number": 4, "line": 318, "beat_schema": "4"}, "model": "chordcharts.measure"}, {"pk": 736, "fields": {"number": 5, "line": 318, "beat_schema": "4"}, "model": "chordcharts.measure"}, {"pk": 737, "fields": {"number": 6, "line": 318, "beat_schema": "4"}, "model": "chordcharts.measure"}, {"pk": 738, "fields": {"number": 7, "line": 318, "beat_schema": "4"}, "model": "chordcharts.measure"}, {"pk": 739, "fields": {"number": 8, "line": 318, "beat_schema": "4"}, "model": "chordcharts.measure"}, {"pk": 740, "fields": {"number": 1, "line": 319, "beat_schema": "4"}, "model": "chordcharts.measure"}, {"pk": 741, "fields": {"number": 2, "line": 319, "beat_schema": "4"}, "model": "chordcharts.measure"}, {"pk": 742, "fields": {"number": 3, "line": 319, "beat_schema": "4"}, "model": "chordcharts.measure"}, {"pk": 743, "fields": {"number": 4, "line": 319, "beat_schema": "4"}, "model": "chordcharts.measure"}, {"pk": 744, "fields": {"number": 5, "line": 319, "beat_schema": "4"}, "model": "chordcharts.measure"}, {"pk": 745, "fields": {"number": 6, "line": 319, "beat_schema": "2-2"}, "model": "chordcharts.measure"}, {"pk": 746, "fields": {"number": 7, "line": 319, "beat_schema": "4"}, "model": "chordcharts.measure"}, {"pk": 747, "fields": {"number": 8, "line": 319, "beat_schema": "2-2"}, "model": "chordcharts.measure"}, {"pk": 748, "fields": {"number": 1, "line": 320, "beat_schema": "4"}, "model": "chordcharts.measure"}, {"pk": 750, "fields": {"number": 2, "line": 320, "beat_schema": "2-2"}, "model": "chordcharts.measure"}, {"pk": 751, "fields": {"number": 3, "line": 320, "beat_schema": "4"}, "model": "chordcharts.measure"}, {"pk": 752, "fields": {"number": 4, "line": 320, "beat_schema": "4"}, "model": "chordcharts.measure"}, {"pk": 753, "fields": {"number": 5, "line": 320, "beat_schema": "4"}, "model": "chordcharts.measure"}, {"pk": 754, "fields": {"number": 6, "line": 320, "beat_schema": "2-2"}, "model": "chordcharts.measure"}, {"pk": 755, "fields": {"number": 7, "line": 320, "beat_schema": "4"}, "model": "chordcharts.measure"}, {"pk": 756, "fields": {"number": 8, "line": 320, "beat_schema": "2-2"}, "model": "chordcharts.measure"}, {"pk": 859, "fields": {"number": 1, "line": 380, "beat_schema": "4"}, "model": "chordcharts.measure"}, {"pk": 860, "fields": {"number": 2, "line": 380, "beat_schema": "4"}, "model": "chordcharts.measure"}, {"pk": 861, "fields": {"number": 3, "line": 380, "beat_schema": "4"}, "model": "chordcharts.measure"}, {"pk": 862, "fields": {"number": 4, "line": 380, "beat_schema": "4"}, "model": "chordcharts.measure"}, {"pk": 863, "fields": {"number": 5, "line": 380, "beat_schema": "4"}, "model": "chordcharts.measure"}, {"pk": 864, "fields": {"number": 6, "line": 380, "beat_schema": "4"}, "model": "chordcharts.measure"}, {"pk": 865, "fields": {"number": 7, "line": 380, "beat_schema": "4"}, "model": "chordcharts.measure"}, {"pk": 866, "fields": {"number": 8, "line": 380, "beat_schema": "4"}, "model": "chordcharts.measure"}, {"pk": 867, "fields": {"number": 1, "line": 381, "beat_schema": "4"}, "model": "chordcharts.measure"}, {"pk": 868, "fields": {"number": 2, "line": 381, "beat_schema": "4"}, "model": "chordcharts.measure"}, {"pk": 869, "fields": {"number": 3, "line": 381, "beat_schema": "4"}, "model": "chordcharts.measure"}, {"pk": 870, "fields": {"number": 4, "line": 381, "beat_schema": "4"}, "model": "chordcharts.measure"}, {"pk": 871, "fields": {"number": 5, "line": 381, "beat_schema": "4"}, "model": "chordcharts.measure"}, {"pk": 872, "fields": {"number": 6, "line": 381, "beat_schema": "4"}, "model": "chordcharts.measure"}, {"pk": 873, "fields": {"number": 7, "line": 381, "beat_schema": "4"}, "model": "chordcharts.measure"}, {"pk": 874, "fields": {"number": 8, "line": 381, "beat_schema": "4"}, "model": "chordcharts.measure"}, {"pk": 875, "fields": {"number": 1, "line": 382, "beat_schema": "4"}, "model": "chordcharts.measure"}, {"pk": 876, "fields": {"number": 2, "line": 382, "beat_schema": "4"}, "model": "chordcharts.measure"}, {"pk": 877, "fields": {"number": 3, "line": 382, "beat_schema": "4"}, "model": "chordcharts.measure"}, {"pk": 878, "fields": {"number": 4, "line": 382, "beat_schema": "4"}, "model": "chordcharts.measure"}, {"pk": 879, "fields": {"number": 5, "line": 382, "beat_schema": "4"}, "model": "chordcharts.measure"}, {"pk": 880, "fields": {"number": 6, "line": 382, "beat_schema": "4"}, "model": "chordcharts.measure"}, {"pk": 881, "fields": {"number": 7, "line": 382, "beat_schema": "4"}, "model": "chordcharts.measure"}, {"pk": 882, "fields": {"number": 8, "line": 382, "beat_schema": "4"}, "model": "chordcharts.measure"}, {"pk": 883, "fields": {"number": 1, "line": 383, "beat_schema": "4"}, "model": "chordcharts.measure"}, {"pk": 884, "fields": {"number": 2, "line": 383, "beat_schema": "4"}, "model": "chordcharts.measure"}, {"pk": 885, "fields": {"number": 3, "line": 383, "beat_schema": "4"}, "model": "chordcharts.measure"}, {"pk": 886, "fields": {"number": 4, "line": 383, "beat_schema": "4"}, "model": "chordcharts.measure"}, {"pk": 887, "fields": {"number": 5, "line": 383, "beat_schema": "4"}, "model": "chordcharts.measure"}, {"pk": 888, "fields": {"number": 6, "line": 383, "beat_schema": "4"}, "model": "chordcharts.measure"}, {"pk": 889, "fields": {"number": 7, "line": 383, "beat_schema": "4"}, "model": "chordcharts.measure"}, {"pk": 890, "fields": {"number": 8, "line": 383, "beat_schema": "4"}, "model": "chordcharts.measure"}, {"pk": 891, "fields": {"number": 1, "line": 384, "beat_schema": "2-2"}, "model": "chordcharts.measure"}, {"pk": 892, "fields": {"number": 2, "line": 384, "beat_schema": "2-2"}, "model": "chordcharts.measure"}, {"pk": 893, "fields": {"number": 3, "line": 384, "beat_schema": "4"}, "model": "chordcharts.measure"}, {"pk": 894, "fields": {"number": 4, "line": 384, "beat_schema": "2-2"}, "model": "chordcharts.measure"}, {"pk": 895, "fields": {"number": 5, "line": 384, "beat_schema": "2-2"}, "model": "chordcharts.measure"}, {"pk": 896, "fields": {"number": 6, "line": 384, "beat_schema": "2-2"}, "model": "chordcharts.measure"}, {"pk": 897, "fields": {"number": 7, "line": 384, "beat_schema": "2-2"}, "model": "chordcharts.measure"}, {"pk": 898, "fields": {"number": 8, "line": 384, "beat_schema": "4"}, "model": "chordcharts.measure"}, {"pk": 899, "fields": {"number": 1, "line": 385, "beat_schema": "2-2"}, "model": "chordcharts.measure"}, {"pk": 900, "fields": {"number": 2, "line": 385, "beat_schema": "4"}, "model": "chordcharts.measure"}, {"pk": 953, "fields": {"number": 1, "line": 410, "beat_schema": "2-2"}, "model": "chordcharts.measure"}, {"pk": 954, "fields": {"number": 2, "line": 410, "beat_schema": "2-2"}, "model": "chordcharts.measure"}, {"pk": 955, "fields": {"number": 3, "line": 410, "beat_schema": "2-2"}, "model": "chordcharts.measure"}, {"pk": 956, "fields": {"number": 4, "line": 410, "beat_schema": "2-2"}, "model": "chordcharts.measure"}, {"pk": 957, "fields": {"number": 1, "line": 411, "beat_schema": "4"}, "model": "chordcharts.measure"}, {"pk": 958, "fields": {"number": 2, "line": 411, "beat_schema": "4"}, "model": "chordcharts.measure"}, {"pk": 959, "fields": {"number": 3, "line": 411, "beat_schema": "2-2"}, "model": "chordcharts.measure"}, {"pk": 960, "fields": {"number": 4, "line": 411, "beat_schema": "4"}, "model": "chordcharts.measure"}, {"pk": 961, "fields": {"number": 5, "line": 411, "beat_schema": "4"}, "model": "chordcharts.measure"}, {"pk": 962, "fields": {"number": 6, "line": 411, "beat_schema": "4"}, "model": "chordcharts.measure"}, {"pk": 963, "fields": {"number": 7, "line": 411, "beat_schema": "2-2"}, "model": "chordcharts.measure"}, {"pk": 964, "fields": {"number": 8, "line": 411, "beat_schema": "2-2"}, "model": "chordcharts.measure"}, {"pk": 965, "fields": {"number": 1, "line": 412, "beat_schema": "4"}, "model": "chordcharts.measure"}, {"pk": 966, "fields": {"number": 2, "line": 412, "beat_schema": "4"}, "model": "chordcharts.measure"}, {"pk": 967, "fields": {"number": 3, "line": 412, "beat_schema": "2-2"}, "model": "chordcharts.measure"}, {"pk": 968, "fields": {"number": 4, "line": 412, "beat_schema": "4"}, "model": "chordcharts.measure"}, {"pk": 969, "fields": {"number": 5, "line": 412, "beat_schema": "4"}, "model": "chordcharts.measure"}, {"pk": 970, "fields": {"number": 6, "line": 412, "beat_schema": "4"}, "model": "chordcharts.measure"}, {"pk": 971, "fields": {"number": 7, "line": 412, "beat_schema": "2-2"}, "model": "chordcharts.measure"}, {"pk": 972, "fields": {"number": 8, "line": 412, "beat_schema": "2-2"}, "model": "chordcharts.measure"}, {"pk": 974, "fields": {"number": 1, "line": 414, "beat_schema": "4"}, "model": "chordcharts.measure"}, {"pk": 975, "fields": {"number": 2, "line": 414, "beat_schema": "4"}, "model": "chordcharts.measure"}, {"pk": 976, "fields": {"number": 3, "line": 414, "beat_schema": "4"}, "model": "chordcharts.measure"}, {"pk": 977, "fields": {"number": 4, "line": 414, "beat_schema": "4"}, "model": "chordcharts.measure"}, {"pk": 978, "fields": {"number": 5, "line": 414, "beat_schema": "4"}, "model": "chordcharts.measure"}, {"pk": 979, "fields": {"number": 6, "line": 414, "beat_schema": "4"}, "model": "chordcharts.measure"}, {"pk": 980, "fields": {"number": 7, "line": 414, "beat_schema": "2-2"}, "model": "chordcharts.measure"}, {"pk": 981, "fields": {"number": 8, "line": 414, "beat_schema": "4"}, "model": "chordcharts.measure"}, {"pk": 982, "fields": {"number": 1, "line": 415, "beat_schema": "4"}, "model": "chordcharts.measure"}, {"pk": 983, "fields": {"number": 2, "line": 415, "beat_schema": "4"}, "model": "chordcharts.measure"}, {"pk": 984, "fields": {"number": 3, "line": 415, "beat_schema": "2-2"}, "model": "chordcharts.measure"}, {"pk": 985, "fields": {"number": 4, "line": 415, "beat_schema": "4"}, "model": "chordcharts.measure"}, {"pk": 986, "fields": {"number": 5, "line": 415, "beat_schema": "4"}, "model": "chordcharts.measure"}, {"pk": 987, "fields": {"number": 6, "line": 415, "beat_schema": "4"}, "model": "chordcharts.measure"}, {"pk": 988, "fields": {"number": 7, "line": 415, "beat_schema": "2-2"}, "model": "chordcharts.measure"}, {"pk": 989, "fields": {"number": 8, "line": 415, "beat_schema": "2-2"}, "model": "chordcharts.measure"}, {"pk": 990, "fields": {"number": 1, "line": 416, "beat_schema": "4"}, "model": "chordcharts.measure"}, {"pk": 991, "fields": {"number": 2, "line": 416, "beat_schema": "4"}, "model": "chordcharts.measure"}, {"pk": 992, "fields": {"number": 3, "line": 416, "beat_schema": "4"}, "model": "chordcharts.measure"}, {"pk": 993, "fields": {"number": 4, "line": 416, "beat_schema": "4"}, "model": "chordcharts.measure"}, {"pk": 994, "fields": {"number": 5, "line": 416, "beat_schema": "4"}, "model": "chordcharts.measure"}, {"pk": 995, "fields": {"number": 6, "line": 416, "beat_schema": "4"}, "model": "chordcharts.measure"}, {"pk": 996, "fields": {"number": 7, "line": 416, "beat_schema": "2-2"}, "model": "chordcharts.measure"}, {"pk": 997, "fields": {"number": 8, "line": 416, "beat_schema": "2-2"}, "model": "chordcharts.measure"}, {"pk": 998, "fields": {"number": 1, "line": 417, "beat_schema": "4"}, "model": "chordcharts.measure"}, {"pk": 999, "fields": {"number": 2, "line": 417, "beat_schema": "2-2"}, "model": "chordcharts.measure"}, {"pk": 1000, "fields": {"number": 3, "line": 417, "beat_schema": "2-2"}, "model": "chordcharts.measure"}, {"pk": 1001, "fields": {"number": 4, "line": 417, "beat_schema": "4"}, "model": "chordcharts.measure"}, {"pk": 1002, "fields": {"number": 5, "line": 417, "beat_schema": "4"}, "model": "chordcharts.measure"}, {"pk": 1003, "fields": {"number": 6, "line": 417, "beat_schema": "4"}, "model": "chordcharts.measure"}, {"pk": 1004, "fields": {"number": 7, "line": 417, "beat_schema": "2-2"}, "model": "chordcharts.measure"}, {"pk": 1005, "fields": {"number": 8, "line": 417, "beat_schema": "4"}, "model": "chordcharts.measure"}, {"pk": 1006, "fields": {"number": 1, "line": 418, "beat_schema": "4"}, "model": "chordcharts.measure"}, {"pk": 1007, "fields": {"number": 2, "line": 418, "beat_schema": "4"}, "model": "chordcharts.measure"}, {"pk": 1008, "fields": {"number": 3, "line": 418, "beat_schema": "4"}, "model": "chordcharts.measure"}, {"pk": 1009, "fields": {"number": 4, "line": 418, "beat_schema": "4"}, "model": "chordcharts.measure"}, {"pk": 1010, "fields": {"number": 5, "line": 418, "beat_schema": "4"}, "model": "chordcharts.measure"}, {"pk": 1011, "fields": {"number": 6, "line": 418, "beat_schema": "4"}, "model": "chordcharts.measure"}, {"pk": 1012, "fields": {"number": 7, "line": 418, "beat_schema": "2-2"}, "model": "chordcharts.measure"}, {"pk": 1013, "fields": {"number": 8, "line": 418, "beat_schema": "2-2"}, "model": "chordcharts.measure"}, {"pk": 1067, "fields": {"number": 1, "line": 436, "beat_schema": "2-2"}, "model": "chordcharts.measure"}, {"pk": 1068, "fields": {"number": 2, "line": 436, "beat_schema": "2-2"}, "model": "chordcharts.measure"}, {"pk": 1069, "fields": {"number": 3, "line": 436, "beat_schema": "2-2"}, "model": "chordcharts.measure"}, {"pk": 1070, "fields": {"number": 4, "line": 436, "beat_schema": "2-2"}, "model": "chordcharts.measure"}, {"pk": 1071, "fields": {"number": 1, "line": 437, "beat_schema": "2-2"}, "model": "chordcharts.measure"}, {"pk": 1072, "fields": {"number": 2, "line": 437, "beat_schema": "2-2"}, "model": "chordcharts.measure"}, {"pk": 1073, "fields": {"number": 3, "line": 437, "beat_schema": "2-2"}, "model": "chordcharts.measure"}, {"pk": 1074, "fields": {"number": 4, "line": 437, "beat_schema": "2-2"}, "model": "chordcharts.measure"}, {"pk": 1075, "fields": {"number": 5, "line": 437, "beat_schema": "4"}, "model": "chordcharts.measure"}, {"pk": 1076, "fields": {"number": 6, "line": 437, "beat_schema": "4"}, "model": "chordcharts.measure"}, {"pk": 1077, "fields": {"number": 7, "line": 437, "beat_schema": "4"}, "model": "chordcharts.measure"}, {"pk": 1078, "fields": {"number": 8, "line": 437, "beat_schema": "2-2"}, "model": "chordcharts.measure"}, {"pk": 1083, "fields": {"number": 1, "line": 442, "beat_schema": "4"}, "model": "chordcharts.measure"}, {"pk": 1084, "fields": {"number": 2, "line": 442, "beat_schema": "4"}, "model": "chordcharts.measure"}, {"pk": 1085, "fields": {"number": 3, "line": 442, "beat_schema": "4"}, "model": "chordcharts.measure"}, {"pk": 1086, "fields": {"number": 4, "line": 442, "beat_schema": "4"}, "model": "chordcharts.measure"}, {"pk": 1087, "fields": {"number": 5, "line": 442, "beat_schema": "4"}, "model": "chordcharts.measure"}, {"pk": 1088, "fields": {"number": 6, "line": 442, "beat_schema": "4"}, "model": "chordcharts.measure"}, {"pk": 1089, "fields": {"number": 7, "line": 442, "beat_schema": "4"}, "model": "chordcharts.measure"}, {"pk": 1090, "fields": {"number": 8, "line": 442, "beat_schema": "4"}, "model": "chordcharts.measure"}, {"pk": 1091, "fields": {"number": 1, "line": 443, "beat_schema": "4"}, "model": "chordcharts.measure"}, {"pk": 1092, "fields": {"number": 2, "line": 443, "beat_schema": "4"}, "model": "chordcharts.measure"}, {"pk": 1093, "fields": {"number": 3, "line": 443, "beat_schema": "4"}, "model": "chordcharts.measure"}, {"pk": 1094, "fields": {"number": 4, "line": 443, "beat_schema": "4"}, "model": "chordcharts.measure"}, {"pk": 1095, "fields": {"number": 5, "line": 443, "beat_schema": "4"}, "model": "chordcharts.measure"}, {"pk": 1096, "fields": {"number": 6, "line": 443, "beat_schema": "4"}, "model": "chordcharts.measure"}, {"pk": 1097, "fields": {"number": 7, "line": 443, "beat_schema": "4"}, "model": "chordcharts.measure"}, {"pk": 1098, "fields": {"number": 8, "line": 443, "beat_schema": "4"}, "model": "chordcharts.measure"}, {"pk": 1099, "fields": {"number": 1, "line": 444, "beat_schema": "2-2"}, "model": "chordcharts.measure"}, {"pk": 1100, "fields": {"number": 2, "line": 444, "beat_schema": "4"}, "model": "chordcharts.measure"}, {"pk": 1101, "fields": {"number": 3, "line": 444, "beat_schema": "2-2"}, "model": "chordcharts.measure"}, {"pk": 1102, "fields": {"number": 4, "line": 444, "beat_schema": "4"}, "model": "chordcharts.measure"}, {"pk": 1103, "fields": {"number": 5, "line": 444, "beat_schema": "4"}, "model": "chordcharts.measure"}, {"pk": 1104, "fields": {"number": 6, "line": 444, "beat_schema": "2-2"}, "model": "chordcharts.measure"}, {"pk": 1105, "fields": {"number": 7, "line": 444, "beat_schema": "4"}, "model": "chordcharts.measure"}, {"pk": 1106, "fields": {"number": 8, "line": 444, "beat_schema": "4"}, "model": "chordcharts.measure"}, {"pk": 1107, "fields": {"number": 1, "line": 445, "beat_schema": "2-2"}, "model": "chordcharts.measure"}, {"pk": 1108, "fields": {"number": 2, "line": 445, "beat_schema": "4"}, "model": "chordcharts.measure"}, {"pk": 1109, "fields": {"number": 3, "line": 445, "beat_schema": "2-2"}, "model": "chordcharts.measure"}, {"pk": 1110, "fields": {"number": 4, "line": 445, "beat_schema": "4"}, "model": "chordcharts.measure"}, {"pk": 1111, "fields": {"number": 5, "line": 445, "beat_schema": "4"}, "model": "chordcharts.measure"}, {"pk": 1112, "fields": {"number": 6, "line": 445, "beat_schema": "2-2"}, "model": "chordcharts.measure"}, {"pk": 1113, "fields": {"number": 7, "line": 445, "beat_schema": "4"}, "model": "chordcharts.measure"}, {"pk": 1114, "fields": {"number": 8, "line": 445, "beat_schema": "4"}, "model": "chordcharts.measure"}, {"pk": 1115, "fields": {"number": 1, "line": 446, "beat_schema": "4"}, "model": "chordcharts.measure"}, {"pk": 1116, "fields": {"number": 2, "line": 446, "beat_schema": "4"}, "model": "chordcharts.measure"}, {"pk": 1117, "fields": {"number": 3, "line": 446, "beat_schema": "4"}, "model": "chordcharts.measure"}, {"pk": 1118, "fields": {"number": 4, "line": 446, "beat_schema": "4"}, "model": "chordcharts.measure"}, {"pk": 1119, "fields": {"number": 5, "line": 446, "beat_schema": "4"}, "model": "chordcharts.measure"}, {"pk": 1120, "fields": {"number": 6, "line": 446, "beat_schema": "2-2"}, "model": "chordcharts.measure"}, {"pk": 1121, "fields": {"number": 7, "line": 446, "beat_schema": "4"}, "model": "chordcharts.measure"}, {"pk": 1122, "fields": {"number": 8, "line": 446, "beat_schema": "2-2"}, "model": "chordcharts.measure"}, {"pk": 1123, "fields": {"number": 1, "line": 447, "beat_schema": "4"}, "model": "chordcharts.measure"}, {"pk": 1124, "fields": {"number": 2, "line": 447, "beat_schema": "2-2"}, "model": "chordcharts.measure"}, {"pk": 1125, "fields": {"number": 3, "line": 447, "beat_schema": "4"}, "model": "chordcharts.measure"}, {"pk": 1126, "fields": {"number": 4, "line": 447, "beat_schema": "4"}, "model": "chordcharts.measure"}, {"pk": 1143, "fields": {"number": 1, "line": 450, "beat_schema": "4"}, "model": "chordcharts.measure"}, {"pk": 1144, "fields": {"number": 2, "line": 450, "beat_schema": "4"}, "model": "chordcharts.measure"}, {"pk": 1145, "fields": {"number": 3, "line": 450, "beat_schema": "4"}, "model": "chordcharts.measure"}, {"pk": 1146, "fields": {"number": 4, "line": 450, "beat_schema": "4"}, "model": "chordcharts.measure"}, {"pk": 1147, "fields": {"number": 5, "line": 450, "beat_schema": "2-2"}, "model": "chordcharts.measure"}, {"pk": 1148, "fields": {"number": 6, "line": 450, "beat_schema": "2-2"}, "model": "chordcharts.measure"}, {"pk": 1149, "fields": {"number": 7, "line": 450, "beat_schema": "4"}, "model": "chordcharts.measure"}, {"pk": 1150, "fields": {"number": 8, "line": 450, "beat_schema": "4"}, "model": "chordcharts.measure"}, {"pk": 1151, "fields": {"number": 1, "line": 451, "beat_schema": "4"}, "model": "chordcharts.measure"}, {"pk": 1152, "fields": {"number": 2, "line": 451, "beat_schema": "4"}, "model": "chordcharts.measure"}, {"pk": 1153, "fields": {"number": 3, "line": 451, "beat_schema": "4"}, "model": "chordcharts.measure"}, {"pk": 1154, "fields": {"number": 4, "line": 451, "beat_schema": "4"}, "model": "chordcharts.measure"}, {"pk": 1155, "fields": {"number": 5, "line": 451, "beat_schema": "2-2"}, "model": "chordcharts.measure"}, {"pk": 1156, "fields": {"number": 6, "line": 451, "beat_schema": "2-2"}, "model": "chordcharts.measure"}, {"pk": 1157, "fields": {"number": 7, "line": 451, "beat_schema": "4"}, "model": "chordcharts.measure"}, {"pk": 1158, "fields": {"number": 8, "line": 451, "beat_schema": "4"}, "model": "chordcharts.measure"}, {"pk": 1160, "fields": {"number": 1, "line": 452, "beat_schema": "2-2"}, "model": "chordcharts.measure"}, {"pk": 1161, "fields": {"number": 2, "line": 452, "beat_schema": "2-2"}, "model": "chordcharts.measure"}, {"pk": 1162, "fields": {"number": 3, "line": 452, "beat_schema": "2-2"}, "model": "chordcharts.measure"}, {"pk": 1163, "fields": {"number": 4, "line": 452, "beat_schema": "4"}, "model": "chordcharts.measure"}, {"pk": 1164, "fields": {"number": 5, "line": 452, "beat_schema": "2-2"}, "model": "chordcharts.measure"}, {"pk": 1165, "fields": {"number": 6, "line": 452, "beat_schema": "2-2"}, "model": "chordcharts.measure"}, {"pk": 1166, "fields": {"number": 7, "line": 452, "beat_schema": "2-1-1"}, "model": "chordcharts.measure"}, {"pk": 1167, "fields": {"number": 8, "line": 452, "beat_schema": "1-1-1-1"}, "model": "chordcharts.measure"}, {"pk": 1168, "fields": {"number": 1, "line": 453, "beat_schema": "2-2"}, "model": "chordcharts.measure"}, {"pk": 1169, "fields": {"number": 2, "line": 453, "beat_schema": "2-1-1"}, "model": "chordcharts.measure"}, {"pk": 1170, "fields": {"number": 3, "line": 453, "beat_schema": "2-1-1"}, "model": "chordcharts.measure"}, {"pk": 1171, "fields": {"number": 4, "line": 453, "beat_schema": "2-1-1"}, "model": "chordcharts.measure"}, {"pk": 1172, "fields": {"number": 5, "line": 453, "beat_schema": "4"}, "model": "chordcharts.measure"}, {"pk": 1173, "fields": {"number": 6, "line": 453, "beat_schema": "2-2"}, "model": "chordcharts.measure"}, {"pk": 1174, "fields": {"number": 7, "line": 453, "beat_schema": "4"}, "model": "chordcharts.measure"}, {"pk": 1175, "fields": {"number": 8, "line": 453, "beat_schema": "4"}, "model": "chordcharts.measure"}, {"pk": 1176, "fields": {"number": 1, "line": 454, "beat_schema": "2-2"}, "model": "chordcharts.measure"}, {"pk": 1177, "fields": {"number": 2, "line": 454, "beat_schema": "2-2"}, "model": "chordcharts.measure"}, {"pk": 1178, "fields": {"number": 3, "line": 454, "beat_schema": "2-2"}, "model": "chordcharts.measure"}, {"pk": 1179, "fields": {"number": 4, "line": 454, "beat_schema": "2-2"}, "model": "chordcharts.measure"}, {"pk": 1180, "fields": {"number": 5, "line": 454, "beat_schema": "4"}, "model": "chordcharts.measure"}, {"pk": 1181, "fields": {"number": 6, "line": 454, "beat_schema": "2-2"}, "model": "chordcharts.measure"}, {"pk": 1182, "fields": {"number": 7, "line": 454, "beat_schema": "2-2"}, "model": "chordcharts.measure"}, {"pk": 1183, "fields": {"number": 8, "line": 454, "beat_schema": "2-2"}, "model": "chordcharts.measure"}, {"pk": 1184, "fields": {"number": 1, "line": 455, "beat_schema": "4"}, "model": "chordcharts.measure"}, {"pk": 1185, "fields": {"number": 2, "line": 455, "beat_schema": "4"}, "model": "chordcharts.measure"}, {"pk": 1186, "fields": {"number": 3, "line": 455, "beat_schema": "4"}, "model": "chordcharts.measure"}, {"pk": 1187, "fields": {"number": 4, "line": 455, "beat_schema": "4"}, "model": "chordcharts.measure"}, {"pk": 1188, "fields": {"number": 5, "line": 455, "beat_schema": "2-2"}, "model": "chordcharts.measure"}, {"pk": 1189, "fields": {"number": 6, "line": 455, "beat_schema": "2-2"}, "model": "chordcharts.measure"}, {"pk": 1190, "fields": {"number": 7, "line": 455, "beat_schema": "2-2"}, "model": "chordcharts.measure"}, {"pk": 1191, "fields": {"number": 8, "line": 455, "beat_schema": "4"}, "model": "chordcharts.measure"}, {"pk": 1, "fields": {"beats": 2, "measure": 1, "rest": false, "alt_bass": false, "chord_type": 8, "alt_bass_pitch": 0, "number": 1, "chord_pitch": 0}, "model": "chordcharts.chord"}, {"pk": 2, "fields": {"beats": 2, "measure": 1, "rest": false, "alt_bass": false, "chord_type": 5, "alt_bass_pitch": 0, "number": 2, "chord_pitch": 9}, "model": "chordcharts.chord"}, {"pk": 3, "fields": {"beats": 2, "measure": 2, "rest": false, "alt_bass": false, "chord_type": 1, "alt_bass_pitch": 0, "number": 1, "chord_pitch": 5}, "model": "chordcharts.chord"}, {"pk": 4, "fields": {"beats": 2, "measure": 2, "rest": false, "alt_bass": false, "chord_type": 1, "alt_bass_pitch": 0, "number": 2, "chord_pitch": 7}, "model": "chordcharts.chord"}, {"pk": 5, "fields": {"beats": 2, "measure": 3, "rest": false, "alt_bass": false, "chord_type": 8, "alt_bass_pitch": 0, "number": 1, "chord_pitch": 0}, "model": "chordcharts.chord"}, {"pk": 6, "fields": {"beats": 2, "measure": 3, "rest": false, "alt_bass": false, "chord_type": 5, "alt_bass_pitch": 0, "number": 2, "chord_pitch": 9}, "model": "chordcharts.chord"}, {"pk": 7, "fields": {"beats": 2, "measure": 4, "rest": false, "alt_bass": false, "chord_type": 4, "alt_bass_pitch": 0, "number": 1, "chord_pitch": 5}, "model": "chordcharts.chord"}, {"pk": 8, "fields": {"beats": 2, "measure": 4, "rest": false, "alt_bass": false, "chord_type": 4, "alt_bass_pitch": 0, "number": 2, "chord_pitch": 7}, "model": "chordcharts.chord"}, {"pk": 9, "fields": {"beats": 4, "measure": 5, "rest": false, "alt_bass": false, "chord_type": 8, "alt_bass_pitch": 0, "number": 1, "chord_pitch": 0}, "model": "chordcharts.chord"}, {"pk": 10, "fields": {"beats": 4, "measure": 7, "rest": false, "alt_bass": false, "chord_type": 8, "alt_bass_pitch": 0, "number": 1, "chord_pitch": 0}, "model": "chordcharts.chord"}, {"pk": 11, "fields": {"beats": 4, "measure": 8, "rest": false, "alt_bass": false, "chord_type": 8, "alt_bass_pitch": 0, "number": 1, "chord_pitch": 0}, "model": "chordcharts.chord"}, {"pk": 12, "fields": {"beats": 4, "measure": 9, "rest": false, "alt_bass": false, "chord_type": 22, "alt_bass_pitch": 0, "number": 1, "chord_pitch": 5}, "model": "chordcharts.chord"}, {"pk": 13, "fields": {"beats": 4, "measure": 10, "rest": false, "alt_bass": false, "chord_type": 4, "alt_bass_pitch": 0, "number": 1, "chord_pitch": 0}, "model": "chordcharts.chord"}, {"pk": 14, "fields": {"beats": 2, "measure": 11, "rest": false, "alt_bass": false, "chord_type": 4, "alt_bass_pitch": 0, "number": 1, "chord_pitch": 0}, "model": "chordcharts.chord"}, {"pk": 15, "fields": {"beats": 1, "measure": 11, "rest": false, "alt_bass": true, "chord_type": 1, "alt_bass_pitch": 4, "number": 2, "chord_pitch": 0}, "model": "chordcharts.chord"}, {"pk": 16, "fields": {"beats": 1, "measure": 11, "rest": false, "alt_bass": false, "chord_type": 10, "alt_bass_pitch": 0, "number": 3, "chord_pitch": 3}, "model": "chordcharts.chord"}, {"pk": 17, "fields": {"beats": 4, "measure": 12, "rest": false, "alt_bass": false, "chord_type": 5, "alt_bass_pitch": 0, "number": 1, "chord_pitch": 2}, "model": "chordcharts.chord"}, {"pk": 18, "fields": {"beats": 4, "measure": 13, "rest": false, "alt_bass": false, "chord_type": 22, "alt_bass_pitch": 0, "number": 1, "chord_pitch": 9}, "model": "chordcharts.chord"}, {"pk": 19, "fields": {"beats": 4, "measure": 14, "rest": false, "alt_bass": false, "chord_type": 2, "alt_bass_pitch": 0, "number": 1, "chord_pitch": 2}, "model": "chordcharts.chord"}, {"pk": 20, "fields": {"beats": 4, "measure": 15, "rest": false, "alt_bass": false, "chord_type": 12, "alt_bass_pitch": 0, "number": 1, "chord_pitch": 2}, "model": "chordcharts.chord"}, {"pk": 21, "fields": {"beats": 4, "measure": 16, "rest": false, "alt_bass": false, "chord_type": 5, "alt_bass_pitch": 0, "number": 1, "chord_pitch": 2}, "model": "chordcharts.chord"}, {"pk": 22, "fields": {"beats": 4, "measure": 17, "rest": false, "alt_bass": false, "chord_type": 3, "alt_bass_pitch": 0, "number": 1, "chord_pitch": 7}, "model": "chordcharts.chord"}, {"pk": 23, "fields": {"beats": 4, "measure": 18, "rest": false, "alt_bass": false, "chord_type": 2, "alt_bass_pitch": 0, "number": 1, "chord_pitch": 2}, "model": "chordcharts.chord"}, {"pk": 24, "fields": {"beats": 4, "measure": 19, "rest": false, "alt_bass": false, "chord_type": 3, "alt_bass_pitch": 0, "number": 1, "chord_pitch": 7}, "model": "chordcharts.chord"}, {"pk": 25, "fields": {"beats": 4, "measure": 20, "rest": false, "alt_bass": false, "chord_type": 8, "alt_bass_pitch": 0, "number": 1, "chord_pitch": 0}, "model": "chordcharts.chord"}, {"pk": 26, "fields": {"beats": 4, "measure": 21, "rest": false, "alt_bass": false, "chord_type": 8, "alt_bass_pitch": 0, "number": 1, "chord_pitch": 0}, "model": "chordcharts.chord"}, {"pk": 27, "fields": {"beats": 4, "measure": 22, "rest": false, "alt_bass": false, "chord_type": 3, "alt_bass_pitch": 0, "number": 1, "chord_pitch": 0}, "model": "chordcharts.chord"}, {"pk": 28, "fields": {"beats": 4, "measure": 23, "rest": false, "alt_bass": false, "chord_type": 3, "alt_bass_pitch": 0, "number": 1, "chord_pitch": 0}, "model": "chordcharts.chord"}, {"pk": 29, "fields": {"beats": 4, "measure": 24, "rest": false, "alt_bass": false, "chord_type": 8, "alt_bass_pitch": 0, "number": 1, "chord_pitch": 5}, "model": "chordcharts.chord"}, {"pk": 30, "fields": {"beats": 4, "measure": 25, "rest": false, "alt_bass": false, "chord_type": 11, "alt_bass_pitch": 0, "number": 1, "chord_pitch": 2}, "model": "chordcharts.chord"}, {"pk": 31, "fields": {"beats": 4, "measure": 26, "rest": false, "alt_bass": false, "chord_type": 8, "alt_bass_pitch": 0, "number": 1, "chord_pitch": 0}, "model": "chordcharts.chord"}, {"pk": 32, "fields": {"beats": 2, "measure": 27, "rest": false, "alt_bass": false, "chord_type": 8, "alt_bass_pitch": 0, "number": 1, "chord_pitch": 0}, "model": "chordcharts.chord"}, {"pk": 33, "fields": {"beats": 1, "measure": 27, "rest": false, "alt_bass": false, "chord_type": 5, "alt_bass_pitch": 0, "number": 2, "chord_pitch": 4}, "model": "chordcharts.chord"}, {"pk": 34, "fields": {"beats": 4, "measure": 27, "rest": false, "alt_bass": false, "chord_type": 5, "alt_bass_pitch": 0, "number": 3, "chord_pitch": 3}, "model": "chordcharts.chord"}, {"pk": 35, "fields": {"beats": 4, "measure": 28, "rest": false, "alt_bass": false, "chord_type": 5, "alt_bass_pitch": 0, "number": 1, "chord_pitch": 2}, "model": "chordcharts.chord"}, {"pk": 36, "fields": {"beats": 4, "measure": 29, "rest": false, "alt_bass": false, "chord_type": 3, "alt_bass_pitch": 0, "number": 1, "chord_pitch": 7}, "model": "chordcharts.chord"}, {"pk": 37, "fields": {"beats": 4, "measure": 30, "rest": false, "alt_bass": false, "chord_type": 13, "alt_bass_pitch": 0, "number": 1, "chord_pitch": 7}, "model": "chordcharts.chord"}, {"pk": 38, "fields": {"beats": 4, "measure": 31, "rest": false, "alt_bass": false, "chord_type": 8, "alt_bass_pitch": 0, "number": 1, "chord_pitch": 0}, "model": "chordcharts.chord"}, {"pk": 39, "fields": {"beats": 2, "measure": 32, "rest": false, "alt_bass": false, "chord_type": 8, "alt_bass_pitch": 0, "number": 1, "chord_pitch": 0}, "model": "chordcharts.chord"}, {"pk": 40, "fields": {"beats": 2, "measure": 32, "rest": false, "alt_bass": false, "chord_type": 5, "alt_bass_pitch": 0, "number": 2, "chord_pitch": 9}, "model": "chordcharts.chord"}, {"pk": 41, "fields": {"beats": 2, "measure": 33, "rest": false, "alt_bass": false, "chord_type": 5, "alt_bass_pitch": 0, "number": 1, "chord_pitch": 2}, "model": "chordcharts.chord"}, {"pk": 42, "fields": {"beats": 2, "measure": 33, "rest": false, "alt_bass": false, "chord_type": 3, "alt_bass_pitch": 0, "number": 2, "chord_pitch": 7}, "model": "chordcharts.chord"}, {"pk": 43, "fields": {"beats": 2, "measure": 34, "rest": false, "alt_bass": false, "chord_type": 8, "alt_bass_pitch": 0, "number": 1, "chord_pitch": 0}, "model": "chordcharts.chord"}, {"pk": 44, "fields": {"beats": 2, "measure": 34, "rest": false, "alt_bass": false, "chord_type": 13, "alt_bass_pitch": 0, "number": 2, "chord_pitch": 9}, "model": "chordcharts.chord"}, {"pk": 45, "fields": {"beats": 2, "measure": 35, "rest": false, "alt_bass": false, "chord_type": 5, "alt_bass_pitch": 0, "number": 1, "chord_pitch": 2}, "model": "chordcharts.chord"}, {"pk": 46, "fields": {"beats": 2, "measure": 35, "rest": false, "alt_bass": false, "chord_type": 3, "alt_bass_pitch": 0, "number": 2, "chord_pitch": 7}, "model": "chordcharts.chord"}, {"pk": 47, "fields": {"beats": 2, "measure": 36, "rest": false, "alt_bass": false, "chord_type": 2, "alt_bass_pitch": 0, "number": 1, "chord_pitch": 4}, "model": "chordcharts.chord"}, {"pk": 48, "fields": {"beats": 2, "measure": 36, "rest": false, "alt_bass": false, "chord_type": 13, "alt_bass_pitch": 0, "number": 2, "chord_pitch": 9}, "model": "chordcharts.chord"}, {"pk": 49, "fields": {"beats": 4, "measure": 37, "rest": false, "alt_bass": false, "chord_type": 3, "alt_bass_pitch": 0, "number": 1, "chord_pitch": 2}, "model": "chordcharts.chord"}, {"pk": 50, "fields": {"beats": 4, "measure": 38, "rest": false, "alt_bass": false, "chord_type": 5, "alt_bass_pitch": 0, "number": 1, "chord_pitch": 2}, "model": "chordcharts.chord"}, {"pk": 51, "fields": {"beats": 4, "measure": 39, "rest": false, "alt_bass": false, "chord_type": 3, "alt_bass_pitch": 0, "number": 1, "chord_pitch": 7}, "model": "chordcharts.chord"}, {"pk": 52, "fields": {"beats": 2, "measure": 40, "rest": false, "alt_bass": false, "chord_type": 8, "alt_bass_pitch": 0, "number": 1, "chord_pitch": 0}, "model": "chordcharts.chord"}, {"pk": 53, "fields": {"beats": 2, "measure": 40, "rest": false, "alt_bass": false, "chord_type": 5, "alt_bass_pitch": 0, "number": 2, "chord_pitch": 9}, "model": "chordcharts.chord"}, {"pk": 54, "fields": {"beats": 2, "measure": 41, "rest": false, "alt_bass": false, "chord_type": 5, "alt_bass_pitch": 0, "number": 1, "chord_pitch": 2}, "model": "chordcharts.chord"}, {"pk": 55, "fields": {"beats": 2, "measure": 41, "rest": false, "alt_bass": false, "chord_type": 3, "alt_bass_pitch": 0, "number": 2, "chord_pitch": 7}, "model": "chordcharts.chord"}, {"pk": 56, "fields": {"beats": 2, "measure": 42, "rest": false, "alt_bass": false, "chord_type": 8, "alt_bass_pitch": 0, "number": 1, "chord_pitch": 0}, "model": "chordcharts.chord"}, {"pk": 57, "fields": {"beats": 2, "measure": 42, "rest": false, "alt_bass": false, "chord_type": 13, "alt_bass_pitch": 0, "number": 2, "chord_pitch": 9}, "model": "chordcharts.chord"}, {"pk": 58, "fields": {"beats": 2, "measure": 43, "rest": false, "alt_bass": false, "chord_type": 3, "alt_bass_pitch": 0, "number": 1, "chord_pitch": 9}, "model": "chordcharts.chord"}, {"pk": 59, "fields": {"beats": 2, "measure": 43, "rest": false, "alt_bass": false, "chord_type": 5, "alt_bass_pitch": 0, "number": 2, "chord_pitch": 2}, "model": "chordcharts.chord"}, {"pk": 60, "fields": {"beats": 4, "measure": 44, "rest": false, "alt_bass": false, "chord_type": 1, "alt_bass_pitch": 0, "number": 1, "chord_pitch": 5}, "model": "chordcharts.chord"}, {"pk": 61, "fields": {"beats": 4, "measure": 45, "rest": false, "alt_bass": false, "chord_type": 10, "alt_bass_pitch": 0, "number": 1, "chord_pitch": 6}, "model": "chordcharts.chord"}, {"pk": 62, "fields": {"beats": 4, "measure": 46, "rest": false, "alt_bass": false, "chord_type": 3, "alt_bass_pitch": 0, "number": 1, "chord_pitch": 7}, "model": "chordcharts.chord"}, {"pk": 63, "fields": {"beats": 4, "measure": 47, "rest": false, "alt_bass": false, "chord_type": 3, "alt_bass_pitch": 0, "number": 1, "chord_pitch": 7}, "model": "chordcharts.chord"}, {"pk": 385, "fields": {"beats": 4, "measure": 111, "rest": false, "alt_bass": false, "chord_type": 1, "alt_bass_pitch": 0, "number": 1, "chord_pitch": 0}, "model": "chordcharts.chord"}, {"pk": 386, "fields": {"beats": 4, "measure": 112, "rest": false, "alt_bass": false, "chord_type": 1, "alt_bass_pitch": 0, "number": 1, "chord_pitch": 0}, "model": "chordcharts.chord"}, {"pk": 387, "fields": {"beats": 4, "measure": 113, "rest": false, "alt_bass": false, "chord_type": 3, "alt_bass_pitch": 0, "number": 1, "chord_pitch": 9}, "model": "chordcharts.chord"}, {"pk": 388, "fields": {"beats": 4, "measure": 114, "rest": false, "alt_bass": false, "chord_type": 3, "alt_bass_pitch": 0, "number": 1, "chord_pitch": 9}, "model": "chordcharts.chord"}, {"pk": 389, "fields": {"beats": 4, "measure": 115, "rest": false, "alt_bass": false, "chord_type": 3, "alt_bass_pitch": 0, "number": 1, "chord_pitch": 2}, "model": "chordcharts.chord"}, {"pk": 390, "fields": {"beats": 2, "measure": 116, "rest": false, "alt_bass": false, "chord_type": 1, "alt_bass_pitch": 0, "number": 1, "chord_pitch": 5}, "model": "chordcharts.chord"}, {"pk": 391, "fields": {"beats": 2, "measure": 116, "rest": false, "alt_bass": false, "chord_type": 3, "alt_bass_pitch": 0, "number": 2, "chord_pitch": 7}, "model": "chordcharts.chord"}, {"pk": 392, "fields": {"beats": 4, "measure": 117, "rest": false, "alt_bass": false, "chord_type": 1, "alt_bass_pitch": 0, "number": 1, "chord_pitch": 0}, "model": "chordcharts.chord"}, {"pk": 394, "fields": {"beats": 4, "measure": 118, "rest": false, "alt_bass": false, "chord_type": 1, "alt_bass_pitch": 0, "number": 1, "chord_pitch": 0}, "model": "chordcharts.chord"}, {"pk": 396, "fields": {"beats": 2, "measure": 119, "rest": false, "alt_bass": false, "chord_type": 2, "alt_bass_pitch": 0, "number": 1, "chord_pitch": 4}, "model": "chordcharts.chord"}, {"pk": 397, "fields": {"beats": 4, "measure": 120, "rest": false, "alt_bass": false, "chord_type": 3, "alt_bass_pitch": 0, "number": 1, "chord_pitch": 11}, "model": "chordcharts.chord"}, {"pk": 398, "fields": {"beats": 2, "measure": 121, "rest": false, "alt_bass": false, "chord_type": 3, "alt_bass_pitch": 0, "number": 1, "chord_pitch": 11}, "model": "chordcharts.chord"}, {"pk": 399, "fields": {"beats": 4, "measure": 122, "rest": false, "alt_bass": false, "chord_type": 2, "alt_bass_pitch": 0, "number": 1, "chord_pitch": 4}, "model": "chordcharts.chord"}, {"pk": 400, "fields": {"beats": 2, "measure": 119, "rest": false, "alt_bass": false, "chord_type": 3, "alt_bass_pitch": 0, "number": 2, "chord_pitch": 11}, "model": "chordcharts.chord"}, {"pk": 401, "fields": {"beats": 2, "measure": 121, "rest": false, "alt_bass": false, "chord_type": 2, "alt_bass_pitch": 0, "number": 2, "chord_pitch": 4}, "model": "chordcharts.chord"}, {"pk": 402, "fields": {"beats": 2, "measure": 123, "rest": false, "alt_bass": false, "chord_type": 1, "alt_bass_pitch": 0, "number": 1, "chord_pitch": 7}, "model": "chordcharts.chord"}, {"pk": 403, "fields": {"beats": 2, "measure": 123, "rest": false, "alt_bass": false, "chord_type": 10, "alt_bass_pitch": 0, "number": 2, "chord_pitch": 8}, "model": "chordcharts.chord"}, {"pk": 404, "fields": {"beats": 2, "measure": 124, "rest": false, "alt_bass": false, "chord_type": 2, "alt_bass_pitch": 0, "number": 1, "chord_pitch": 9}, "model": "chordcharts.chord"}, {"pk": 405, "fields": {"beats": 2, "measure": 124, "rest": false, "alt_bass": false, "chord_type": 3, "alt_bass_pitch": 0, "number": 2, "chord_pitch": 2}, "model": "chordcharts.chord"}, {"pk": 406, "fields": {"beats": 4, "measure": 125, "rest": false, "alt_bass": false, "chord_type": 1, "alt_bass_pitch": 0, "number": 1, "chord_pitch": 7}, "model": "chordcharts.chord"}, {"pk": 408, "fields": {"beats": 4, "measure": 126, "rest": false, "alt_bass": false, "chord_type": 3, "alt_bass_pitch": 0, "number": 1, "chord_pitch": 7}, "model": "chordcharts.chord"}, {"pk": 410, "fields": {"beats": 4, "measure": 127, "rest": false, "alt_bass": false, "chord_type": 4, "alt_bass_pitch": 0, "number": 1, "chord_pitch": 5}, "model": "chordcharts.chord"}, {"pk": 411, "fields": {"beats": 4, "measure": 128, "rest": false, "alt_bass": false, "chord_type": 9, "alt_bass_pitch": 0, "number": 1, "chord_pitch": 5}, "model": "chordcharts.chord"}, {"pk": 412, "fields": {"beats": 4, "measure": 129, "rest": false, "alt_bass": false, "chord_type": 7, "alt_bass_pitch": 0, "number": 1, "chord_pitch": 5}, "model": "chordcharts.chord"}, {"pk": 413, "fields": {"beats": 4, "measure": 130, "rest": false, "alt_bass": false, "chord_type": 7, "alt_bass_pitch": 0, "number": 1, "chord_pitch": 5}, "model": "chordcharts.chord"}, {"pk": 414, "fields": {"beats": 4, "measure": 131, "rest": false, "alt_bass": false, "chord_type": 1, "alt_bass_pitch": 0, "number": 1, "chord_pitch": 0}, "model": "chordcharts.chord"}, {"pk": 416, "fields": {"beats": 4, "measure": 132, "rest": false, "alt_bass": false, "chord_type": 3, "alt_bass_pitch": 0, "number": 1, "chord_pitch": 11}, "model": "chordcharts.chord"}, {"pk": 419, "fields": {"beats": 4, "measure": 133, "rest": false, "alt_bass": false, "chord_type": 1, "alt_bass_pitch": 0, "number": 1, "chord_pitch": 0}, "model": "chordcharts.chord"}, {"pk": 422, "fields": {"beats": 2, "measure": 134, "rest": false, "alt_bass": false, "chord_type": 1, "alt_bass_pitch": 0, "number": 1, "chord_pitch": 0}, "model": "chordcharts.chord"}, {"pk": 423, "fields": {"beats": 1, "measure": 134, "rest": false, "alt_bass": false, "chord_type": 3, "alt_bass_pitch": 0, "number": 2, "chord_pitch": 7}, "model": "chordcharts.chord"}, {"pk": 424, "fields": {"beats": 1, "measure": 134, "rest": false, "alt_bass": false, "chord_type": 3, "alt_bass_pitch": 0, "number": 3, "chord_pitch": 8}, "model": "chordcharts.chord"}, {"pk": 426, "fields": {"beats": 4, "measure": 135, "rest": false, "alt_bass": false, "chord_type": 3, "alt_bass_pitch": 0, "number": 1, "chord_pitch": 9}, "model": "chordcharts.chord"}, {"pk": 427, "fields": {"beats": 4, "measure": 136, "rest": false, "alt_bass": false, "chord_type": 3, "alt_bass_pitch": 0, "number": 1, "chord_pitch": 9}, "model": "chordcharts.chord"}, {"pk": 428, "fields": {"beats": 4, "measure": 137, "rest": false, "alt_bass": false, "chord_type": 3, "alt_bass_pitch": 0, "number": 1, "chord_pitch": 9}, "model": "chordcharts.chord"}, {"pk": 429, "fields": {"beats": 4, "measure": 138, "rest": false, "alt_bass": false, "chord_type": 3, "alt_bass_pitch": 0, "number": 1, "chord_pitch": 9}, "model": "chordcharts.chord"}, {"pk": 430, "fields": {"beats": 4, "measure": 139, "rest": false, "alt_bass": false, "chord_type": 3, "alt_bass_pitch": 0, "number": 1, "chord_pitch": 2}, "model": "chordcharts.chord"}, {"pk": 431, "fields": {"beats": 4, "measure": 140, "rest": false, "alt_bass": false, "chord_type": 3, "alt_bass_pitch": 0, "number": 1, "chord_pitch": 2}, "model": "chordcharts.chord"}, {"pk": 432, "fields": {"beats": 4, "measure": 141, "rest": false, "alt_bass": false, "chord_type": 5, "alt_bass_pitch": 0, "number": 1, "chord_pitch": 2}, "model": "chordcharts.chord"}, {"pk": 433, "fields": {"beats": 4, "measure": 142, "rest": false, "alt_bass": false, "chord_type": 3, "alt_bass_pitch": 0, "number": 1, "chord_pitch": 7}, "model": "chordcharts.chord"}, {"pk": 434, "fields": {"beats": 4, "measure": 143, "rest": false, "alt_bass": false, "chord_type": 4, "alt_bass_pitch": 0, "number": 1, "chord_pitch": 5}, "model": "chordcharts.chord"}, {"pk": 435, "fields": {"beats": 4, "measure": 144, "rest": false, "alt_bass": false, "chord_type": 9, "alt_bass_pitch": 0, "number": 1, "chord_pitch": 5}, "model": "chordcharts.chord"}, {"pk": 436, "fields": {"beats": 4, "measure": 145, "rest": false, "alt_bass": false, "chord_type": 7, "alt_bass_pitch": 0, "number": 1, "chord_pitch": 5}, "model": "chordcharts.chord"}, {"pk": 437, "fields": {"beats": 4, "measure": 146, "rest": false, "alt_bass": false, "chord_type": 7, "alt_bass_pitch": 0, "number": 1, "chord_pitch": 5}, "model": "chordcharts.chord"}, {"pk": 438, "fields": {"beats": 4, "measure": 147, "rest": false, "alt_bass": false, "chord_type": 1, "alt_bass_pitch": 0, "number": 1, "chord_pitch": 0}, "model": "chordcharts.chord"}, {"pk": 439, "fields": {"beats": 4, "measure": 148, "rest": false, "alt_bass": false, "chord_type": 3, "alt_bass_pitch": 0, "number": 1, "chord_pitch": 11}, "model": "chordcharts.chord"}, {"pk": 440, "fields": {"beats": 4, "measure": 149, "rest": false, "alt_bass": false, "chord_type": 1, "alt_bass_pitch": 0, "number": 1, "chord_pitch": 0}, "model": "chordcharts.chord"}, {"pk": 441, "fields": {"beats": 2, "measure": 150, "rest": false, "alt_bass": false, "chord_type": 1, "alt_bass_pitch": 0, "number": 1, "chord_pitch": 0}, "model": "chordcharts.chord"}, {"pk": 442, "fields": {"beats": 1, "measure": 150, "rest": false, "alt_bass": false, "chord_type": 3, "alt_bass_pitch": 0, "number": 2, "chord_pitch": 7}, "model": "chordcharts.chord"}, {"pk": 443, "fields": {"beats": 1, "measure": 150, "rest": false, "alt_bass": false, "chord_type": 3, "alt_bass_pitch": 0, "number": 3, "chord_pitch": 8}, "model": "chordcharts.chord"}, {"pk": 444, "fields": {"beats": 4, "measure": 151, "rest": false, "alt_bass": false, "chord_type": 3, "alt_bass_pitch": 0, "number": 1, "chord_pitch": 9}, "model": "chordcharts.chord"}, {"pk": 445, "fields": {"beats": 4, "measure": 152, "rest": false, "alt_bass": false, "chord_type": 3, "alt_bass_pitch": 0, "number": 1, "chord_pitch": 9}, "model": "chordcharts.chord"}, {"pk": 446, "fields": {"beats": 4, "measure": 153, "rest": false, "alt_bass": false, "chord_type": 3, "alt_bass_pitch": 0, "number": 1, "chord_pitch": 4}, "model": "chordcharts.chord"}, {"pk": 447, "fields": {"beats": 4, "measure": 154, "rest": false, "alt_bass": false, "chord_type": 5, "alt_bass_pitch": 0, "number": 1, "chord_pitch": 9}, "model": "chordcharts.chord"}, {"pk": 448, "fields": {"beats": 4, "measure": 155, "rest": false, "alt_bass": false, "chord_type": 3, "alt_bass_pitch": 0, "number": 1, "chord_pitch": 5}, "model": "chordcharts.chord"}, {"pk": 449, "fields": {"beats": 4, "measure": 156, "rest": false, "alt_bass": false, "chord_type": 10, "alt_bass_pitch": 0, "number": 1, "chord_pitch": 6}, "model": "chordcharts.chord"}, {"pk": 450, "fields": {"beats": 4, "measure": 157, "rest": false, "alt_bass": false, "chord_type": 1, "alt_bass_pitch": 0, "number": 1, "chord_pitch": 0}, "model": "chordcharts.chord"}, {"pk": 451, "fields": {"beats": 4, "measure": 158, "rest": false, "alt_bass": false, "chord_type": 3, "alt_bass_pitch": 0, "number": 1, "chord_pitch": 0}, "model": "chordcharts.chord"}, {"pk": 452, "fields": {"beats": 4, "measure": 159, "rest": false, "alt_bass": false, "chord_type": 1, "alt_bass_pitch": 0, "number": 1, "chord_pitch": 0}, "model": "chordcharts.chord"}, {"pk": 453, "fields": {"beats": 4, "measure": 160, "rest": false, "alt_bass": false, "chord_type": 3, "alt_bass_pitch": 2, "number": 1, "chord_pitch": 4}, "model": "chordcharts.chord"}, {"pk": 454, "fields": {"beats": 2, "measure": 161, "rest": false, "alt_bass": false, "chord_type": 5, "alt_bass_pitch": 3, "number": 1, "chord_pitch": 2}, "model": "chordcharts.chord"}, {"pk": 455, "fields": {"beats": 4, "measure": 162, "rest": false, "alt_bass": false, "chord_type": 5, "alt_bass_pitch": 0, "number": 1, "chord_pitch": 2}, "model": "chordcharts.chord"}, {"pk": 456, "fields": {"beats": 2, "measure": 161, "rest": false, "alt_bass": false, "chord_type": 3, "alt_bass_pitch": 0, "number": 2, "chord_pitch": 9}, "model": "chordcharts.chord"}, {"pk": 457, "fields": {"beats": 2, "measure": 163, "rest": false, "alt_bass": false, "chord_type": 5, "alt_bass_pitch": 0, "number": 1, "chord_pitch": 2}, "model": "chordcharts.chord"}, {"pk": 458, "fields": {"beats": 2, "measure": 163, "rest": false, "alt_bass": false, "chord_type": 3, "alt_bass_pitch": 0, "number": 2, "chord_pitch": 9}, "model": "chordcharts.chord"}, {"pk": 459, "fields": {"beats": 2, "measure": 164, "rest": false, "alt_bass": false, "chord_type": 5, "alt_bass_pitch": 0, "number": 1, "chord_pitch": 2}, "model": "chordcharts.chord"}, {"pk": 460, "fields": {"beats": 2, "measure": 164, "rest": false, "alt_bass": false, "chord_type": 3, "alt_bass_pitch": 0, "number": 2, "chord_pitch": 7}, "model": "chordcharts.chord"}, {"pk": 461, "fields": {"beats": 4, "measure": 165, "rest": false, "alt_bass": false, "chord_type": 1, "alt_bass_pitch": 0, "number": 1, "chord_pitch": 0}, "model": "chordcharts.chord"}, {"pk": 463, "fields": {"beats": 2, "measure": 166, "rest": false, "alt_bass": false, "chord_type": 1, "alt_bass_pitch": 0, "number": 1, "chord_pitch": 0}, "model": "chordcharts.chord"}, {"pk": 465, "fields": {"beats": 4, "measure": 167, "rest": false, "alt_bass": false, "chord_type": 2, "alt_bass_pitch": 0, "number": 1, "chord_pitch": 9}, "model": "chordcharts.chord"}, {"pk": 466, "fields": {"beats": 4, "measure": 168, "rest": false, "alt_bass": false, "chord_type": 2, "alt_bass_pitch": 0, "number": 1, "chord_pitch": 9}, "model": "chordcharts.chord"}, {"pk": 467, "fields": {"beats": 4, "measure": 169, "rest": false, "alt_bass": false, "chord_type": 2, "alt_bass_pitch": 2, "number": 1, "chord_pitch": 2}, "model": "chordcharts.chord"}, {"pk": 468, "fields": {"beats": 4, "measure": 170, "rest": false, "alt_bass": false, "chord_type": 2, "alt_bass_pitch": 2, "number": 1, "chord_pitch": 2}, "model": "chordcharts.chord"}, {"pk": 469, "fields": {"beats": 4, "measure": 171, "rest": false, "alt_bass": false, "chord_type": 3, "alt_bass_pitch": 0, "number": 1, "chord_pitch": 7}, "model": "chordcharts.chord"}, {"pk": 470, "fields": {"beats": 4, "measure": 172, "rest": false, "alt_bass": false, "chord_type": 3, "alt_bass_pitch": 0, "number": 1, "chord_pitch": 7}, "model": "chordcharts.chord"}, {"pk": 471, "fields": {"beats": 4, "measure": 173, "rest": false, "alt_bass": false, "chord_type": 1, "alt_bass_pitch": 0, "number": 1, "chord_pitch": 0}, "model": "chordcharts.chord"}, {"pk": 472, "fields": {"beats": 4, "measure": 174, "rest": false, "alt_bass": false, "chord_type": 13, "alt_bass_pitch": 0, "number": 1, "chord_pitch": 7}, "model": "chordcharts.chord"}, {"pk": 473, "fields": {"beats": 4, "measure": 175, "rest": false, "alt_bass": false, "chord_type": 1, "alt_bass_pitch": 0, "number": 1, "chord_pitch": 0}, "model": "chordcharts.chord"}, {"pk": 474, "fields": {"beats": 4, "measure": 176, "rest": false, "alt_bass": false, "chord_type": 3, "alt_bass_pitch": 0, "number": 1, "chord_pitch": 4}, "model": "chordcharts.chord"}, {"pk": 475, "fields": {"beats": 2, "measure": 177, "rest": false, "alt_bass": false, "chord_type": 5, "alt_bass_pitch": 0, "number": 1, "chord_pitch": 2}, "model": "chordcharts.chord"}, {"pk": 476, "fields": {"beats": 2, "measure": 177, "rest": false, "alt_bass": false, "chord_type": 3, "alt_bass_pitch": 0, "number": 2, "chord_pitch": 9}, "model": "chordcharts.chord"}, {"pk": 477, "fields": {"beats": 4, "measure": 178, "rest": false, "alt_bass": false, "chord_type": 5, "alt_bass_pitch": 0, "number": 1, "chord_pitch": 2}, "model": "chordcharts.chord"}, {"pk": 479, "fields": {"beats": 2, "measure": 179, "rest": false, "alt_bass": false, "chord_type": 5, "alt_bass_pitch": 0, "number": 1, "chord_pitch": 2}, "model": "chordcharts.chord"}, {"pk": 480, "fields": {"beats": 2, "measure": 179, "rest": false, "alt_bass": false, "chord_type": 3, "alt_bass_pitch": 0, "number": 2, "chord_pitch": 9}, "model": "chordcharts.chord"}, {"pk": 481, "fields": {"beats": 2, "measure": 180, "rest": false, "alt_bass": false, "chord_type": 5, "alt_bass_pitch": 0, "number": 1, "chord_pitch": 2}, "model": "chordcharts.chord"}, {"pk": 482, "fields": {"beats": 2, "measure": 180, "rest": false, "alt_bass": false, "chord_type": 3, "alt_bass_pitch": 0, "number": 2, "chord_pitch": 7}, "model": "chordcharts.chord"}, {"pk": 483, "fields": {"beats": 4, "measure": 181, "rest": false, "alt_bass": false, "chord_type": 2, "alt_bass_pitch": 0, "number": 1, "chord_pitch": 7}, "model": "chordcharts.chord"}, {"pk": 485, "fields": {"beats": 4, "measure": 182, "rest": false, "alt_bass": false, "chord_type": 3, "alt_bass_pitch": 0, "number": 1, "chord_pitch": 9}, "model": "chordcharts.chord"}, {"pk": 487, "fields": {"beats": 4, "measure": 183, "rest": false, "alt_bass": false, "chord_type": 2, "alt_bass_pitch": 0, "number": 1, "chord_pitch": 2}, "model": "chordcharts.chord"}, {"pk": 488, "fields": {"beats": 2, "measure": 166, "rest": false, "alt_bass": false, "chord_type": 1, "alt_bass_pitch": 0, "number": 2, "chord_pitch": 4}, "model": "chordcharts.chord"}, {"pk": 489, "fields": {"beats": 4, "measure": 184, "rest": false, "alt_bass": false, "chord_type": 1, "alt_bass_pitch": 0, "number": 1, "chord_pitch": 4}, "model": "chordcharts.chord"}, {"pk": 490, "fields": {"beats": 4, "measure": 185, "rest": false, "alt_bass": false, "chord_type": 2, "alt_bass_pitch": 0, "number": 1, "chord_pitch": 9}, "model": "chordcharts.chord"}, {"pk": 491, "fields": {"beats": 4, "measure": 186, "rest": false, "alt_bass": false, "chord_type": 2, "alt_bass_pitch": 0, "number": 1, "chord_pitch": 2}, "model": "chordcharts.chord"}, {"pk": 492, "fields": {"beats": 4, "measure": 187, "rest": false, "alt_bass": false, "chord_type": 3, "alt_bass_pitch": 0, "number": 1, "chord_pitch": 7}, "model": "chordcharts.chord"}, {"pk": 493, "fields": {"beats": 4, "measure": 188, "rest": false, "alt_bass": false, "chord_type": 3, "alt_bass_pitch": 0, "number": 1, "chord_pitch": 7}, "model": "chordcharts.chord"}, {"pk": 494, "fields": {"beats": 4, "measure": 189, "rest": false, "alt_bass": false, "chord_type": 1, "alt_bass_pitch": 0, "number": 1, "chord_pitch": 0}, "model": "chordcharts.chord"}, {"pk": 495, "fields": {"beats": 4, "measure": 190, "rest": false, "alt_bass": false, "chord_type": 13, "alt_bass_pitch": 0, "number": 1, "chord_pitch": 7}, "model": "chordcharts.chord"}, {"pk": 496, "fields": {"beats": 4, "measure": 191, "rest": false, "alt_bass": false, "chord_type": 2, "alt_bass_pitch": 0, "number": 1, "chord_pitch": 0}, "model": "chordcharts.chord"}, {"pk": 497, "fields": {"beats": 4, "measure": 192, "rest": false, "alt_bass": false, "chord_type": 2, "alt_bass_pitch": 0, "number": 1, "chord_pitch": 0}, "model": "chordcharts.chord"}, {"pk": 498, "fields": {"beats": 4, "measure": 193, "rest": false, "alt_bass": false, "chord_type": 2, "alt_bass_pitch": 0, "number": 1, "chord_pitch": 0}, "model": "chordcharts.chord"}, {"pk": 499, "fields": {"beats": 4, "measure": 194, "rest": false, "alt_bass": false, "chord_type": 2, "alt_bass_pitch": 0, "number": 1, "chord_pitch": 0}, "model": "chordcharts.chord"}, {"pk": 500, "fields": {"beats": 4, "measure": 195, "rest": false, "alt_bass": false, "chord_type": 2, "alt_bass_pitch": 0, "number": 1, "chord_pitch": 0}, "model": "chordcharts.chord"}, {"pk": 501, "fields": {"beats": 4, "measure": 196, "rest": false, "alt_bass": false, "chord_type": 2, "alt_bass_pitch": 0, "number": 1, "chord_pitch": 0}, "model": "chordcharts.chord"}, {"pk": 502, "fields": {"beats": 4, "measure": 197, "rest": false, "alt_bass": false, "chord_type": 2, "alt_bass_pitch": 0, "number": 1, "chord_pitch": 5}, "model": "chordcharts.chord"}, {"pk": 503, "fields": {"beats": 4, "measure": 198, "rest": false, "alt_bass": false, "chord_type": 3, "alt_bass_pitch": 0, "number": 1, "chord_pitch": 7}, "model": "chordcharts.chord"}, {"pk": 504, "fields": {"beats": 4, "measure": 199, "rest": false, "alt_bass": false, "chord_type": 2, "alt_bass_pitch": 0, "number": 1, "chord_pitch": 5}, "model": "chordcharts.chord"}, {"pk": 506, "fields": {"beats": 4, "measure": 200, "rest": false, "alt_bass": false, "chord_type": 3, "alt_bass_pitch": 0, "number": 1, "chord_pitch": 7}, "model": "chordcharts.chord"}, {"pk": 507, "fields": {"beats": 4, "measure": 201, "rest": false, "alt_bass": false, "chord_type": 2, "alt_bass_pitch": 0, "number": 1, "chord_pitch": 5}, "model": "chordcharts.chord"}, {"pk": 508, "fields": {"beats": 4, "measure": 202, "rest": false, "alt_bass": false, "chord_type": 3, "alt_bass_pitch": 0, "number": 1, "chord_pitch": 7}, "model": "chordcharts.chord"}, {"pk": 509, "fields": {"beats": 4, "measure": 203, "rest": false, "alt_bass": false, "chord_type": 2, "alt_bass_pitch": 0, "number": 1, "chord_pitch": 5}, "model": "chordcharts.chord"}, {"pk": 510, "fields": {"beats": 4, "measure": 204, "rest": false, "alt_bass": false, "chord_type": 3, "alt_bass_pitch": 0, "number": 1, "chord_pitch": 7}, "model": "chordcharts.chord"}, {"pk": 511, "fields": {"beats": 4, "measure": 205, "rest": false, "alt_bass": false, "chord_type": 2, "alt_bass_pitch": 0, "number": 1, "chord_pitch": 0}, "model": "chordcharts.chord"}, {"pk": 512, "fields": {"beats": 4, "measure": 206, "rest": false, "alt_bass": false, "chord_type": 3, "alt_bass_pitch": 0, "number": 1, "chord_pitch": 7}, "model": "chordcharts.chord"}, {"pk": 513, "fields": {"beats": 4, "measure": 207, "rest": false, "alt_bass": false, "chord_type": 1, "alt_bass_pitch": 0, "number": 1, "chord_pitch": 0}, "model": "chordcharts.chord"}, {"pk": 514, "fields": {"beats": 4, "measure": 208, "rest": false, "alt_bass": false, "chord_type": 1, "alt_bass_pitch": 0, "number": 1, "chord_pitch": 0}, "model": "chordcharts.chord"}, {"pk": 515, "fields": {"beats": 4, "measure": 209, "rest": false, "alt_bass": false, "chord_type": 1, "alt_bass_pitch": 0, "number": 1, "chord_pitch": 0}, "model": "chordcharts.chord"}, {"pk": 516, "fields": {"beats": 4, "measure": 210, "rest": false, "alt_bass": false, "chord_type": 1, "alt_bass_pitch": 0, "number": 1, "chord_pitch": 0}, "model": "chordcharts.chord"}, {"pk": 517, "fields": {"beats": 4, "measure": 211, "rest": false, "alt_bass": false, "chord_type": 1, "alt_bass_pitch": 0, "number": 1, "chord_pitch": 0}, "model": "chordcharts.chord"}, {"pk": 518, "fields": {"beats": 2, "measure": 212, "rest": false, "alt_bass": false, "chord_type": 5, "alt_bass_pitch": 0, "number": 1, "chord_pitch": 4}, "model": "chordcharts.chord"}, {"pk": 519, "fields": {"beats": 4, "measure": 213, "rest": false, "alt_bass": false, "chord_type": 5, "alt_bass_pitch": 0, "number": 1, "chord_pitch": 2}, "model": "chordcharts.chord"}, {"pk": 520, "fields": {"beats": 2, "measure": 212, "rest": false, "alt_bass": false, "chord_type": 10, "alt_bass_pitch": 0, "number": 2, "chord_pitch": 3}, "model": "chordcharts.chord"}, {"pk": 521, "fields": {"beats": 4, "measure": 214, "rest": false, "alt_bass": false, "chord_type": 3, "alt_bass_pitch": 0, "number": 1, "chord_pitch": 7}, "model": "chordcharts.chord"}, {"pk": 522, "fields": {"beats": 4, "measure": 215, "rest": false, "alt_bass": false, "chord_type": 5, "alt_bass_pitch": 0, "number": 1, "chord_pitch": 2}, "model": "chordcharts.chord"}, {"pk": 523, "fields": {"beats": 4, "measure": 216, "rest": false, "alt_bass": false, "chord_type": 3, "alt_bass_pitch": 0, "number": 1, "chord_pitch": 7}, "model": "chordcharts.chord"}, {"pk": 524, "fields": {"beats": 4, "measure": 217, "rest": false, "alt_bass": false, "chord_type": 1, "alt_bass_pitch": 0, "number": 1, "chord_pitch": 0}, "model": "chordcharts.chord"}, {"pk": 525, "fields": {"beats": 4, "measure": 218, "rest": false, "alt_bass": false, "chord_type": 1, "alt_bass_pitch": 0, "number": 1, "chord_pitch": 0}, "model": "chordcharts.chord"}, {"pk": 526, "fields": {"beats": 4, "measure": 219, "rest": false, "alt_bass": false, "chord_type": 5, "alt_bass_pitch": 0, "number": 1, "chord_pitch": 2}, "model": "chordcharts.chord"}, {"pk": 527, "fields": {"beats": 4, "measure": 220, "rest": false, "alt_bass": false, "chord_type": 3, "alt_bass_pitch": 0, "number": 1, "chord_pitch": 7}, "model": "chordcharts.chord"}, {"pk": 528, "fields": {"beats": 4, "measure": 221, "rest": false, "alt_bass": false, "chord_type": 1, "alt_bass_pitch": 0, "number": 1, "chord_pitch": 0}, "model": "chordcharts.chord"}, {"pk": 529, "fields": {"beats": 4, "measure": 222, "rest": false, "alt_bass": false, "chord_type": 2, "alt_bass_pitch": 0, "number": 1, "chord_pitch": 5}, "model": "chordcharts.chord"}, {"pk": 533, "fields": {"beats": 4, "measure": 223, "rest": false, "alt_bass": false, "chord_type": 8, "alt_bass_pitch": 0, "number": 1, "chord_pitch": 0}, "model": "chordcharts.chord"}, {"pk": 534, "fields": {"beats": 4, "measure": 224, "rest": false, "alt_bass": false, "chord_type": 8, "alt_bass_pitch": 0, "number": 1, "chord_pitch": 0}, "model": "chordcharts.chord"}, {"pk": 535, "fields": {"beats": 4, "measure": 225, "rest": false, "alt_bass": false, "chord_type": 10, "alt_bass_pitch": 0, "number": 1, "chord_pitch": 0}, "model": "chordcharts.chord"}, {"pk": 536, "fields": {"beats": 4, "measure": 226, "rest": false, "alt_bass": false, "chord_type": 10, "alt_bass_pitch": 0, "number": 1, "chord_pitch": 0}, "model": "chordcharts.chord"}, {"pk": 537, "fields": {"beats": 4, "measure": 227, "rest": false, "alt_bass": false, "chord_type": 3, "alt_bass_pitch": 0, "number": 1, "chord_pitch": 7}, "model": "chordcharts.chord"}, {"pk": 538, "fields": {"beats": 4, "measure": 228, "rest": false, "alt_bass": false, "chord_type": 3, "alt_bass_pitch": 0, "number": 1, "chord_pitch": 7}, "model": "chordcharts.chord"}, {"pk": 539, "fields": {"beats": 4, "measure": 229, "rest": false, "alt_bass": false, "chord_type": 8, "alt_bass_pitch": 0, "number": 1, "chord_pitch": 0}, "model": "chordcharts.chord"}, {"pk": 540, "fields": {"beats": 4, "measure": 230, "rest": false, "alt_bass": false, "chord_type": 3, "alt_bass_pitch": 0, "number": 1, "chord_pitch": 7}, "model": "chordcharts.chord"}, {"pk": 591, "fields": {"beats": 4, "measure": 279, "rest": false, "alt_bass": false, "chord_type": 8, "alt_bass_pitch": 0, "number": 1, "chord_pitch": 0}, "model": "chordcharts.chord"}, {"pk": 592, "fields": {"beats": 4, "measure": 280, "rest": false, "alt_bass": false, "chord_type": 8, "alt_bass_pitch": 0, "number": 1, "chord_pitch": 0}, "model": "chordcharts.chord"}, {"pk": 593, "fields": {"beats": 4, "measure": 281, "rest": false, "alt_bass": false, "chord_type": 3, "alt_bass_pitch": 0, "number": 1, "chord_pitch": 11}, "model": "chordcharts.chord"}, {"pk": 594, "fields": {"beats": 4, "measure": 282, "rest": false, "alt_bass": false, "chord_type": 3, "alt_bass_pitch": 0, "number": 1, "chord_pitch": 4}, "model": "chordcharts.chord"}, {"pk": 595, "fields": {"beats": 4, "measure": 283, "rest": false, "alt_bass": false, "chord_type": 3, "alt_bass_pitch": 0, "number": 1, "chord_pitch": 9}, "model": "chordcharts.chord"}, {"pk": 596, "fields": {"beats": 4, "measure": 284, "rest": false, "alt_bass": false, "chord_type": 3, "alt_bass_pitch": 0, "number": 1, "chord_pitch": 2}, "model": "chordcharts.chord"}, {"pk": 597, "fields": {"beats": 4, "measure": 285, "rest": false, "alt_bass": false, "chord_type": 3, "alt_bass_pitch": 0, "number": 1, "chord_pitch": 7}, "model": "chordcharts.chord"}, {"pk": 598, "fields": {"beats": 4, "measure": 286, "rest": false, "alt_bass": false, "chord_type": 3, "alt_bass_pitch": 0, "number": 1, "chord_pitch": 7}, "model": "chordcharts.chord"}, {"pk": 599, "fields": {"beats": 4, "measure": 287, "rest": false, "alt_bass": false, "chord_type": 8, "alt_bass_pitch": 0, "number": 1, "chord_pitch": 0}, "model": "chordcharts.chord"}, {"pk": 600, "fields": {"beats": 4, "measure": 288, "rest": false, "alt_bass": false, "chord_type": 8, "alt_bass_pitch": 0, "number": 1, "chord_pitch": 0}, "model": "chordcharts.chord"}, {"pk": 601, "fields": {"beats": 4, "measure": 289, "rest": false, "alt_bass": false, "chord_type": 10, "alt_bass_pitch": 0, "number": 1, "chord_pitch": 0}, "model": "chordcharts.chord"}, {"pk": 602, "fields": {"beats": 4, "measure": 290, "rest": false, "alt_bass": false, "chord_type": 10, "alt_bass_pitch": 0, "number": 1, "chord_pitch": 0}, "model": "chordcharts.chord"}, {"pk": 603, "fields": {"beats": 4, "measure": 291, "rest": false, "alt_bass": false, "chord_type": 3, "alt_bass_pitch": 0, "number": 1, "chord_pitch": 7}, "model": "chordcharts.chord"}, {"pk": 604, "fields": {"beats": 4, "measure": 292, "rest": false, "alt_bass": false, "chord_type": 3, "alt_bass_pitch": 0, "number": 1, "chord_pitch": 7}, "model": "chordcharts.chord"}, {"pk": 605, "fields": {"beats": 4, "measure": 293, "rest": false, "alt_bass": false, "chord_type": 3, "alt_bass_pitch": 0, "number": 1, "chord_pitch": 4}, "model": "chordcharts.chord"}, {"pk": 606, "fields": {"beats": 4, "measure": 294, "rest": false, "alt_bass": false, "chord_type": 3, "alt_bass_pitch": 0, "number": 1, "chord_pitch": 4}, "model": "chordcharts.chord"}, {"pk": 607, "fields": {"beats": 4, "measure": 295, "rest": false, "alt_bass": false, "chord_type": 1, "alt_bass_pitch": 0, "number": 1, "chord_pitch": 5}, "model": "chordcharts.chord"}, {"pk": 608, "fields": {"beats": 4, "measure": 296, "rest": false, "alt_bass": false, "chord_type": 10, "alt_bass_pitch": 0, "number": 1, "chord_pitch": 6}, "model": "chordcharts.chord"}, {"pk": 609, "fields": {"beats": 4, "measure": 297, "rest": false, "alt_bass": false, "chord_type": 8, "alt_bass_pitch": 0, "number": 1, "chord_pitch": 0}, "model": "chordcharts.chord"}, {"pk": 610, "fields": {"beats": 4, "measure": 298, "rest": false, "alt_bass": false, "chord_type": 10, "alt_bass_pitch": 0, "number": 1, "chord_pitch": 1}, "model": "chordcharts.chord"}, {"pk": 611, "fields": {"beats": 4, "measure": 299, "rest": false, "alt_bass": false, "chord_type": 3, "alt_bass_pitch": 0, "number": 1, "chord_pitch": 2}, "model": "chordcharts.chord"}, {"pk": 612, "fields": {"beats": 4, "measure": 300, "rest": false, "alt_bass": false, "chord_type": 3, "alt_bass_pitch": 0, "number": 1, "chord_pitch": 7}, "model": "chordcharts.chord"}, {"pk": 613, "fields": {"beats": 4, "measure": 301, "rest": false, "alt_bass": false, "chord_type": 8, "alt_bass_pitch": 0, "number": 1, "chord_pitch": 0}, "model": "chordcharts.chord"}, {"pk": 614, "fields": {"beats": 4, "measure": 302, "rest": false, "alt_bass": false, "chord_type": 13, "alt_bass_pitch": 0, "number": 1, "chord_pitch": 7}, "model": "chordcharts.chord"}, {"pk": 1148, "fields": {"beats": 2, "measure": 606, "rest": false, "alt_bass": false, "chord_type": 1, "alt_bass_pitch": 0, "number": 1, "chord_pitch": 0}, "model": "chordcharts.chord"}, {"pk": 1149, "fields": {"beats": 2, "measure": 606, "rest": false, "alt_bass": false, "chord_type": 3, "alt_bass_pitch": 0, "number": 2, "chord_pitch": 9}, "model": "chordcharts.chord"}, {"pk": 1150, "fields": {"beats": 2, "measure": 607, "rest": false, "alt_bass": false, "chord_type": 3, "alt_bass_pitch": 0, "number": 1, "chord_pitch": 2}, "model": "chordcharts.chord"}, {"pk": 1151, "fields": {"beats": 2, "measure": 607, "rest": false, "alt_bass": false, "chord_type": 3, "alt_bass_pitch": 0, "number": 2, "chord_pitch": 7}, "model": "chordcharts.chord"}, {"pk": 1152, "fields": {"beats": 2, "measure": 608, "rest": false, "alt_bass": false, "chord_type": 3, "alt_bass_pitch": 0, "number": 1, "chord_pitch": 0}, "model": "chordcharts.chord"}, {"pk": 1153, "fields": {"beats": 2, "measure": 608, "rest": false, "alt_bass": false, "chord_type": 3, "alt_bass_pitch": 0, "number": 2, "chord_pitch": 9}, "model": "chordcharts.chord"}, {"pk": 1154, "fields": {"beats": 2, "measure": 609, "rest": false, "alt_bass": false, "chord_type": 3, "alt_bass_pitch": 0, "number": 1, "chord_pitch": 2}, "model": "chordcharts.chord"}, {"pk": 1155, "fields": {"beats": 2, "measure": 609, "rest": false, "alt_bass": false, "chord_type": 3, "alt_bass_pitch": 0, "number": 2, "chord_pitch": 7}, "model": "chordcharts.chord"}, {"pk": 1156, "fields": {"beats": 4, "measure": 610, "rest": false, "alt_bass": false, "chord_type": 1, "alt_bass_pitch": 0, "number": 1, "chord_pitch": 0}, "model": "chordcharts.chord"}, {"pk": 1158, "fields": {"beats": 4, "measure": 611, "rest": false, "alt_bass": false, "chord_type": 3, "alt_bass_pitch": 0, "number": 1, "chord_pitch": 4}, "model": "chordcharts.chord"}, {"pk": 1160, "fields": {"beats": 4, "measure": 612, "rest": false, "alt_bass": false, "chord_type": 3, "alt_bass_pitch": 0, "number": 1, "chord_pitch": 5}, "model": "chordcharts.chord"}, {"pk": 1162, "fields": {"beats": 2, "measure": 613, "rest": false, "alt_bass": false, "chord_type": 1, "alt_bass_pitch": 0, "number": 1, "chord_pitch": 0}, "model": "chordcharts.chord"}, {"pk": 1163, "fields": {"beats": 2, "measure": 613, "rest": false, "alt_bass": false, "chord_type": 3, "alt_bass_pitch": 0, "number": 2, "chord_pitch": 9}, "model": "chordcharts.chord"}, {"pk": 1164, "fields": {"beats": 4, "measure": 614, "rest": false, "alt_bass": false, "chord_type": 2, "alt_bass_pitch": 0, "number": 1, "chord_pitch": 2}, "model": "chordcharts.chord"}, {"pk": 1166, "fields": {"beats": 2, "measure": 615, "rest": false, "alt_bass": false, "chord_type": 1, "alt_bass_pitch": 0, "number": 1, "chord_pitch": 0}, "model": "chordcharts.chord"}, {"pk": 1167, "fields": {"beats": 2, "measure": 615, "rest": false, "alt_bass": false, "chord_type": 3, "alt_bass_pitch": 0, "number": 2, "chord_pitch": 9}, "model": "chordcharts.chord"}, {"pk": 1168, "fields": {"beats": 2, "measure": 616, "rest": false, "alt_bass": false, "chord_type": 3, "alt_bass_pitch": 0, "number": 1, "chord_pitch": 2}, "model": "chordcharts.chord"}, {"pk": 1169, "fields": {"beats": 2, "measure": 616, "rest": false, "alt_bass": false, "chord_type": 3, "alt_bass_pitch": 0, "number": 2, "chord_pitch": 7}, "model": "chordcharts.chord"}, {"pk": 1170, "fields": {"beats": 4, "measure": 617, "rest": false, "alt_bass": false, "chord_type": 1, "alt_bass_pitch": 0, "number": 1, "chord_pitch": 0}, "model": "chordcharts.chord"}, {"pk": 1172, "fields": {"beats": 4, "measure": 618, "rest": false, "alt_bass": false, "chord_type": 1, "alt_bass_pitch": 0, "number": 1, "chord_pitch": 0}, "model": "chordcharts.chord"}, {"pk": 1174, "fields": {"beats": 4, "measure": 619, "rest": false, "alt_bass": false, "chord_type": 3, "alt_bass_pitch": 0, "number": 1, "chord_pitch": 4}, "model": "chordcharts.chord"}, {"pk": 1176, "fields": {"beats": 4, "measure": 620, "rest": false, "alt_bass": false, "chord_type": 3, "alt_bass_pitch": 0, "number": 1, "chord_pitch": 5}, "model": "chordcharts.chord"}, {"pk": 1178, "fields": {"beats": 2, "measure": 621, "rest": false, "alt_bass": false, "chord_type": 1, "alt_bass_pitch": 0, "number": 1, "chord_pitch": 0}, "model": "chordcharts.chord"}, {"pk": 1179, "fields": {"beats": 2, "measure": 621, "rest": false, "alt_bass": false, "chord_type": 3, "alt_bass_pitch": 0, "number": 2, "chord_pitch": 9}, "model": "chordcharts.chord"}, {"pk": 1180, "fields": {"beats": 4, "measure": 622, "rest": false, "alt_bass": false, "chord_type": 2, "alt_bass_pitch": 0, "number": 1, "chord_pitch": 2}, "model": "chordcharts.chord"}, {"pk": 1182, "fields": {"beats": 2, "measure": 623, "rest": false, "alt_bass": false, "chord_type": 1, "alt_bass_pitch": 0, "number": 1, "chord_pitch": 0}, "model": "chordcharts.chord"}, {"pk": 1183, "fields": {"beats": 2, "measure": 623, "rest": false, "alt_bass": false, "chord_type": 3, "alt_bass_pitch": 0, "number": 2, "chord_pitch": 9}, "model": "chordcharts.chord"}, {"pk": 1184, "fields": {"beats": 2, "measure": 624, "rest": false, "alt_bass": false, "chord_type": 3, "alt_bass_pitch": 0, "number": 1, "chord_pitch": 2}, "model": "chordcharts.chord"}, {"pk": 1185, "fields": {"beats": 2, "measure": 624, "rest": false, "alt_bass": false, "chord_type": 3, "alt_bass_pitch": 0, "number": 2, "chord_pitch": 7}, "model": "chordcharts.chord"}, {"pk": 1186, "fields": {"beats": 4, "measure": 625, "rest": false, "alt_bass": false, "chord_type": 1, "alt_bass_pitch": 0, "number": 1, "chord_pitch": 0}, "model": "chordcharts.chord"}, {"pk": 1188, "fields": {"beats": 4, "measure": 626, "rest": false, "alt_bass": false, "chord_type": 3, "alt_bass_pitch": 0, "number": 1, "chord_pitch": 0}, "model": "chordcharts.chord"}, {"pk": 1190, "fields": {"beats": 4, "measure": 627, "rest": false, "alt_bass": false, "chord_type": 3, "alt_bass_pitch": 0, "number": 1, "chord_pitch": 0}, "model": "chordcharts.chord"}, {"pk": 1192, "fields": {"beats": 4, "measure": 628, "rest": false, "alt_bass": false, "chord_type": 3, "alt_bass_pitch": 0, "number": 1, "chord_pitch": 5}, "model": "chordcharts.chord"}, {"pk": 1194, "fields": {"beats": 2, "measure": 629, "rest": false, "alt_bass": false, "chord_type": 3, "alt_bass_pitch": 0, "number": 1, "chord_pitch": 5}, "model": "chordcharts.chord"}, {"pk": 1195, "fields": {"beats": 1, "measure": 629, "rest": false, "alt_bass": false, "chord_type": 3, "alt_bass_pitch": 0, "number": 2, "chord_pitch": 4}, "model": "chordcharts.chord"}, {"pk": 1196, "fields": {"beats": 1, "measure": 629, "rest": false, "alt_bass": false, "chord_type": 3, "alt_bass_pitch": 0, "number": 3, "chord_pitch": 3}, "model": "chordcharts.chord"}, {"pk": 1197, "fields": {"beats": 4, "measure": 630, "rest": false, "alt_bass": false, "chord_type": 3, "alt_bass_pitch": 0, "number": 1, "chord_pitch": 2}, "model": "chordcharts.chord"}, {"pk": 1200, "fields": {"beats": 4, "measure": 631, "rest": false, "alt_bass": false, "chord_type": 3, "alt_bass_pitch": 0, "number": 1, "chord_pitch": 2}, "model": "chordcharts.chord"}, {"pk": 1203, "fields": {"beats": 4, "measure": 632, "rest": false, "alt_bass": false, "chord_type": 3, "alt_bass_pitch": 0, "number": 1, "chord_pitch": 7}, "model": "chordcharts.chord"}, {"pk": 1206, "fields": {"beats": 4, "measure": 633, "rest": false, "alt_bass": false, "chord_type": 3, "alt_bass_pitch": 0, "number": 1, "chord_pitch": 7}, "model": "chordcharts.chord"}, {"pk": 1209, "fields": {"beats": 4, "measure": 634, "rest": false, "alt_bass": false, "chord_type": 1, "alt_bass_pitch": 0, "number": 1, "chord_pitch": 0}, "model": "chordcharts.chord"}, {"pk": 1211, "fields": {"beats": 4, "measure": 635, "rest": false, "alt_bass": false, "chord_type": 3, "alt_bass_pitch": 0, "number": 1, "chord_pitch": 4}, "model": "chordcharts.chord"}, {"pk": 1213, "fields": {"beats": 4, "measure": 636, "rest": false, "alt_bass": false, "chord_type": 3, "alt_bass_pitch": 0, "number": 1, "chord_pitch": 5}, "model": "chordcharts.chord"}, {"pk": 1215, "fields": {"beats": 2, "measure": 637, "rest": false, "alt_bass": false, "chord_type": 1, "alt_bass_pitch": 0, "number": 1, "chord_pitch": 0}, "model": "chordcharts.chord"}, {"pk": 1216, "fields": {"beats": 2, "measure": 637, "rest": false, "alt_bass": false, "chord_type": 3, "alt_bass_pitch": 0, "number": 2, "chord_pitch": 9}, "model": "chordcharts.chord"}, {"pk": 1217, "fields": {"beats": 4, "measure": 638, "rest": false, "alt_bass": false, "chord_type": 2, "alt_bass_pitch": 0, "number": 1, "chord_pitch": 2}, "model": "chordcharts.chord"}, {"pk": 1219, "fields": {"beats": 2, "measure": 639, "rest": false, "alt_bass": false, "chord_type": 1, "alt_bass_pitch": 0, "number": 1, "chord_pitch": 0}, "model": "chordcharts.chord"}, {"pk": 1220, "fields": {"beats": 2, "measure": 639, "rest": false, "alt_bass": false, "chord_type": 3, "alt_bass_pitch": 0, "number": 2, "chord_pitch": 9}, "model": "chordcharts.chord"}, {"pk": 1221, "fields": {"beats": 2, "measure": 640, "rest": false, "alt_bass": false, "chord_type": 3, "alt_bass_pitch": 0, "number": 1, "chord_pitch": 2}, "model": "chordcharts.chord"}, {"pk": 1222, "fields": {"beats": 2, "measure": 640, "rest": false, "alt_bass": false, "chord_type": 3, "alt_bass_pitch": 0, "number": 2, "chord_pitch": 7}, "model": "chordcharts.chord"}, {"pk": 1223, "fields": {"beats": 4, "measure": 641, "rest": false, "alt_bass": false, "chord_type": 1, "alt_bass_pitch": 0, "number": 1, "chord_pitch": 0}, "model": "chordcharts.chord"}, {"pk": 1226, "fields": {"beats": 4, "measure": 643, "rest": false, "alt_bass": false, "chord_type": 1, "alt_bass_pitch": 0, "number": 1, "chord_pitch": 5}, "model": "chordcharts.chord"}, {"pk": 1227, "fields": {"beats": 4, "measure": 644, "rest": false, "alt_bass": false, "chord_type": 3, "alt_bass_pitch": 0, "number": 1, "chord_pitch": 9}, "model": "chordcharts.chord"}, {"pk": 1228, "fields": {"beats": 4, "measure": 645, "rest": false, "alt_bass": false, "chord_type": 3, "alt_bass_pitch": 0, "number": 1, "chord_pitch": 10}, "model": "chordcharts.chord"}, {"pk": 1229, "fields": {"beats": 2, "measure": 646, "rest": false, "alt_bass": false, "chord_type": 1, "alt_bass_pitch": 0, "number": 1, "chord_pitch": 5}, "model": "chordcharts.chord"}, {"pk": 1230, "fields": {"beats": 2, "measure": 646, "rest": false, "alt_bass": false, "chord_type": 3, "alt_bass_pitch": 0, "number": 2, "chord_pitch": 2}, "model": "chordcharts.chord"}, {"pk": 1231, "fields": {"beats": 4, "measure": 647, "rest": false, "alt_bass": false, "chord_type": 2, "alt_bass_pitch": 0, "number": 1, "chord_pitch": 7}, "model": "chordcharts.chord"}, {"pk": 1233, "fields": {"beats": 2, "measure": 648, "rest": false, "alt_bass": false, "chord_type": 1, "alt_bass_pitch": 0, "number": 1, "chord_pitch": 5}, "model": "chordcharts.chord"}, {"pk": 1234, "fields": {"beats": 2, "measure": 648, "rest": false, "alt_bass": false, "chord_type": 3, "alt_bass_pitch": 0, "number": 2, "chord_pitch": 2}, "model": "chordcharts.chord"}, {"pk": 1235, "fields": {"beats": 2, "measure": 649, "rest": false, "alt_bass": false, "chord_type": 3, "alt_bass_pitch": 0, "number": 1, "chord_pitch": 7}, "model": "chordcharts.chord"}, {"pk": 1236, "fields": {"beats": 2, "measure": 649, "rest": false, "alt_bass": false, "chord_type": 3, "alt_bass_pitch": 0, "number": 2, "chord_pitch": 0}, "model": "chordcharts.chord"}, {"pk": 1237, "fields": {"beats": 4, "measure": 650, "rest": false, "alt_bass": false, "chord_type": 1, "alt_bass_pitch": 0, "number": 1, "chord_pitch": 5}, "model": "chordcharts.chord"}, {"pk": 1239, "fields": {"beats": 4, "measure": 651, "rest": false, "alt_bass": false, "chord_type": 1, "alt_bass_pitch": 0, "number": 1, "chord_pitch": 5}, "model": "chordcharts.chord"}, {"pk": 1240, "fields": {"beats": 4, "measure": 652, "rest": false, "alt_bass": false, "chord_type": 3, "alt_bass_pitch": 0, "number": 1, "chord_pitch": 9}, "model": "chordcharts.chord"}, {"pk": 1241, "fields": {"beats": 4, "measure": 653, "rest": false, "alt_bass": false, "chord_type": 3, "alt_bass_pitch": 0, "number": 1, "chord_pitch": 10}, "model": "chordcharts.chord"}, {"pk": 1242, "fields": {"beats": 2, "measure": 654, "rest": false, "alt_bass": false, "chord_type": 1, "alt_bass_pitch": 0, "number": 1, "chord_pitch": 5}, "model": "chordcharts.chord"}, {"pk": 1243, "fields": {"beats": 4, "measure": 655, "rest": false, "alt_bass": false, "chord_type": 2, "alt_bass_pitch": 0, "number": 1, "chord_pitch": 7}, "model": "chordcharts.chord"}, {"pk": 1244, "fields": {"beats": 2, "measure": 656, "rest": false, "alt_bass": false, "chord_type": 1, "alt_bass_pitch": 0, "number": 1, "chord_pitch": 5}, "model": "chordcharts.chord"}, {"pk": 1245, "fields": {"beats": 2, "measure": 657, "rest": false, "alt_bass": false, "chord_type": 3, "alt_bass_pitch": 0, "number": 1, "chord_pitch": 7}, "model": "chordcharts.chord"}, {"pk": 1246, "fields": {"beats": 4, "measure": 658, "rest": false, "alt_bass": false, "chord_type": 1, "alt_bass_pitch": 0, "number": 1, "chord_pitch": 5}, "model": "chordcharts.chord"}, {"pk": 1247, "fields": {"beats": 2, "measure": 654, "rest": false, "alt_bass": false, "chord_type": 3, "alt_bass_pitch": 0, "number": 2, "chord_pitch": 2}, "model": "chordcharts.chord"}, {"pk": 1248, "fields": {"beats": 2, "measure": 656, "rest": false, "alt_bass": false, "chord_type": 3, "alt_bass_pitch": 0, "number": 2, "chord_pitch": 2}, "model": "chordcharts.chord"}, {"pk": 1249, "fields": {"beats": 2, "measure": 657, "rest": false, "alt_bass": false, "chord_type": 3, "alt_bass_pitch": 0, "number": 2, "chord_pitch": 0}, "model": "chordcharts.chord"}, {"pk": 1250, "fields": {"beats": 4, "measure": 659, "rest": false, "alt_bass": false, "chord_type": 3, "alt_bass_pitch": 0, "number": 1, "chord_pitch": 5}, "model": "chordcharts.chord"}, {"pk": 1251, "fields": {"beats": 4, "measure": 660, "rest": false, "alt_bass": false, "chord_type": 3, "alt_bass_pitch": 0, "number": 1, "chord_pitch": 5}, "model": "chordcharts.chord"}, {"pk": 1252, "fields": {"beats": 4, "measure": 661, "rest": false, "alt_bass": false, "chord_type": 3, "alt_bass_pitch": 0, "number": 1, "chord_pitch": 10}, "model": "chordcharts.chord"}, {"pk": 1253, "fields": {"beats": 4, "measure": 662, "rest": false, "alt_bass": false, "chord_type": 3, "alt_bass_pitch": 0, "number": 1, "chord_pitch": 10}, "model": "chordcharts.chord"}, {"pk": 1254, "fields": {"beats": 4, "measure": 663, "rest": false, "alt_bass": false, "chord_type": 3, "alt_bass_pitch": 0, "number": 1, "chord_pitch": 7}, "model": "chordcharts.chord"}, {"pk": 1255, "fields": {"beats": 4, "measure": 664, "rest": false, "alt_bass": false, "chord_type": 3, "alt_bass_pitch": 0, "number": 1, "chord_pitch": 7}, "model": "chordcharts.chord"}, {"pk": 1256, "fields": {"beats": 4, "measure": 665, "rest": false, "alt_bass": false, "chord_type": 3, "alt_bass_pitch": 0, "number": 1, "chord_pitch": 0}, "model": "chordcharts.chord"}, {"pk": 1257, "fields": {"beats": 4, "measure": 666, "rest": false, "alt_bass": false, "chord_type": 3, "alt_bass_pitch": 0, "number": 1, "chord_pitch": 0}, "model": "chordcharts.chord"}, {"pk": 1258, "fields": {"beats": 4, "measure": 667, "rest": false, "alt_bass": false, "chord_type": 1, "alt_bass_pitch": 0, "number": 1, "chord_pitch": 5}, "model": "chordcharts.chord"}, {"pk": 1259, "fields": {"beats": 4, "measure": 668, "rest": false, "alt_bass": false, "chord_type": 3, "alt_bass_pitch": 0, "number": 1, "chord_pitch": 9}, "model": "chordcharts.chord"}, {"pk": 1260, "fields": {"beats": 4, "measure": 669, "rest": false, "alt_bass": false, "chord_type": 3, "alt_bass_pitch": 0, "number": 1, "chord_pitch": 10}, "model": "chordcharts.chord"}, {"pk": 1261, "fields": {"beats": 2, "measure": 670, "rest": false, "alt_bass": false, "chord_type": 1, "alt_bass_pitch": 0, "number": 1, "chord_pitch": 5}, "model": "chordcharts.chord"}, {"pk": 1262, "fields": {"beats": 2, "measure": 670, "rest": false, "alt_bass": false, "chord_type": 3, "alt_bass_pitch": 0, "number": 2, "chord_pitch": 2}, "model": "chordcharts.chord"}, {"pk": 1263, "fields": {"beats": 4, "measure": 671, "rest": false, "alt_bass": false, "chord_type": 2, "alt_bass_pitch": 0, "number": 1, "chord_pitch": 7}, "model": "chordcharts.chord"}, {"pk": 1265, "fields": {"beats": 2, "measure": 672, "rest": false, "alt_bass": false, "chord_type": 1, "alt_bass_pitch": 0, "number": 1, "chord_pitch": 5}, "model": "chordcharts.chord"}, {"pk": 1266, "fields": {"beats": 2, "measure": 672, "rest": false, "alt_bass": false, "chord_type": 3, "alt_bass_pitch": 0, "number": 2, "chord_pitch": 2}, "model": "chordcharts.chord"}, {"pk": 1267, "fields": {"beats": 2, "measure": 673, "rest": false, "alt_bass": false, "chord_type": 3, "alt_bass_pitch": 0, "number": 1, "chord_pitch": 7}, "model": "chordcharts.chord"}, {"pk": 1268, "fields": {"beats": 2, "measure": 673, "rest": false, "alt_bass": false, "chord_type": 3, "alt_bass_pitch": 0, "number": 2, "chord_pitch": 0}, "model": "chordcharts.chord"}, {"pk": 1269, "fields": {"beats": 4, "measure": 674, "rest": false, "alt_bass": false, "chord_type": 1, "alt_bass_pitch": 0, "number": 1, "chord_pitch": 5}, "model": "chordcharts.chord"}, {"pk": 1271, "fields": {"beats": 4, "measure": 675, "rest": false, "alt_bass": false, "chord_type": 1, "alt_bass_pitch": 0, "number": 1, "chord_pitch": 5}, "model": "chordcharts.chord"}, {"pk": 1272, "fields": {"beats": 4, "measure": 676, "rest": false, "alt_bass": false, "chord_type": 3, "alt_bass_pitch": 0, "number": 1, "chord_pitch": 2}, "model": "chordcharts.chord"}, {"pk": 1273, "fields": {"beats": 4, "measure": 677, "rest": false, "alt_bass": false, "chord_type": 3, "alt_bass_pitch": 0, "number": 1, "chord_pitch": 2}, "model": "chordcharts.chord"}, {"pk": 1274, "fields": {"beats": 4, "measure": 678, "rest": false, "alt_bass": false, "chord_type": 3, "alt_bass_pitch": 0, "number": 1, "chord_pitch": 7}, "model": "chordcharts.chord"}, {"pk": 1275, "fields": {"beats": 4, "measure": 679, "rest": false, "alt_bass": false, "chord_type": 1, "alt_bass_pitch": 0, "number": 1, "chord_pitch": 10}, "model": "chordcharts.chord"}, {"pk": 1276, "fields": {"beats": 4, "measure": 680, "rest": false, "alt_bass": false, "chord_type": 3, "alt_bass_pitch": 0, "number": 1, "chord_pitch": 0}, "model": "chordcharts.chord"}, {"pk": 1277, "fields": {"beats": 2, "measure": 681, "rest": false, "alt_bass": false, "chord_type": 1, "alt_bass_pitch": 0, "number": 1, "chord_pitch": 5}, "model": "chordcharts.chord"}, {"pk": 1278, "fields": {"beats": 2, "measure": 681, "rest": false, "alt_bass": false, "chord_type": 10, "alt_bass_pitch": 0, "number": 2, "chord_pitch": 5}, "model": "chordcharts.chord"}, {"pk": 1279, "fields": {"beats": 4, "measure": 682, "rest": false, "alt_bass": false, "chord_type": 3, "alt_bass_pitch": 0, "number": 1, "chord_pitch": 7}, "model": "chordcharts.chord"}, {"pk": 1304, "fields": {"beats": 4, "measure": 700, "rest": false, "alt_bass": false, "chord_type": 1, "alt_bass_pitch": 0, "number": 1, "chord_pitch": 0}, "model": "chordcharts.chord"}, {"pk": 1305, "fields": {"beats": 4, "measure": 701, "rest": false, "alt_bass": false, "chord_type": 10, "alt_bass_pitch": 0, "number": 1, "chord_pitch": 3}, "model": "chordcharts.chord"}, {"pk": 1306, "fields": {"beats": 4, "measure": 702, "rest": false, "alt_bass": false, "chord_type": 2, "alt_bass_pitch": 0, "number": 1, "chord_pitch": 2}, "model": "chordcharts.chord"}, {"pk": 1307, "fields": {"beats": 4, "measure": 703, "rest": false, "alt_bass": false, "chord_type": 3, "alt_bass_pitch": 0, "number": 1, "chord_pitch": 7}, "model": "chordcharts.chord"}, {"pk": 1308, "fields": {"beats": 4, "measure": 704, "rest": false, "alt_bass": false, "chord_type": 10, "alt_bass_pitch": 0, "number": 1, "chord_pitch": 6}, "model": "chordcharts.chord"}, {"pk": 1309, "fields": {"beats": 2, "measure": 705, "rest": false, "alt_bass": false, "chord_type": 3, "alt_bass_pitch": 0, "number": 1, "chord_pitch": 11}, "model": "chordcharts.chord"}, {"pk": 1310, "fields": {"beats": 2, "measure": 705, "rest": false, "alt_bass": false, "chord_type": 10, "alt_bass_pitch": 0, "number": 2, "chord_pitch": 6}, "model": "chordcharts.chord"}, {"pk": 1311, "fields": {"beats": 4, "measure": 706, "rest": false, "alt_bass": false, "chord_type": 3, "alt_bass_pitch": 0, "number": 1, "chord_pitch": 11}, "model": "chordcharts.chord"}, {"pk": 1313, "fields": {"beats": 2, "measure": 707, "rest": false, "alt_bass": false, "chord_type": 3, "alt_bass_pitch": 0, "number": 1, "chord_pitch": 11}, "model": "chordcharts.chord"}, {"pk": 1314, "fields": {"beats": 2, "measure": 707, "rest": false, "alt_bass": false, "chord_type": 10, "alt_bass_pitch": 0, "number": 2, "chord_pitch": 0}, "model": "chordcharts.chord"}, {"pk": 1315, "fields": {"beats": 4, "measure": 708, "rest": false, "alt_bass": false, "chord_type": 3, "alt_bass_pitch": 2, "number": 1, "chord_pitch": 7}, "model": "chordcharts.chord"}, {"pk": 1316, "fields": {"beats": 2, "measure": 709, "rest": false, "alt_bass": false, "chord_type": 5, "alt_bass_pitch": 2, "number": 1, "chord_pitch": 2}, "model": "chordcharts.chord"}, {"pk": 1317, "fields": {"beats": 2, "measure": 709, "rest": false, "alt_bass": false, "chord_type": 3, "alt_bass_pitch": 2, "number": 2, "chord_pitch": 7}, "model": "chordcharts.chord"}, {"pk": 1318, "fields": {"beats": 4, "measure": 710, "rest": false, "alt_bass": false, "chord_type": 5, "alt_bass_pitch": 2, "number": 1, "chord_pitch": 7}, "model": "chordcharts.chord"}, {"pk": 1320, "fields": {"beats": 4, "measure": 711, "rest": false, "alt_bass": false, "chord_type": 5, "alt_bass_pitch": 2, "number": 1, "chord_pitch": 7}, "model": "chordcharts.chord"}, {"pk": 1322, "fields": {"beats": 4, "measure": 712, "rest": false, "alt_bass": false, "chord_type": 1, "alt_bass_pitch": 2, "number": 1, "chord_pitch": 0}, "model": "chordcharts.chord"}, {"pk": 1324, "fields": {"beats": 4, "measure": 713, "rest": false, "alt_bass": false, "chord_type": 3, "alt_bass_pitch": 2, "number": 1, "chord_pitch": 7}, "model": "chordcharts.chord"}, {"pk": 1326, "fields": {"beats": 2, "measure": 714, "rest": false, "alt_bass": false, "chord_type": 1, "alt_bass_pitch": 2, "number": 1, "chord_pitch": 0}, "model": "chordcharts.chord"}, {"pk": 1327, "fields": {"beats": 2, "measure": 714, "rest": false, "alt_bass": false, "chord_type": 5, "alt_bass_pitch": 2, "number": 2, "chord_pitch": 2}, "model": "chordcharts.chord"}, {"pk": 1328, "fields": {"beats": 4, "measure": 715, "rest": false, "alt_bass": false, "chord_type": 3, "alt_bass_pitch": 2, "number": 1, "chord_pitch": 7}, "model": "chordcharts.chord"}, {"pk": 1330, "fields": {"beats": 4, "measure": 716, "rest": false, "alt_bass": false, "chord_type": 1, "alt_bass_pitch": 2, "number": 1, "chord_pitch": 0}, "model": "chordcharts.chord"}, {"pk": 1331, "fields": {"beats": 4, "measure": 717, "rest": false, "alt_bass": false, "chord_type": 10, "alt_bass_pitch": 2, "number": 1, "chord_pitch": 3}, "model": "chordcharts.chord"}, {"pk": 1332, "fields": {"beats": 4, "measure": 718, "rest": false, "alt_bass": false, "chord_type": 2, "alt_bass_pitch": 2, "number": 1, "chord_pitch": 2}, "model": "chordcharts.chord"}, {"pk": 1333, "fields": {"beats": 4, "measure": 719, "rest": false, "alt_bass": false, "chord_type": 3, "alt_bass_pitch": 2, "number": 1, "chord_pitch": 7}, "model": "chordcharts.chord"}, {"pk": 1334, "fields": {"beats": 4, "measure": 720, "rest": false, "alt_bass": false, "chord_type": 10, "alt_bass_pitch": 2, "number": 1, "chord_pitch": 6}, "model": "chordcharts.chord"}, {"pk": 1335, "fields": {"beats": 2, "measure": 721, "rest": false, "alt_bass": false, "chord_type": 3, "alt_bass_pitch": 2, "number": 1, "chord_pitch": 11}, "model": "chordcharts.chord"}, {"pk": 1336, "fields": {"beats": 2, "measure": 721, "rest": false, "alt_bass": false, "chord_type": 10, "alt_bass_pitch": 2, "number": 2, "chord_pitch": 6}, "model": "chordcharts.chord"}, {"pk": 1337, "fields": {"beats": 4, "measure": 722, "rest": false, "alt_bass": false, "chord_type": 3, "alt_bass_pitch": 2, "number": 1, "chord_pitch": 11}, "model": "chordcharts.chord"}, {"pk": 1339, "fields": {"beats": 2, "measure": 723, "rest": false, "alt_bass": false, "chord_type": 3, "alt_bass_pitch": 2, "number": 1, "chord_pitch": 11}, "model": "chordcharts.chord"}, {"pk": 1340, "fields": {"beats": 2, "measure": 723, "rest": false, "alt_bass": false, "chord_type": 10, "alt_bass_pitch": 2, "number": 2, "chord_pitch": 0}, "model": "chordcharts.chord"}, {"pk": 1341, "fields": {"beats": 4, "measure": 724, "rest": false, "alt_bass": false, "chord_type": 3, "alt_bass_pitch": 2, "number": 1, "chord_pitch": 7}, "model": "chordcharts.chord"}, {"pk": 1342, "fields": {"beats": 2, "measure": 725, "rest": false, "alt_bass": false, "chord_type": 5, "alt_bass_pitch": 2, "number": 1, "chord_pitch": 2}, "model": "chordcharts.chord"}, {"pk": 1343, "fields": {"beats": 2, "measure": 725, "rest": false, "alt_bass": false, "chord_type": 3, "alt_bass_pitch": 2, "number": 2, "chord_pitch": 7}, "model": "chordcharts.chord"}, {"pk": 1344, "fields": {"beats": 4, "measure": 726, "rest": false, "alt_bass": false, "chord_type": 3, "alt_bass_pitch": 2, "number": 1, "chord_pitch": 7}, "model": "chordcharts.chord"}, {"pk": 1346, "fields": {"beats": 4, "measure": 727, "rest": false, "alt_bass": false, "chord_type": 3, "alt_bass_pitch": 2, "number": 1, "chord_pitch": 7}, "model": "chordcharts.chord"}, {"pk": 1348, "fields": {"beats": 4, "measure": 728, "rest": false, "alt_bass": false, "chord_type": 1, "alt_bass_pitch": 2, "number": 1, "chord_pitch": 0}, "model": "chordcharts.chord"}, {"pk": 1350, "fields": {"beats": 2, "measure": 729, "rest": false, "alt_bass": false, "chord_type": 5, "alt_bass_pitch": 2, "number": 1, "chord_pitch": 2}, "model": "chordcharts.chord"}, {"pk": 1351, "fields": {"beats": 2, "measure": 729, "rest": false, "alt_bass": false, "chord_type": 3, "alt_bass_pitch": 2, "number": 2, "chord_pitch": 7}, "model": "chordcharts.chord"}, {"pk": 1352, "fields": {"beats": 2, "measure": 730, "rest": false, "alt_bass": false, "chord_type": 1, "alt_bass_pitch": 2, "number": 1, "chord_pitch": 0}, "model": "chordcharts.chord"}, {"pk": 1353, "fields": {"beats": 2, "measure": 730, "rest": false, "alt_bass": false, "chord_type": 5, "alt_bass_pitch": 2, "number": 2, "chord_pitch": 2}, "model": "chordcharts.chord"}, {"pk": 1354, "fields": {"beats": 2, "measure": 731, "rest": false, "alt_bass": false, "chord_type": 1, "alt_bass_pitch": 2, "number": 1, "chord_pitch": 0}, "model": "chordcharts.chord"}, {"pk": 1355, "fields": {"beats": 2, "measure": 731, "rest": false, "alt_bass": false, "chord_type": 3, "alt_bass_pitch": 2, "number": 2, "chord_pitch": 11}, "model": "chordcharts.chord"}, {"pk": 1356, "fields": {"beats": 4, "measure": 732, "rest": false, "alt_bass": false, "chord_type": 5, "alt_bass_pitch": 2, "number": 1, "chord_pitch": 4}, "model": "chordcharts.chord"}, {"pk": 1357, "fields": {"beats": 2, "measure": 733, "rest": false, "alt_bass": false, "chord_type": 5, "alt_bass_pitch": 2, "number": 1, "chord_pitch": 4}, "model": "chordcharts.chord"}, {"pk": 1358, "fields": {"beats": 2, "measure": 733, "rest": false, "alt_bass": false, "chord_type": 3, "alt_bass_pitch": 2, "number": 2, "chord_pitch": 11}, "model": "chordcharts.chord"}, {"pk": 1359, "fields": {"beats": 4, "measure": 734, "rest": false, "alt_bass": false, "chord_type": 5, "alt_bass_pitch": 2, "number": 1, "chord_pitch": 4}, "model": "chordcharts.chord"}, {"pk": 1361, "fields": {"beats": 4, "measure": 735, "rest": false, "alt_bass": false, "chord_type": 3, "alt_bass_pitch": 2, "number": 1, "chord_pitch": 9}, "model": "chordcharts.chord"}, {"pk": 1363, "fields": {"beats": 4, "measure": 736, "rest": false, "alt_bass": false, "chord_type": 5, "alt_bass_pitch": 2, "number": 1, "chord_pitch": 2}, "model": "chordcharts.chord"}, {"pk": 1365, "fields": {"beats": 4, "measure": 737, "rest": false, "alt_bass": false, "chord_type": 3, "alt_bass_pitch": 2, "number": 1, "chord_pitch": 9}, "model": "chordcharts.chord"}, {"pk": 1367, "fields": {"beats": 4, "measure": 738, "rest": false, "alt_bass": false, "chord_type": 5, "alt_bass_pitch": 2, "number": 1, "chord_pitch": 2}, "model": "chordcharts.chord"}, {"pk": 1369, "fields": {"beats": 4, "measure": 739, "rest": false, "alt_bass": false, "chord_type": 3, "alt_bass_pitch": 2, "number": 1, "chord_pitch": 7}, "model": "chordcharts.chord"}, {"pk": 1371, "fields": {"beats": 4, "measure": 740, "rest": false, "alt_bass": false, "chord_type": 1, "alt_bass_pitch": 2, "number": 1, "chord_pitch": 0}, "model": "chordcharts.chord"}, {"pk": 1372, "fields": {"beats": 4, "measure": 741, "rest": false, "alt_bass": false, "chord_type": 10, "alt_bass_pitch": 2, "number": 1, "chord_pitch": 3}, "model": "chordcharts.chord"}, {"pk": 1373, "fields": {"beats": 4, "measure": 742, "rest": false, "alt_bass": false, "chord_type": 2, "alt_bass_pitch": 2, "number": 1, "chord_pitch": 2}, "model": "chordcharts.chord"}, {"pk": 1374, "fields": {"beats": 4, "measure": 743, "rest": false, "alt_bass": false, "chord_type": 3, "alt_bass_pitch": 2, "number": 1, "chord_pitch": 7}, "model": "chordcharts.chord"}, {"pk": 1375, "fields": {"beats": 4, "measure": 744, "rest": false, "alt_bass": false, "chord_type": 10, "alt_bass_pitch": 2, "number": 1, "chord_pitch": 6}, "model": "chordcharts.chord"}, {"pk": 1376, "fields": {"beats": 2, "measure": 745, "rest": false, "alt_bass": false, "chord_type": 3, "alt_bass_pitch": 2, "number": 1, "chord_pitch": 11}, "model": "chordcharts.chord"}, {"pk": 1377, "fields": {"beats": 2, "measure": 745, "rest": false, "alt_bass": false, "chord_type": 10, "alt_bass_pitch": 2, "number": 2, "chord_pitch": 6}, "model": "chordcharts.chord"}, {"pk": 1378, "fields": {"beats": 4, "measure": 746, "rest": false, "alt_bass": false, "chord_type": 3, "alt_bass_pitch": 2, "number": 1, "chord_pitch": 11}, "model": "chordcharts.chord"}, {"pk": 1380, "fields": {"beats": 2, "measure": 747, "rest": false, "alt_bass": false, "chord_type": 3, "alt_bass_pitch": 2, "number": 1, "chord_pitch": 11}, "model": "chordcharts.chord"}, {"pk": 1381, "fields": {"beats": 2, "measure": 747, "rest": false, "alt_bass": false, "chord_type": 10, "alt_bass_pitch": 2, "number": 2, "chord_pitch": 0}, "model": "chordcharts.chord"}, {"pk": 1382, "fields": {"beats": 4, "measure": 748, "rest": false, "alt_bass": false, "chord_type": 3, "alt_bass_pitch": 2, "number": 1, "chord_pitch": 7}, "model": "chordcharts.chord"}, {"pk": 1384, "fields": {"beats": 2, "measure": 750, "rest": false, "alt_bass": false, "chord_type": 5, "alt_bass_pitch": 2, "number": 1, "chord_pitch": 2}, "model": "chordcharts.chord"}, {"pk": 1385, "fields": {"beats": 2, "measure": 750, "rest": false, "alt_bass": false, "chord_type": 3, "alt_bass_pitch": 2, "number": 2, "chord_pitch": 7}, "model": "chordcharts.chord"}, {"pk": 1386, "fields": {"beats": 4, "measure": 751, "rest": false, "alt_bass": false, "chord_type": 3, "alt_bass_pitch": 2, "number": 1, "chord_pitch": 7}, "model": "chordcharts.chord"}, {"pk": 1388, "fields": {"beats": 4, "measure": 752, "rest": false, "alt_bass": false, "chord_type": 3, "alt_bass_pitch": 2, "number": 1, "chord_pitch": 7}, "model": "chordcharts.chord"}, {"pk": 1390, "fields": {"beats": 4, "measure": 753, "rest": false, "alt_bass": false, "chord_type": 1, "alt_bass_pitch": 2, "number": 1, "chord_pitch": 0}, "model": "chordcharts.chord"}, {"pk": 1392, "fields": {"beats": 2, "measure": 754, "rest": false, "alt_bass": false, "chord_type": 5, "alt_bass_pitch": 2, "number": 1, "chord_pitch": 2}, "model": "chordcharts.chord"}, {"pk": 1393, "fields": {"beats": 2, "measure": 754, "rest": false, "alt_bass": false, "chord_type": 3, "alt_bass_pitch": 2, "number": 2, "chord_pitch": 7}, "model": "chordcharts.chord"}, {"pk": 1394, "fields": {"beats": 4, "measure": 755, "rest": false, "alt_bass": false, "chord_type": 1, "alt_bass_pitch": 2, "number": 1, "chord_pitch": 0}, "model": "chordcharts.chord"}, {"pk": 1396, "fields": {"beats": 2, "measure": 756, "rest": false, "alt_bass": false, "chord_type": 5, "alt_bass_pitch": 2, "number": 1, "chord_pitch": 2}, "model": "chordcharts.chord"}, {"pk": 1397, "fields": {"beats": 2, "measure": 756, "rest": false, "alt_bass": false, "chord_type": 3, "alt_bass_pitch": 2, "number": 2, "chord_pitch": 7}, "model": "chordcharts.chord"}, {"pk": 1541, "fields": {"beats": 4, "measure": 859, "rest": false, "alt_bass": false, "chord_type": 1, "alt_bass_pitch": 0, "number": 1, "chord_pitch": 0}, "model": "chordcharts.chord"}, {"pk": 1542, "fields": {"beats": 4, "measure": 860, "rest": false, "alt_bass": false, "chord_type": 1, "alt_bass_pitch": 0, "number": 1, "chord_pitch": 0}, "model": "chordcharts.chord"}, {"pk": 1543, "fields": {"beats": 4, "measure": 861, "rest": false, "alt_bass": false, "chord_type": 3, "alt_bass_pitch": 0, "number": 1, "chord_pitch": 2}, "model": "chordcharts.chord"}, {"pk": 1544, "fields": {"beats": 4, "measure": 862, "rest": false, "alt_bass": false, "chord_type": 3, "alt_bass_pitch": 0, "number": 1, "chord_pitch": 2}, "model": "chordcharts.chord"}, {"pk": 1545, "fields": {"beats": 4, "measure": 863, "rest": false, "alt_bass": false, "chord_type": 3, "alt_bass_pitch": 0, "number": 1, "chord_pitch": 7}, "model": "chordcharts.chord"}, {"pk": 1546, "fields": {"beats": 4, "measure": 864, "rest": false, "alt_bass": false, "chord_type": 3, "alt_bass_pitch": 0, "number": 1, "chord_pitch": 7}, "model": "chordcharts.chord"}, {"pk": 1547, "fields": {"beats": 4, "measure": 865, "rest": false, "alt_bass": false, "chord_type": 1, "alt_bass_pitch": 0, "number": 1, "chord_pitch": 0}, "model": "chordcharts.chord"}, {"pk": 1548, "fields": {"beats": 4, "measure": 866, "rest": false, "alt_bass": false, "chord_type": 1, "alt_bass_pitch": 0, "number": 1, "chord_pitch": 0}, "model": "chordcharts.chord"}, {"pk": 1549, "fields": {"beats": 4, "measure": 867, "rest": false, "alt_bass": false, "chord_type": 3, "alt_bass_pitch": 0, "number": 1, "chord_pitch": 9}, "model": "chordcharts.chord"}, {"pk": 1550, "fields": {"beats": 4, "measure": 868, "rest": false, "alt_bass": false, "chord_type": 3, "alt_bass_pitch": 0, "number": 1, "chord_pitch": 9}, "model": "chordcharts.chord"}, {"pk": 1551, "fields": {"beats": 4, "measure": 869, "rest": false, "alt_bass": false, "chord_type": 3, "alt_bass_pitch": 0, "number": 1, "chord_pitch": 2}, "model": "chordcharts.chord"}, {"pk": 1552, "fields": {"beats": 4, "measure": 870, "rest": false, "alt_bass": false, "chord_type": 3, "alt_bass_pitch": 0, "number": 1, "chord_pitch": 2}, "model": "chordcharts.chord"}, {"pk": 1553, "fields": {"beats": 4, "measure": 871, "rest": false, "alt_bass": false, "chord_type": 3, "alt_bass_pitch": 0, "number": 1, "chord_pitch": 7}, "model": "chordcharts.chord"}, {"pk": 1554, "fields": {"beats": 4, "measure": 872, "rest": false, "alt_bass": false, "chord_type": 3, "alt_bass_pitch": 0, "number": 1, "chord_pitch": 7}, "model": "chordcharts.chord"}, {"pk": 1555, "fields": {"beats": 4, "measure": 873, "rest": false, "alt_bass": false, "chord_type": 1, "alt_bass_pitch": 0, "number": 1, "chord_pitch": 0}, "model": "chordcharts.chord"}, {"pk": 1556, "fields": {"beats": 4, "measure": 874, "rest": false, "alt_bass": false, "chord_type": 1, "alt_bass_pitch": 0, "number": 1, "chord_pitch": 0}, "model": "chordcharts.chord"}, {"pk": 1557, "fields": {"beats": 4, "measure": 875, "rest": false, "alt_bass": false, "chord_type": 1, "alt_bass_pitch": 0, "number": 1, "chord_pitch": 0}, "model": "chordcharts.chord"}, {"pk": 1558, "fields": {"beats": 4, "measure": 876, "rest": false, "alt_bass": false, "chord_type": 1, "alt_bass_pitch": 0, "number": 1, "chord_pitch": 0}, "model": "chordcharts.chord"}, {"pk": 1559, "fields": {"beats": 4, "measure": 877, "rest": false, "alt_bass": false, "chord_type": 3, "alt_bass_pitch": 0, "number": 1, "chord_pitch": 2}, "model": "chordcharts.chord"}, {"pk": 1560, "fields": {"beats": 4, "measure": 878, "rest": false, "alt_bass": false, "chord_type": 3, "alt_bass_pitch": 0, "number": 1, "chord_pitch": 2}, "model": "chordcharts.chord"}, {"pk": 1561, "fields": {"beats": 4, "measure": 879, "rest": false, "alt_bass": false, "chord_type": 3, "alt_bass_pitch": 0, "number": 1, "chord_pitch": 7}, "model": "chordcharts.chord"}, {"pk": 1562, "fields": {"beats": 4, "measure": 880, "rest": false, "alt_bass": false, "chord_type": 3, "alt_bass_pitch": 0, "number": 1, "chord_pitch": 7}, "model": "chordcharts.chord"}, {"pk": 1563, "fields": {"beats": 4, "measure": 881, "rest": false, "alt_bass": false, "chord_type": 1, "alt_bass_pitch": 0, "number": 1, "chord_pitch": 0}, "model": "chordcharts.chord"}, {"pk": 1564, "fields": {"beats": 4, "measure": 882, "rest": false, "alt_bass": false, "chord_type": 10, "alt_bass_pitch": 0, "number": 1, "chord_pitch": 0}, "model": "chordcharts.chord"}, {"pk": 1565, "fields": {"beats": 4, "measure": 883, "rest": false, "alt_bass": false, "chord_type": 3, "alt_bass_pitch": 0, "number": 1, "chord_pitch": 9}, "model": "chordcharts.chord"}, {"pk": 1566, "fields": {"beats": 4, "measure": 884, "rest": false, "alt_bass": false, "chord_type": 3, "alt_bass_pitch": 0, "number": 1, "chord_pitch": 9}, "model": "chordcharts.chord"}, {"pk": 1567, "fields": {"beats": 4, "measure": 885, "rest": false, "alt_bass": false, "chord_type": 1, "alt_bass_pitch": 0, "number": 1, "chord_pitch": 0}, "model": "chordcharts.chord"}, {"pk": 1568, "fields": {"beats": 4, "measure": 886, "rest": false, "alt_bass": false, "chord_type": 3, "alt_bass_pitch": 0, "number": 1, "chord_pitch": 9}, "model": "chordcharts.chord"}, {"pk": 1569, "fields": {"beats": 4, "measure": 887, "rest": false, "alt_bass": false, "chord_type": 3, "alt_bass_pitch": 0, "number": 1, "chord_pitch": 2}, "model": "chordcharts.chord"}, {"pk": 1570, "fields": {"beats": 4, "measure": 888, "rest": false, "alt_bass": false, "chord_type": 3, "alt_bass_pitch": 0, "number": 1, "chord_pitch": 7}, "model": "chordcharts.chord"}, {"pk": 1571, "fields": {"beats": 4, "measure": 889, "rest": false, "alt_bass": false, "chord_type": 1, "alt_bass_pitch": 0, "number": 1, "chord_pitch": 0}, "model": "chordcharts.chord"}, {"pk": 1572, "fields": {"beats": 4, "measure": 890, "rest": false, "alt_bass": false, "chord_type": 3, "alt_bass_pitch": 0, "number": 1, "chord_pitch": 7}, "model": "chordcharts.chord"}, {"pk": 1573, "fields": {"beats": 2, "measure": 891, "rest": false, "alt_bass": false, "chord_type": 1, "alt_bass_pitch": 0, "number": 1, "chord_pitch": 0}, "model": "chordcharts.chord"}, {"pk": 1574, "fields": {"beats": 2, "measure": 892, "rest": false, "alt_bass": false, "chord_type": 2, "alt_bass_pitch": 0, "number": 1, "chord_pitch": 2}, "model": "chordcharts.chord"}, {"pk": 1575, "fields": {"beats": 2, "measure": 892, "rest": false, "alt_bass": false, "chord_type": 3, "alt_bass_pitch": 0, "number": 2, "chord_pitch": 7}, "model": "chordcharts.chord"}, {"pk": 1576, "fields": {"beats": 4, "measure": 893, "rest": false, "alt_bass": false, "chord_type": 3, "alt_bass_pitch": 0, "number": 1, "chord_pitch": 7}, "model": "chordcharts.chord"}, {"pk": 1578, "fields": {"beats": 2, "measure": 894, "rest": false, "alt_bass": false, "chord_type": 1, "alt_bass_pitch": 0, "number": 1, "chord_pitch": 0}, "model": "chordcharts.chord"}, {"pk": 1579, "fields": {"beats": 2, "measure": 894, "rest": false, "alt_bass": false, "chord_type": 3, "alt_bass_pitch": 0, "number": 2, "chord_pitch": 0}, "model": "chordcharts.chord"}, {"pk": 1580, "fields": {"beats": 2, "measure": 895, "rest": false, "alt_bass": false, "chord_type": 1, "alt_bass_pitch": 0, "number": 1, "chord_pitch": 5}, "model": "chordcharts.chord"}, {"pk": 1581, "fields": {"beats": 2, "measure": 895, "rest": false, "alt_bass": false, "chord_type": 1, "alt_bass_pitch": 0, "number": 2, "chord_pitch": 9}, "model": "chordcharts.chord"}, {"pk": 1582, "fields": {"beats": 2, "measure": 896, "rest": false, "alt_bass": false, "chord_type": 1, "alt_bass_pitch": 0, "number": 1, "chord_pitch": 2}, "model": "chordcharts.chord"}, {"pk": 1583, "fields": {"beats": 2, "measure": 896, "rest": false, "alt_bass": false, "chord_type": 10, "alt_bass_pitch": 0, "number": 2, "chord_pitch": 3}, "model": "chordcharts.chord"}, {"pk": 1584, "fields": {"beats": 2, "measure": 897, "rest": false, "alt_bass": false, "chord_type": 1, "alt_bass_pitch": 0, "number": 1, "chord_pitch": 0}, "model": "chordcharts.chord"}, {"pk": 1585, "fields": {"beats": 2, "measure": 897, "rest": false, "alt_bass": false, "chord_type": 3, "alt_bass_pitch": 0, "number": 2, "chord_pitch": 7}, "model": "chordcharts.chord"}, {"pk": 1586, "fields": {"beats": 4, "measure": 898, "rest": false, "alt_bass": false, "chord_type": 1, "alt_bass_pitch": 0, "number": 1, "chord_pitch": 0}, "model": "chordcharts.chord"}, {"pk": 1588, "fields": {"beats": 2, "measure": 899, "rest": false, "alt_bass": false, "chord_type": 1, "alt_bass_pitch": 0, "number": 1, "chord_pitch": 0}, "model": "chordcharts.chord"}, {"pk": 1589, "fields": {"beats": 2, "measure": 899, "rest": false, "alt_bass": false, "chord_type": 1, "alt_bass_pitch": 0, "number": 2, "chord_pitch": 7}, "model": "chordcharts.chord"}, {"pk": 1590, "fields": {"beats": 4, "measure": 900, "rest": false, "alt_bass": false, "chord_type": 1, "alt_bass_pitch": 0, "number": 1, "chord_pitch": 0}, "model": "chordcharts.chord"}, {"pk": 1592, "fields": {"beats": 2, "measure": 891, "rest": false, "alt_bass": false, "chord_type": 10, "alt_bass_pitch": 0, "number": 2, "chord_pitch": 3}, "model": "chordcharts.chord"}, {"pk": 1695, "fields": {"beats": 2, "measure": 953, "rest": false, "alt_bass": false, "chord_type": 1, "alt_bass_pitch": 0, "number": 1, "chord_pitch": 0}, "model": "chordcharts.chord"}, {"pk": 1696, "fields": {"beats": 2, "measure": 953, "rest": false, "alt_bass": false, "chord_type": 3, "alt_bass_pitch": 0, "number": 2, "chord_pitch": 10}, "model": "chordcharts.chord"}, {"pk": 1697, "fields": {"beats": 2, "measure": 954, "rest": false, "alt_bass": false, "chord_type": 3, "alt_bass_pitch": 0, "number": 1, "chord_pitch": 8}, "model": "chordcharts.chord"}, {"pk": 1698, "fields": {"beats": 2, "measure": 954, "rest": false, "alt_bass": false, "chord_type": 3, "alt_bass_pitch": 0, "number": 2, "chord_pitch": 7}, "model": "chordcharts.chord"}, {"pk": 1699, "fields": {"beats": 2, "measure": 955, "rest": false, "alt_bass": false, "chord_type": 1, "alt_bass_pitch": 0, "number": 1, "chord_pitch": 0}, "model": "chordcharts.chord"}, {"pk": 1700, "fields": {"beats": 2, "measure": 955, "rest": false, "alt_bass": false, "chord_type": 3, "alt_bass_pitch": 0, "number": 2, "chord_pitch": 10}, "model": "chordcharts.chord"}, {"pk": 1701, "fields": {"beats": 2, "measure": 956, "rest": false, "alt_bass": false, "chord_type": 3, "alt_bass_pitch": 0, "number": 1, "chord_pitch": 8}, "model": "chordcharts.chord"}, {"pk": 1702, "fields": {"beats": 2, "measure": 956, "rest": false, "alt_bass": false, "chord_type": 3, "alt_bass_pitch": 0, "number": 2, "chord_pitch": 7}, "model": "chordcharts.chord"}, {"pk": 1703, "fields": {"beats": 4, "measure": 957, "rest": false, "alt_bass": false, "chord_type": 1, "alt_bass_pitch": 0, "number": 1, "chord_pitch": 0}, "model": "chordcharts.chord"}, {"pk": 1705, "fields": {"beats": 4, "measure": 958, "rest": false, "alt_bass": false, "chord_type": 1, "alt_bass_pitch": 0, "number": 1, "chord_pitch": 0}, "model": "chordcharts.chord"}, {"pk": 1707, "fields": {"beats": 2, "measure": 959, "rest": false, "alt_bass": false, "chord_type": 1, "alt_bass_pitch": 0, "number": 1, "chord_pitch": 0}, "model": "chordcharts.chord"}, {"pk": 1708, "fields": {"beats": 2, "measure": 959, "rest": false, "alt_bass": false, "chord_type": 1, "alt_bass_pitch": 0, "number": 2, "chord_pitch": 8}, "model": "chordcharts.chord"}, {"pk": 1709, "fields": {"beats": 4, "measure": 960, "rest": false, "alt_bass": false, "chord_type": 1, "alt_bass_pitch": 0, "number": 1, "chord_pitch": 8}, "model": "chordcharts.chord"}, {"pk": 1711, "fields": {"beats": 4, "measure": 961, "rest": false, "alt_bass": false, "chord_type": 1, "alt_bass_pitch": 0, "number": 1, "chord_pitch": 7}, "model": "chordcharts.chord"}, {"pk": 1713, "fields": {"beats": 4, "measure": 962, "rest": false, "alt_bass": false, "chord_type": 1, "alt_bass_pitch": 0, "number": 1, "chord_pitch": 7}, "model": "chordcharts.chord"}, {"pk": 1715, "fields": {"beats": 2, "measure": 963, "rest": false, "alt_bass": false, "chord_type": 1, "alt_bass_pitch": 0, "number": 1, "chord_pitch": 0}, "model": "chordcharts.chord"}, {"pk": 1716, "fields": {"beats": 2, "measure": 963, "rest": false, "alt_bass": false, "chord_type": 3, "alt_bass_pitch": 0, "number": 2, "chord_pitch": 10}, "model": "chordcharts.chord"}, {"pk": 1717, "fields": {"beats": 2, "measure": 964, "rest": false, "alt_bass": false, "chord_type": 3, "alt_bass_pitch": 0, "number": 1, "chord_pitch": 8}, "model": "chordcharts.chord"}, {"pk": 1718, "fields": {"beats": 2, "measure": 964, "rest": false, "alt_bass": false, "chord_type": 3, "alt_bass_pitch": 0, "number": 2, "chord_pitch": 7}, "model": "chordcharts.chord"}, {"pk": 1720, "fields": {"beats": 4, "measure": 965, "rest": false, "alt_bass": false, "chord_type": 1, "alt_bass_pitch": 0, "number": 1, "chord_pitch": 0}, "model": "chordcharts.chord"}, {"pk": 1721, "fields": {"beats": 4, "measure": 966, "rest": false, "alt_bass": false, "chord_type": 1, "alt_bass_pitch": 0, "number": 1, "chord_pitch": 0}, "model": "chordcharts.chord"}, {"pk": 1723, "fields": {"beats": 2, "measure": 967, "rest": false, "alt_bass": false, "chord_type": 1, "alt_bass_pitch": 0, "number": 1, "chord_pitch": 0}, "model": "chordcharts.chord"}, {"pk": 1724, "fields": {"beats": 2, "measure": 967, "rest": false, "alt_bass": false, "chord_type": 1, "alt_bass_pitch": 0, "number": 2, "chord_pitch": 8}, "model": "chordcharts.chord"}, {"pk": 1725, "fields": {"beats": 4, "measure": 968, "rest": false, "alt_bass": false, "chord_type": 1, "alt_bass_pitch": 0, "number": 1, "chord_pitch": 8}, "model": "chordcharts.chord"}, {"pk": 1727, "fields": {"beats": 4, "measure": 969, "rest": false, "alt_bass": false, "chord_type": 1, "alt_bass_pitch": 0, "number": 1, "chord_pitch": 7}, "model": "chordcharts.chord"}, {"pk": 1729, "fields": {"beats": 4, "measure": 970, "rest": false, "alt_bass": false, "chord_type": 1, "alt_bass_pitch": 0, "number": 1, "chord_pitch": 7}, "model": "chordcharts.chord"}, {"pk": 1731, "fields": {"beats": 2, "measure": 971, "rest": false, "alt_bass": false, "chord_type": 1, "alt_bass_pitch": 0, "number": 1, "chord_pitch": 0}, "model": "chordcharts.chord"}, {"pk": 1732, "fields": {"beats": 2, "measure": 971, "rest": false, "alt_bass": false, "chord_type": 3, "alt_bass_pitch": 0, "number": 2, "chord_pitch": 2}, "model": "chordcharts.chord"}, {"pk": 1733, "fields": {"beats": 2, "measure": 972, "rest": false, "alt_bass": false, "chord_type": 3, "alt_bass_pitch": 0, "number": 1, "chord_pitch": 3}, "model": "chordcharts.chord"}, {"pk": 1734, "fields": {"beats": 2, "measure": 972, "rest": false, "alt_bass": false, "chord_type": 3, "alt_bass_pitch": 0, "number": 2, "chord_pitch": 4}, "model": "chordcharts.chord"}, {"pk": 1737, "fields": {"beats": 4, "measure": 974, "rest": false, "alt_bass": false, "chord_type": 1, "alt_bass_pitch": 0, "number": 1, "chord_pitch": 4}, "model": "chordcharts.chord"}, {"pk": 1739, "fields": {"beats": 4, "measure": 975, "rest": false, "alt_bass": false, "chord_type": 1, "alt_bass_pitch": 0, "number": 1, "chord_pitch": 11}, "model": "chordcharts.chord"}, {"pk": 1741, "fields": {"beats": 4, "measure": 976, "rest": false, "alt_bass": false, "chord_type": 3, "alt_bass_pitch": 0, "number": 1, "chord_pitch": 2}, "model": "chordcharts.chord"}, {"pk": 1743, "fields": {"beats": 4, "measure": 977, "rest": false, "alt_bass": false, "chord_type": 3, "alt_bass_pitch": 0, "number": 1, "chord_pitch": 7}, "model": "chordcharts.chord"}, {"pk": 1745, "fields": {"beats": 4, "measure": 978, "rest": false, "alt_bass": false, "chord_type": 1, "alt_bass_pitch": 0, "number": 1, "chord_pitch": 4}, "model": "chordcharts.chord"}, {"pk": 1747, "fields": {"beats": 4, "measure": 979, "rest": false, "alt_bass": false, "chord_type": 1, "alt_bass_pitch": 0, "number": 1, "chord_pitch": 11}, "model": "chordcharts.chord"}, {"pk": 1749, "fields": {"beats": 2, "measure": 980, "rest": false, "alt_bass": false, "chord_type": 3, "alt_bass_pitch": 0, "number": 1, "chord_pitch": 9}, "model": "chordcharts.chord"}, {"pk": 1750, "fields": {"beats": 2, "measure": 980, "rest": false, "alt_bass": false, "chord_type": 3, "alt_bass_pitch": 0, "number": 2, "chord_pitch": 2}, "model": "chordcharts.chord"}, {"pk": 1751, "fields": {"beats": 4, "measure": 981, "rest": false, "alt_bass": false, "chord_type": 3, "alt_bass_pitch": 0, "number": 1, "chord_pitch": 7}, "model": "chordcharts.chord"}, {"pk": 1753, "fields": {"beats": 4, "measure": 982, "rest": false, "alt_bass": false, "chord_type": 1, "alt_bass_pitch": 0, "number": 1, "chord_pitch": 0}, "model": "chordcharts.chord"}, {"pk": 1755, "fields": {"beats": 4, "measure": 983, "rest": false, "alt_bass": false, "chord_type": 1, "alt_bass_pitch": 0, "number": 1, "chord_pitch": 0}, "model": "chordcharts.chord"}, {"pk": 1757, "fields": {"beats": 2, "measure": 984, "rest": false, "alt_bass": false, "chord_type": 1, "alt_bass_pitch": 0, "number": 1, "chord_pitch": 0}, "model": "chordcharts.chord"}, {"pk": 1758, "fields": {"beats": 2, "measure": 984, "rest": false, "alt_bass": false, "chord_type": 1, "alt_bass_pitch": 0, "number": 2, "chord_pitch": 8}, "model": "chordcharts.chord"}, {"pk": 1759, "fields": {"beats": 4, "measure": 985, "rest": false, "alt_bass": false, "chord_type": 1, "alt_bass_pitch": 0, "number": 1, "chord_pitch": 8}, "model": "chordcharts.chord"}, {"pk": 1761, "fields": {"beats": 4, "measure": 986, "rest": false, "alt_bass": false, "chord_type": 1, "alt_bass_pitch": 0, "number": 1, "chord_pitch": 7}, "model": "chordcharts.chord"}, {"pk": 1763, "fields": {"beats": 4, "measure": 987, "rest": false, "alt_bass": false, "chord_type": 1, "alt_bass_pitch": 0, "number": 1, "chord_pitch": 7}, "model": "chordcharts.chord"}, {"pk": 1765, "fields": {"beats": 2, "measure": 988, "rest": false, "alt_bass": false, "chord_type": 1, "alt_bass_pitch": 0, "number": 1, "chord_pitch": 0}, "model": "chordcharts.chord"}, {"pk": 1766, "fields": {"beats": 2, "measure": 988, "rest": false, "alt_bass": false, "chord_type": 1, "alt_bass_pitch": 0, "number": 2, "chord_pitch": 10}, "model": "chordcharts.chord"}, {"pk": 1767, "fields": {"beats": 2, "measure": 989, "rest": false, "alt_bass": false, "chord_type": 3, "alt_bass_pitch": 0, "number": 1, "chord_pitch": 8}, "model": "chordcharts.chord"}, {"pk": 1768, "fields": {"beats": 2, "measure": 989, "rest": false, "alt_bass": false, "chord_type": 3, "alt_bass_pitch": 0, "number": 2, "chord_pitch": 7}, "model": "chordcharts.chord"}, {"pk": 1769, "fields": {"beats": 4, "measure": 990, "rest": false, "alt_bass": false, "chord_type": 1, "alt_bass_pitch": 0, "number": 1, "chord_pitch": 0}, "model": "chordcharts.chord"}, {"pk": 1771, "fields": {"beats": 4, "measure": 991, "rest": false, "alt_bass": false, "chord_type": 1, "alt_bass_pitch": 0, "number": 1, "chord_pitch": 0}, "model": "chordcharts.chord"}, {"pk": 1773, "fields": {"beats": 4, "measure": 992, "rest": false, "alt_bass": false, "chord_type": 1, "alt_bass_pitch": 0, "number": 1, "chord_pitch": 3}, "model": "chordcharts.chord"}, {"pk": 1775, "fields": {"beats": 4, "measure": 993, "rest": false, "alt_bass": false, "chord_type": 1, "alt_bass_pitch": 0, "number": 1, "chord_pitch": 3}, "model": "chordcharts.chord"}, {"pk": 1777, "fields": {"beats": 4, "measure": 994, "rest": false, "alt_bass": false, "chord_type": 1, "alt_bass_pitch": 0, "number": 1, "chord_pitch": 8}, "model": "chordcharts.chord"}, {"pk": 1779, "fields": {"beats": 4, "measure": 995, "rest": false, "alt_bass": false, "chord_type": 1, "alt_bass_pitch": 0, "number": 1, "chord_pitch": 8}, "model": "chordcharts.chord"}, {"pk": 1781, "fields": {"beats": 2, "measure": 996, "rest": false, "alt_bass": false, "chord_type": 1, "alt_bass_pitch": 0, "number": 1, "chord_pitch": 2}, "model": "chordcharts.chord"}, {"pk": 1782, "fields": {"beats": 2, "measure": 996, "rest": false, "alt_bass": false, "chord_type": 3, "alt_bass_pitch": 0, "number": 2, "chord_pitch": 7}, "model": "chordcharts.chord"}, {"pk": 1783, "fields": {"beats": 2, "measure": 997, "rest": false, "alt_bass": false, "chord_type": 1, "alt_bass_pitch": 0, "number": 1, "chord_pitch": 0}, "model": "chordcharts.chord"}, {"pk": 1784, "fields": {"beats": 2, "measure": 997, "rest": false, "alt_bass": false, "chord_type": 3, "alt_bass_pitch": 0, "number": 2, "chord_pitch": 7}, "model": "chordcharts.chord"}, {"pk": 1785, "fields": {"beats": 4, "measure": 998, "rest": false, "alt_bass": false, "chord_type": 1, "alt_bass_pitch": 0, "number": 1, "chord_pitch": 0}, "model": "chordcharts.chord"}, {"pk": 1787, "fields": {"beats": 2, "measure": 999, "rest": false, "alt_bass": false, "chord_type": 1, "alt_bass_pitch": 0, "number": 1, "chord_pitch": 5}, "model": "chordcharts.chord"}, {"pk": 1788, "fields": {"beats": 2, "measure": 999, "rest": false, "alt_bass": false, "chord_type": 3, "alt_bass_pitch": 0, "number": 2, "chord_pitch": 7}, "model": "chordcharts.chord"}, {"pk": 1789, "fields": {"beats": 2, "measure": 1000, "rest": false, "alt_bass": false, "chord_type": 1, "alt_bass_pitch": 0, "number": 1, "chord_pitch": 0}, "model": "chordcharts.chord"}, {"pk": 1790, "fields": {"beats": 2, "measure": 1000, "rest": false, "alt_bass": false, "chord_type": 10, "alt_bass_pitch": 0, "number": 2, "chord_pitch": 1}, "model": "chordcharts.chord"}, {"pk": 1791, "fields": {"beats": 4, "measure": 1001, "rest": false, "alt_bass": false, "chord_type": 3, "alt_bass_pitch": 0, "number": 1, "chord_pitch": 9}, "model": "chordcharts.chord"}, {"pk": 1793, "fields": {"beats": 4, "measure": 1002, "rest": false, "alt_bass": false, "chord_type": 3, "alt_bass_pitch": 0, "number": 1, "chord_pitch": 2}, "model": "chordcharts.chord"}, {"pk": 1795, "fields": {"beats": 4, "measure": 1003, "rest": false, "alt_bass": false, "chord_type": 3, "alt_bass_pitch": 0, "number": 1, "chord_pitch": 7}, "model": "chordcharts.chord"}, {"pk": 1797, "fields": {"beats": 2, "measure": 1004, "rest": false, "alt_bass": false, "chord_type": 1, "alt_bass_pitch": 0, "number": 1, "chord_pitch": 0}, "model": "chordcharts.chord"}, {"pk": 1798, "fields": {"beats": 2, "measure": 1004, "rest": false, "alt_bass": false, "chord_type": 3, "alt_bass_pitch": 0, "number": 2, "chord_pitch": 9}, "model": "chordcharts.chord"}, {"pk": 1799, "fields": {"beats": 4, "measure": 1005, "rest": false, "alt_bass": false, "chord_type": 1, "alt_bass_pitch": 0, "number": 1, "chord_pitch": 7}, "model": "chordcharts.chord"}, {"pk": 1801, "fields": {"beats": 4, "measure": 1006, "rest": false, "alt_bass": false, "chord_type": 1, "alt_bass_pitch": 0, "number": 1, "chord_pitch": 0}, "model": "chordcharts.chord"}, {"pk": 1803, "fields": {"beats": 4, "measure": 1007, "rest": false, "alt_bass": false, "chord_type": 1, "alt_bass_pitch": 0, "number": 1, "chord_pitch": 0}, "model": "chordcharts.chord"}, {"pk": 1805, "fields": {"beats": 4, "measure": 1008, "rest": false, "alt_bass": false, "chord_type": 1, "alt_bass_pitch": 0, "number": 1, "chord_pitch": 3}, "model": "chordcharts.chord"}, {"pk": 1807, "fields": {"beats": 4, "measure": 1009, "rest": false, "alt_bass": false, "chord_type": 1, "alt_bass_pitch": 0, "number": 1, "chord_pitch": 3}, "model": "chordcharts.chord"}, {"pk": 1809, "fields": {"beats": 4, "measure": 1010, "rest": false, "alt_bass": false, "chord_type": 1, "alt_bass_pitch": 0, "number": 1, "chord_pitch": 8}, "model": "chordcharts.chord"}, {"pk": 1811, "fields": {"beats": 4, "measure": 1011, "rest": false, "alt_bass": false, "chord_type": 1, "alt_bass_pitch": 0, "number": 1, "chord_pitch": 8}, "model": "chordcharts.chord"}, {"pk": 1813, "fields": {"beats": 2, "measure": 1012, "rest": false, "alt_bass": false, "chord_type": 1, "alt_bass_pitch": 0, "number": 1, "chord_pitch": 2}, "model": "chordcharts.chord"}, {"pk": 1814, "fields": {"beats": 2, "measure": 1012, "rest": false, "alt_bass": false, "chord_type": 3, "alt_bass_pitch": 0, "number": 2, "chord_pitch": 7}, "model": "chordcharts.chord"}, {"pk": 1815, "fields": {"beats": 2, "measure": 1013, "rest": false, "alt_bass": false, "chord_type": 1, "alt_bass_pitch": 0, "number": 1, "chord_pitch": 0}, "model": "chordcharts.chord"}, {"pk": 1816, "fields": {"beats": 2, "measure": 1013, "rest": false, "alt_bass": false, "chord_type": 3, "alt_bass_pitch": 0, "number": 2, "chord_pitch": 7}, "model": "chordcharts.chord"}, {"pk": 1882, "fields": {"beats": 2, "measure": 1067, "rest": false, "alt_bass": false, "chord_type": 2, "alt_bass_pitch": 0, "number": 1, "chord_pitch": 0}, "model": "chordcharts.chord"}, {"pk": 1883, "fields": {"beats": 2, "measure": 1067, "rest": false, "alt_bass": false, "chord_type": 1, "alt_bass_pitch": 0, "number": 2, "chord_pitch": 10}, "model": "chordcharts.chord"}, {"pk": 1886, "fields": {"beats": 2, "measure": 1068, "rest": false, "alt_bass": false, "chord_type": 3, "alt_bass_pitch": 0, "number": 2, "chord_pitch": 7}, "model": "chordcharts.chord"}, {"pk": 1887, "fields": {"beats": 2, "measure": 1068, "rest": false, "alt_bass": false, "chord_type": 3, "alt_bass_pitch": 0, "number": 1, "chord_pitch": 8}, "model": "chordcharts.chord"}, {"pk": 1890, "fields": {"beats": 2, "measure": 1069, "rest": false, "alt_bass": false, "chord_type": 2, "alt_bass_pitch": 0, "number": 1, "chord_pitch": 0}, "model": "chordcharts.chord"}, {"pk": 1891, "fields": {"beats": 2, "measure": 1069, "rest": false, "alt_bass": false, "chord_type": 1, "alt_bass_pitch": 0, "number": 2, "chord_pitch": 10}, "model": "chordcharts.chord"}, {"pk": 1894, "fields": {"beats": 2, "measure": 1070, "rest": false, "alt_bass": false, "chord_type": 3, "alt_bass_pitch": 0, "number": 1, "chord_pitch": 8}, "model": "chordcharts.chord"}, {"pk": 1895, "fields": {"beats": 2, "measure": 1070, "rest": false, "alt_bass": false, "chord_type": 3, "alt_bass_pitch": 0, "number": 2, "chord_pitch": 7}, "model": "chordcharts.chord"}, {"pk": 1898, "fields": {"beats": 2, "measure": 1071, "rest": false, "alt_bass": false, "chord_type": 2, "alt_bass_pitch": 0, "number": 1, "chord_pitch": 0}, "model": "chordcharts.chord"}, {"pk": 1900, "fields": {"beats": 2, "measure": 1071, "rest": false, "alt_bass": false, "chord_type": 12, "alt_bass_pitch": 0, "number": 2, "chord_pitch": 0}, "model": "chordcharts.chord"}, {"pk": 1902, "fields": {"beats": 2, "measure": 1072, "rest": false, "alt_bass": false, "chord_type": 5, "alt_bass_pitch": 0, "number": 1, "chord_pitch": 0}, "model": "chordcharts.chord"}, {"pk": 1904, "fields": {"beats": 2, "measure": 1072, "rest": false, "alt_bass": false, "chord_type": 7, "alt_bass_pitch": 0, "number": 2, "chord_pitch": 7}, "model": "chordcharts.chord"}, {"pk": 1906, "fields": {"beats": 2, "measure": 1073, "rest": false, "alt_bass": false, "chord_type": 3, "alt_bass_pitch": 0, "number": 1, "chord_pitch": 8}, "model": "chordcharts.chord"}, {"pk": 1907, "fields": {"beats": 2, "measure": 1073, "rest": false, "alt_bass": false, "chord_type": 3, "alt_bass_pitch": 0, "number": 2, "chord_pitch": 7}, "model": "chordcharts.chord"}, {"pk": 1910, "fields": {"beats": 2, "measure": 1074, "rest": false, "alt_bass": false, "chord_type": 2, "alt_bass_pitch": 0, "number": 1, "chord_pitch": 0}, "model": "chordcharts.chord"}, {"pk": 1913, "fields": {"beats": 2, "measure": 1074, "rest": false, "alt_bass": false, "chord_type": 3, "alt_bass_pitch": 0, "number": 2, "chord_pitch": 7}, "model": "chordcharts.chord"}, {"pk": 1917, "fields": {"beats": 4, "measure": 1075, "rest": false, "alt_bass": false, "chord_type": 3, "alt_bass_pitch": 0, "number": 1, "chord_pitch": 5}, "model": "chordcharts.chord"}, {"pk": 1918, "fields": {"beats": 4, "measure": 1076, "rest": false, "alt_bass": false, "chord_type": 3, "alt_bass_pitch": 0, "number": 1, "chord_pitch": 10}, "model": "chordcharts.chord"}, {"pk": 1924, "fields": {"beats": 4, "measure": 1077, "rest": false, "alt_bass": false, "chord_type": 8, "alt_bass_pitch": 0, "number": 1, "chord_pitch": 3}, "model": "chordcharts.chord"}, {"pk": 1926, "fields": {"beats": 2, "measure": 1078, "rest": false, "alt_bass": false, "chord_type": 3, "alt_bass_pitch": 0, "number": 2, "chord_pitch": 7}, "model": "chordcharts.chord"}, {"pk": 1927, "fields": {"beats": 2, "measure": 1078, "rest": false, "alt_bass": false, "chord_type": 3, "alt_bass_pitch": 0, "number": 1, "chord_pitch": 8}, "model": "chordcharts.chord"}, {"pk": 1935, "fields": {"beats": 4, "measure": 1083, "rest": false, "alt_bass": false, "chord_type": 1, "alt_bass_pitch": 0, "number": 1, "chord_pitch": 0}, "model": "chordcharts.chord"}, {"pk": 1936, "fields": {"beats": 4, "measure": 1084, "rest": false, "alt_bass": false, "chord_type": 23, "alt_bass_pitch": 0, "number": 1, "chord_pitch": 5}, "model": "chordcharts.chord"}, {"pk": 1937, "fields": {"beats": 4, "measure": 1085, "rest": false, "alt_bass": false, "chord_type": 1, "alt_bass_pitch": 0, "number": 1, "chord_pitch": 0}, "model": "chordcharts.chord"}, {"pk": 1938, "fields": {"beats": 4, "measure": 1086, "rest": false, "alt_bass": false, "chord_type": 1, "alt_bass_pitch": 0, "number": 1, "chord_pitch": 9}, "model": "chordcharts.chord"}, {"pk": 1939, "fields": {"beats": 4, "measure": 1087, "rest": false, "alt_bass": false, "chord_type": 3, "alt_bass_pitch": 0, "number": 1, "chord_pitch": 2}, "model": "chordcharts.chord"}, {"pk": 1940, "fields": {"beats": 4, "measure": 1088, "rest": false, "alt_bass": false, "chord_type": 3, "alt_bass_pitch": 0, "number": 1, "chord_pitch": 2}, "model": "chordcharts.chord"}, {"pk": 1941, "fields": {"beats": 4, "measure": 1089, "rest": false, "alt_bass": false, "chord_type": 3, "alt_bass_pitch": 0, "number": 1, "chord_pitch": 2}, "model": "chordcharts.chord"}, {"pk": 1942, "fields": {"beats": 4, "measure": 1090, "rest": false, "alt_bass": false, "chord_type": 3, "alt_bass_pitch": 0, "number": 1, "chord_pitch": 2}, "model": "chordcharts.chord"}, {"pk": 1943, "fields": {"beats": 4, "measure": 1091, "rest": false, "alt_bass": false, "chord_type": 1, "alt_bass_pitch": 0, "number": 1, "chord_pitch": 7}, "model": "chordcharts.chord"}, {"pk": 1944, "fields": {"beats": 4, "measure": 1092, "rest": false, "alt_bass": false, "chord_type": 1, "alt_bass_pitch": 0, "number": 1, "chord_pitch": 7}, "model": "chordcharts.chord"}, {"pk": 1945, "fields": {"beats": 4, "measure": 1093, "rest": false, "alt_bass": false, "chord_type": 1, "alt_bass_pitch": 0, "number": 1, "chord_pitch": 7}, "model": "chordcharts.chord"}, {"pk": 1946, "fields": {"beats": 4, "measure": 1094, "rest": false, "alt_bass": false, "chord_type": 1, "alt_bass_pitch": 0, "number": 1, "chord_pitch": 7}, "model": "chordcharts.chord"}, {"pk": 1947, "fields": {"beats": 4, "measure": 1095, "rest": false, "alt_bass": false, "chord_type": 1, "alt_bass_pitch": 0, "number": 1, "chord_pitch": 0}, "model": "chordcharts.chord"}, {"pk": 1948, "fields": {"beats": 4, "measure": 1096, "rest": false, "alt_bass": false, "chord_type": 23, "alt_bass_pitch": 0, "number": 1, "chord_pitch": 5}, "model": "chordcharts.chord"}, {"pk": 1949, "fields": {"beats": 4, "measure": 1097, "rest": false, "alt_bass": false, "chord_type": 1, "alt_bass_pitch": 0, "number": 1, "chord_pitch": 0}, "model": "chordcharts.chord"}, {"pk": 1950, "fields": {"beats": 4, "measure": 1098, "rest": false, "alt_bass": false, "chord_type": 1, "alt_bass_pitch": 0, "number": 1, "chord_pitch": 0}, "model": "chordcharts.chord"}, {"pk": 1951, "fields": {"beats": 2, "measure": 1099, "rest": false, "alt_bass": false, "chord_type": 1, "alt_bass_pitch": 0, "number": 1, "chord_pitch": 0}, "model": "chordcharts.chord"}, {"pk": 1952, "fields": {"beats": 2, "measure": 1099, "rest": false, "alt_bass": false, "chord_type": 23, "alt_bass_pitch": 0, "number": 2, "chord_pitch": 5}, "model": "chordcharts.chord"}, {"pk": 1953, "fields": {"beats": 4, "measure": 1100, "rest": false, "alt_bass": false, "chord_type": 1, "alt_bass_pitch": 0, "number": 1, "chord_pitch": 0}, "model": "chordcharts.chord"}, {"pk": 1955, "fields": {"beats": 2, "measure": 1101, "rest": false, "alt_bass": false, "chord_type": 1, "alt_bass_pitch": 0, "number": 1, "chord_pitch": 0}, "model": "chordcharts.chord"}, {"pk": 1956, "fields": {"beats": 2, "measure": 1101, "rest": false, "alt_bass": false, "chord_type": 23, "alt_bass_pitch": 0, "number": 2, "chord_pitch": 5}, "model": "chordcharts.chord"}, {"pk": 1957, "fields": {"beats": 4, "measure": 1102, "rest": false, "alt_bass": false, "chord_type": 1, "alt_bass_pitch": 0, "number": 1, "chord_pitch": 0}, "model": "chordcharts.chord"}, {"pk": 1959, "fields": {"beats": 4, "measure": 1103, "rest": false, "alt_bass": false, "chord_type": 1, "alt_bass_pitch": 0, "number": 1, "chord_pitch": 0}, "model": "chordcharts.chord"}, {"pk": 1961, "fields": {"beats": 2, "measure": 1104, "rest": false, "alt_bass": false, "chord_type": 3, "alt_bass_pitch": 0, "number": 1, "chord_pitch": 2}, "model": "chordcharts.chord"}, {"pk": 1962, "fields": {"beats": 2, "measure": 1104, "rest": false, "alt_bass": false, "chord_type": 3, "alt_bass_pitch": 0, "number": 2, "chord_pitch": 7}, "model": "chordcharts.chord"}, {"pk": 1963, "fields": {"beats": 4, "measure": 1105, "rest": false, "alt_bass": false, "chord_type": 1, "alt_bass_pitch": 0, "number": 1, "chord_pitch": 0}, "model": "chordcharts.chord"}, {"pk": 1965, "fields": {"beats": 4, "measure": 1106, "rest": false, "alt_bass": false, "chord_type": 1, "alt_bass_pitch": 0, "number": 1, "chord_pitch": 0}, "model": "chordcharts.chord"}, {"pk": 1967, "fields": {"beats": 2, "measure": 1107, "rest": false, "alt_bass": false, "chord_type": 1, "alt_bass_pitch": 0, "number": 1, "chord_pitch": 0}, "model": "chordcharts.chord"}, {"pk": 1968, "fields": {"beats": 2, "measure": 1107, "rest": false, "alt_bass": false, "chord_type": 23, "alt_bass_pitch": 0, "number": 2, "chord_pitch": 5}, "model": "chordcharts.chord"}, {"pk": 1969, "fields": {"beats": 4, "measure": 1108, "rest": false, "alt_bass": false, "chord_type": 1, "alt_bass_pitch": 0, "number": 1, "chord_pitch": 0}, "model": "chordcharts.chord"}, {"pk": 1971, "fields": {"beats": 2, "measure": 1109, "rest": false, "alt_bass": false, "chord_type": 1, "alt_bass_pitch": 0, "number": 1, "chord_pitch": 0}, "model": "chordcharts.chord"}, {"pk": 1972, "fields": {"beats": 2, "measure": 1109, "rest": false, "alt_bass": false, "chord_type": 23, "alt_bass_pitch": 0, "number": 2, "chord_pitch": 5}, "model": "chordcharts.chord"}, {"pk": 1973, "fields": {"beats": 4, "measure": 1110, "rest": false, "alt_bass": false, "chord_type": 1, "alt_bass_pitch": 0, "number": 1, "chord_pitch": 0}, "model": "chordcharts.chord"}, {"pk": 1975, "fields": {"beats": 4, "measure": 1111, "rest": false, "alt_bass": false, "chord_type": 1, "alt_bass_pitch": 0, "number": 1, "chord_pitch": 0}, "model": "chordcharts.chord"}, {"pk": 1977, "fields": {"beats": 2, "measure": 1112, "rest": false, "alt_bass": false, "chord_type": 3, "alt_bass_pitch": 0, "number": 1, "chord_pitch": 2}, "model": "chordcharts.chord"}, {"pk": 1978, "fields": {"beats": 2, "measure": 1112, "rest": false, "alt_bass": false, "chord_type": 3, "alt_bass_pitch": 0, "number": 2, "chord_pitch": 7}, "model": "chordcharts.chord"}, {"pk": 1979, "fields": {"beats": 4, "measure": 1113, "rest": false, "alt_bass": false, "chord_type": 1, "alt_bass_pitch": 0, "number": 1, "chord_pitch": 0}, "model": "chordcharts.chord"}, {"pk": 1981, "fields": {"beats": 4, "measure": 1114, "rest": false, "alt_bass": false, "chord_type": 1, "alt_bass_pitch": 0, "number": 1, "chord_pitch": 0}, "model": "chordcharts.chord"}, {"pk": 1983, "fields": {"beats": 4, "measure": 1115, "rest": false, "alt_bass": false, "chord_type": 1, "alt_bass_pitch": 0, "number": 1, "chord_pitch": 5}, "model": "chordcharts.chord"}, {"pk": 1985, "fields": {"beats": 4, "measure": 1116, "rest": false, "alt_bass": false, "chord_type": 1, "alt_bass_pitch": 0, "number": 1, "chord_pitch": 5}, "model": "chordcharts.chord"}, {"pk": 1987, "fields": {"beats": 4, "measure": 1117, "rest": false, "alt_bass": false, "chord_type": 1, "alt_bass_pitch": 0, "number": 1, "chord_pitch": 0}, "model": "chordcharts.chord"}, {"pk": 1989, "fields": {"beats": 4, "measure": 1118, "rest": false, "alt_bass": false, "chord_type": 1, "alt_bass_pitch": 0, "number": 1, "chord_pitch": 0}, "model": "chordcharts.chord"}, {"pk": 1991, "fields": {"beats": 4, "measure": 1119, "rest": false, "alt_bass": false, "chord_type": 1, "alt_bass_pitch": 0, "number": 1, "chord_pitch": 0}, "model": "chordcharts.chord"}, {"pk": 1993, "fields": {"beats": 2, "measure": 1120, "rest": false, "alt_bass": false, "chord_type": 3, "alt_bass_pitch": 0, "number": 1, "chord_pitch": 2}, "model": "chordcharts.chord"}, {"pk": 1994, "fields": {"beats": 2, "measure": 1120, "rest": false, "alt_bass": false, "chord_type": 3, "alt_bass_pitch": 0, "number": 2, "chord_pitch": 7}, "model": "chordcharts.chord"}, {"pk": 1995, "fields": {"beats": 4, "measure": 1121, "rest": false, "alt_bass": false, "chord_type": 1, "alt_bass_pitch": 0, "number": 1, "chord_pitch": 0}, "model": "chordcharts.chord"}, {"pk": 1997, "fields": {"beats": 2, "measure": 1122, "rest": false, "alt_bass": false, "chord_type": 1, "alt_bass_pitch": 0, "number": 1, "chord_pitch": 0}, "model": "chordcharts.chord"}, {"pk": 1998, "fields": {"beats": 2, "measure": 1122, "rest": false, "alt_bass": false, "chord_type": 23, "alt_bass_pitch": 0, "number": 2, "chord_pitch": 5}, "model": "chordcharts.chord"}, {"pk": 1999, "fields": {"beats": 4, "measure": 1123, "rest": false, "alt_bass": false, "chord_type": 1, "alt_bass_pitch": 0, "number": 1, "chord_pitch": 0}, "model": "chordcharts.chord"}, {"pk": 2001, "fields": {"beats": 2, "measure": 1124, "rest": false, "alt_bass": false, "chord_type": 1, "alt_bass_pitch": 0, "number": 1, "chord_pitch": 0}, "model": "chordcharts.chord"}, {"pk": 2002, "fields": {"beats": 2, "measure": 1124, "rest": false, "alt_bass": false, "chord_type": 23, "alt_bass_pitch": 0, "number": 2, "chord_pitch": 5}, "model": "chordcharts.chord"}, {"pk": 2003, "fields": {"beats": 4, "measure": 1125, "rest": false, "alt_bass": false, "chord_type": 1, "alt_bass_pitch": 0, "number": 1, "chord_pitch": 0}, "model": "chordcharts.chord"}, {"pk": 2005, "fields": {"beats": 4, "measure": 1126, "rest": false, "alt_bass": false, "chord_type": 1, "alt_bass_pitch": 0, "number": 1, "chord_pitch": 0}, "model": "chordcharts.chord"}, {"pk": 2039, "fields": {"beats": 4, "measure": 1143, "rest": false, "alt_bass": false, "chord_type": 1, "alt_bass_pitch": 0, "number": 1, "chord_pitch": 5}, "model": "chordcharts.chord"}, {"pk": 2041, "fields": {"beats": 4, "measure": 1144, "rest": false, "alt_bass": false, "chord_type": 1, "alt_bass_pitch": 0, "number": 1, "chord_pitch": 5}, "model": "chordcharts.chord"}, {"pk": 2043, "fields": {"beats": 4, "measure": 1145, "rest": false, "alt_bass": false, "chord_type": 1, "alt_bass_pitch": 0, "number": 1, "chord_pitch": 0}, "model": "chordcharts.chord"}, {"pk": 2045, "fields": {"beats": 4, "measure": 1146, "rest": false, "alt_bass": false, "chord_type": 1, "alt_bass_pitch": 0, "number": 1, "chord_pitch": 0}, "model": "chordcharts.chord"}, {"pk": 2047, "fields": {"beats": 2, "measure": 1147, "rest": false, "alt_bass": false, "chord_type": 3, "alt_bass_pitch": 0, "number": 1, "chord_pitch": 2}, "model": "chordcharts.chord"}, {"pk": 2048, "fields": {"beats": 2, "measure": 1147, "rest": false, "alt_bass": false, "chord_type": 3, "alt_bass_pitch": 0, "number": 2, "chord_pitch": 7}, "model": "chordcharts.chord"}, {"pk": 2049, "fields": {"beats": 2, "measure": 1148, "rest": false, "alt_bass": false, "chord_type": 3, "alt_bass_pitch": 0, "number": 1, "chord_pitch": 2}, "model": "chordcharts.chord"}, {"pk": 2050, "fields": {"beats": 2, "measure": 1148, "rest": false, "alt_bass": false, "chord_type": 3, "alt_bass_pitch": 0, "number": 2, "chord_pitch": 7}, "model": "chordcharts.chord"}, {"pk": 2051, "fields": {"beats": 4, "measure": 1149, "rest": false, "alt_bass": false, "chord_type": 1, "alt_bass_pitch": 0, "number": 1, "chord_pitch": 0}, "model": "chordcharts.chord"}, {"pk": 2053, "fields": {"beats": 4, "measure": 1150, "rest": false, "alt_bass": false, "chord_type": 1, "alt_bass_pitch": 0, "number": 1, "chord_pitch": 0}, "model": "chordcharts.chord"}, {"pk": 2055, "fields": {"beats": 4, "measure": 1151, "rest": false, "alt_bass": false, "chord_type": 1, "alt_bass_pitch": 0, "number": 1, "chord_pitch": 5}, "model": "chordcharts.chord"}, {"pk": 2057, "fields": {"beats": 4, "measure": 1152, "rest": false, "alt_bass": false, "chord_type": 1, "alt_bass_pitch": 0, "number": 1, "chord_pitch": 5}, "model": "chordcharts.chord"}, {"pk": 2059, "fields": {"beats": 4, "measure": 1153, "rest": false, "alt_bass": false, "chord_type": 1, "alt_bass_pitch": 0, "number": 1, "chord_pitch": 0}, "model": "chordcharts.chord"}, {"pk": 2061, "fields": {"beats": 4, "measure": 1154, "rest": false, "alt_bass": false, "chord_type": 1, "alt_bass_pitch": 0, "number": 1, "chord_pitch": 0}, "model": "chordcharts.chord"}, {"pk": 2063, "fields": {"beats": 2, "measure": 1155, "rest": false, "alt_bass": false, "chord_type": 3, "alt_bass_pitch": 0, "number": 1, "chord_pitch": 2}, "model": "chordcharts.chord"}, {"pk": 2064, "fields": {"beats": 2, "measure": 1155, "rest": false, "alt_bass": false, "chord_type": 3, "alt_bass_pitch": 0, "number": 2, "chord_pitch": 7}, "model": "chordcharts.chord"}, {"pk": 2065, "fields": {"beats": 2, "measure": 1156, "rest": false, "alt_bass": false, "chord_type": 3, "alt_bass_pitch": 0, "number": 1, "chord_pitch": 2}, "model": "chordcharts.chord"}, {"pk": 2066, "fields": {"beats": 2, "measure": 1156, "rest": false, "alt_bass": false, "chord_type": 3, "alt_bass_pitch": 0, "number": 2, "chord_pitch": 7}, "model": "chordcharts.chord"}, {"pk": 2067, "fields": {"beats": 4, "measure": 1157, "rest": false, "alt_bass": false, "chord_type": 1, "alt_bass_pitch": 0, "number": 1, "chord_pitch": 0}, "model": "chordcharts.chord"}, {"pk": 2069, "fields": {"beats": 4, "measure": 1158, "rest": false, "alt_bass": false, "chord_type": 1, "alt_bass_pitch": 0, "number": 1, "chord_pitch": 0}, "model": "chordcharts.chord"}, {"pk": 2072, "fields": {"beats": 2, "measure": 1160, "rest": false, "alt_bass": false, "chord_type": 3, "alt_bass_pitch": 0, "number": 1, "chord_pitch": 3}, "model": "chordcharts.chord"}, {"pk": 2073, "fields": {"beats": 2, "measure": 1160, "rest": false, "alt_bass": false, "chord_type": 3, "alt_bass_pitch": 0, "number": 2, "chord_pitch": 2}, "model": "chordcharts.chord"}, {"pk": 2074, "fields": {"beats": 2, "measure": 1161, "rest": false, "alt_bass": false, "chord_type": 3, "alt_bass_pitch": 0, "number": 1, "chord_pitch": 3}, "model": "chordcharts.chord"}, {"pk": 2075, "fields": {"beats": 2, "measure": 1161, "rest": false, "alt_bass": false, "chord_type": 3, "alt_bass_pitch": 0, "number": 2, "chord_pitch": 2}, "model": "chordcharts.chord"}, {"pk": 2076, "fields": {"beats": 2, "measure": 1162, "rest": false, "alt_bass": false, "chord_type": 8, "alt_bass_pitch": 0, "number": 1, "chord_pitch": 7}, "model": "chordcharts.chord"}, {"pk": 2077, "fields": {"beats": 2, "measure": 1162, "rest": false, "alt_bass": false, "chord_type": 3, "alt_bass_pitch": 0, "number": 2, "chord_pitch": 2}, "model": "chordcharts.chord"}, {"pk": 2078, "fields": {"beats": 4, "measure": 1163, "rest": false, "alt_bass": false, "chord_type": 8, "alt_bass_pitch": 0, "number": 1, "chord_pitch": 7}, "model": "chordcharts.chord"}, {"pk": 2080, "fields": {"beats": 2, "measure": 1164, "rest": false, "alt_bass": false, "chord_type": 3, "alt_bass_pitch": 0, "number": 1, "chord_pitch": 3}, "model": "chordcharts.chord"}, {"pk": 2081, "fields": {"beats": 2, "measure": 1164, "rest": false, "alt_bass": false, "chord_type": 3, "alt_bass_pitch": 0, "number": 2, "chord_pitch": 2}, "model": "chordcharts.chord"}, {"pk": 2082, "fields": {"beats": 2, "measure": 1165, "rest": false, "alt_bass": false, "chord_type": 3, "alt_bass_pitch": 0, "number": 1, "chord_pitch": 3}, "model": "chordcharts.chord"}, {"pk": 2083, "fields": {"beats": 2, "measure": 1165, "rest": false, "alt_bass": false, "chord_type": 3, "alt_bass_pitch": 0, "number": 2, "chord_pitch": 2}, "model": "chordcharts.chord"}, {"pk": 2085, "fields": {"beats": 2, "measure": 1166, "rest": false, "alt_bass": false, "chord_type": 8, "alt_bass_pitch": 0, "number": 1, "chord_pitch": 7}, "model": "chordcharts.chord"}, {"pk": 2086, "fields": {"beats": 1, "measure": 1166, "rest": false, "alt_bass": false, "chord_type": 10, "alt_bass_pitch": 0, "number": 3, "chord_pitch": 10}, "model": "chordcharts.chord"}, {"pk": 2087, "fields": {"beats": 1, "measure": 1166, "rest": false, "alt_bass": false, "chord_type": 7, "alt_bass_pitch": 0, "number": 2, "chord_pitch": 9}, "model": "chordcharts.chord"}, {"pk": 2088, "fields": {"beats": 1, "measure": 1167, "rest": false, "alt_bass": false, "chord_type": 3, "alt_bass_pitch": 0, "number": 3, "chord_pitch": 2}, "model": "chordcharts.chord"}, {"pk": 2089, "fields": {"beats": 1, "measure": 1167, "rest": false, "alt_bass": true, "chord_type": 1, "alt_bass_pitch": 11, "number": 1, "chord_pitch": 7}, "model": "chordcharts.chord"}, {"pk": 2090, "fields": {"beats": 1, "measure": 1167, "rest": false, "alt_bass": false, "chord_type": 10, "alt_bass_pitch": 0, "number": 2, "chord_pitch": 10}, "model": "chordcharts.chord"}, {"pk": 2091, "fields": {"beats": 2, "measure": 1168, "rest": false, "alt_bass": false, "chord_type": 5, "alt_bass_pitch": 0, "number": 1, "chord_pitch": 2}, "model": "chordcharts.chord"}, {"pk": 2092, "fields": {"beats": 2, "measure": 1168, "rest": false, "alt_bass": false, "chord_type": 3, "alt_bass_pitch": 0, "number": 2, "chord_pitch": 7}, "model": "chordcharts.chord"}, {"pk": 2093, "fields": {"beats": 2, "measure": 1169, "rest": false, "alt_bass": false, "chord_type": 5, "alt_bass_pitch": 0, "number": 1, "chord_pitch": 2}, "model": "chordcharts.chord"}, {"pk": 2094, "fields": {"beats": 1, "measure": 1169, "rest": false, "alt_bass": false, "chord_type": 3, "alt_bass_pitch": 0, "number": 2, "chord_pitch": 7}, "model": "chordcharts.chord"}, {"pk": 2095, "fields": {"beats": 1, "measure": 1167, "rest": false, "alt_bass": false, "chord_type": 8, "alt_bass_pitch": 0, "number": 4, "chord_pitch": 7}, "model": "chordcharts.chord"}, {"pk": 2096, "fields": {"beats": 1, "measure": 1169, "rest": false, "alt_bass": false, "chord_type": 22, "alt_bass_pitch": 0, "number": 3, "chord_pitch": 1}, "model": "chordcharts.chord"}, {"pk": 2097, "fields": {"beats": 2, "measure": 1170, "rest": false, "alt_bass": false, "chord_type": 8, "alt_bass_pitch": 0, "number": 1, "chord_pitch": 0}, "model": "chordcharts.chord"}, {"pk": 2098, "fields": {"beats": 1, "measure": 1170, "rest": false, "alt_bass": false, "chord_type": 5, "alt_bass_pitch": 0, "number": 2, "chord_pitch": 2}, "model": "chordcharts.chord"}, {"pk": 2099, "fields": {"beats": 1, "measure": 1170, "rest": false, "alt_bass": false, "chord_type": 5, "alt_bass_pitch": 0, "number": 3, "chord_pitch": 3}, "model": "chordcharts.chord"}, {"pk": 2100, "fields": {"beats": 1, "measure": 1171, "rest": false, "alt_bass": false, "chord_type": 3, "alt_bass_pitch": 0, "number": 2, "chord_pitch": 11}, "model": "chordcharts.chord"}, {"pk": 2101, "fields": {"beats": 2, "measure": 1171, "rest": false, "alt_bass": false, "chord_type": 4, "alt_bass_pitch": 0, "number": 1, "chord_pitch": 0}, "model": "chordcharts.chord"}, {"pk": 2102, "fields": {"beats": 1, "measure": 1171, "rest": false, "alt_bass": false, "chord_type": 3, "alt_bass_pitch": 0, "number": 3, "chord_pitch": 10}, "model": "chordcharts.chord"}, {"pk": 2103, "fields": {"beats": 4, "measure": 1172, "rest": false, "alt_bass": false, "chord_type": 3, "alt_bass_pitch": 0, "number": 1, "chord_pitch": 9}, "model": "chordcharts.chord"}, {"pk": 2106, "fields": {"beats": 2, "measure": 1173, "rest": false, "alt_bass": false, "chord_type": 5, "alt_bass_pitch": 0, "number": 1, "chord_pitch": 4}, "model": "chordcharts.chord"}, {"pk": 2107, "fields": {"beats": 2, "measure": 1173, "rest": false, "alt_bass": false, "chord_type": 3, "alt_bass_pitch": 0, "number": 2, "chord_pitch": 9}, "model": "chordcharts.chord"}, {"pk": 2109, "fields": {"beats": 4, "measure": 1174, "rest": false, "alt_bass": false, "chord_type": 5, "alt_bass_pitch": 0, "number": 1, "chord_pitch": 9}, "model": "chordcharts.chord"}, {"pk": 2112, "fields": {"beats": 4, "measure": 1175, "rest": false, "alt_bass": false, "chord_type": 3, "alt_bass_pitch": 0, "number": 1, "chord_pitch": 2}, "model": "chordcharts.chord"}, {"pk": 2115, "fields": {"beats": 2, "measure": 1176, "rest": false, "alt_bass": false, "chord_type": 3, "alt_bass_pitch": 0, "number": 1, "chord_pitch": 4}, "model": "chordcharts.chord"}, {"pk": 2116, "fields": {"beats": 2, "measure": 1176, "rest": false, "alt_bass": false, "chord_type": 3, "alt_bass_pitch": 0, "number": 2, "chord_pitch": 2}, "model": "chordcharts.chord"}, {"pk": 2117, "fields": {"beats": 2, "measure": 1177, "rest": false, "alt_bass": false, "chord_type": 3, "alt_bass_pitch": 0, "number": 2, "chord_pitch": 2}, "model": "chordcharts.chord"}, {"pk": 2118, "fields": {"beats": 2, "measure": 1177, "rest": false, "alt_bass": false, "chord_type": 3, "alt_bass_pitch": 0, "number": 1, "chord_pitch": 4}, "model": "chordcharts.chord"}, {"pk": 2119, "fields": {"beats": 2, "measure": 1178, "rest": false, "alt_bass": false, "chord_type": 8, "alt_bass_pitch": 0, "number": 1, "chord_pitch": 7}, "model": "chordcharts.chord"}, {"pk": 2120, "fields": {"beats": 2, "measure": 1178, "rest": false, "alt_bass": false, "chord_type": 10, "alt_bass_pitch": 0, "number": 2, "chord_pitch": 9}, "model": "chordcharts.chord"}, {"pk": 2121, "fields": {"beats": 2, "measure": 1179, "rest": false, "alt_bass": true, "chord_type": 1, "alt_bass_pitch": 11, "number": 1, "chord_pitch": 7}, "model": "chordcharts.chord"}, {"pk": 2122, "fields": {"beats": 2, "measure": 1179, "rest": false, "alt_bass": true, "chord_type": 3, "alt_bass_pitch": 9, "number": 2, "chord_pitch": 2}, "model": "chordcharts.chord"}, {"pk": 2124, "fields": {"beats": 4, "measure": 1180, "rest": false, "alt_bass": false, "chord_type": 3, "alt_bass_pitch": 11, "number": 1, "chord_pitch": 7}, "model": "chordcharts.chord"}, {"pk": 2125, "fields": {"beats": 2, "measure": 1181, "rest": false, "alt_bass": false, "chord_type": 5, "alt_bass_pitch": 11, "number": 1, "chord_pitch": 2}, "model": "chordcharts.chord"}, {"pk": 2126, "fields": {"beats": 2, "measure": 1181, "rest": false, "alt_bass": false, "chord_type": 3, "alt_bass_pitch": 9, "number": 2, "chord_pitch": 7}, "model": "chordcharts.chord"}, {"pk": 2127, "fields": {"beats": 2, "measure": 1182, "rest": false, "alt_bass": false, "chord_type": 8, "alt_bass_pitch": 11, "number": 1, "chord_pitch": 0}, "model": "chordcharts.chord"}, {"pk": 2128, "fields": {"beats": 2, "measure": 1182, "rest": false, "alt_bass": false, "chord_type": 5, "alt_bass_pitch": 9, "number": 2, "chord_pitch": 2}, "model": "chordcharts.chord"}, {"pk": 2129, "fields": {"beats": 2, "measure": 1183, "rest": false, "alt_bass": false, "chord_type": 5, "alt_bass_pitch": 11, "number": 1, "chord_pitch": 4}, "model": "chordcharts.chord"}, {"pk": 2130, "fields": {"beats": 2, "measure": 1183, "rest": false, "alt_bass": false, "chord_type": 8, "alt_bass_pitch": 9, "number": 2, "chord_pitch": 0}, "model": "chordcharts.chord"}, {"pk": 2131, "fields": {"beats": 4, "measure": 1184, "rest": false, "alt_bass": false, "chord_type": 8, "alt_bass_pitch": 0, "number": 1, "chord_pitch": 0}, "model": "chordcharts.chord"}, {"pk": 2133, "fields": {"beats": 4, "measure": 1185, "rest": false, "alt_bass": false, "chord_type": 7, "alt_bass_pitch": 0, "number": 1, "chord_pitch": 0}, "model": "chordcharts.chord"}, {"pk": 2135, "fields": {"beats": 4, "measure": 1186, "rest": false, "alt_bass": false, "chord_type": 11, "alt_bass_pitch": 0, "number": 1, "chord_pitch": 11}, "model": "chordcharts.chord"}, {"pk": 2137, "fields": {"beats": 4, "measure": 1187, "rest": false, "alt_bass": true, "chord_type": 3, "alt_bass_pitch": 11, "number": 1, "chord_pitch": 4}, "model": "chordcharts.chord"}, {"pk": 2139, "fields": {"beats": 2, "measure": 1188, "rest": false, "alt_bass": false, "chord_type": 3, "alt_bass_pitch": 11, "number": 1, "chord_pitch": 3}, "model": "chordcharts.chord"}, {"pk": 2140, "fields": {"beats": 2, "measure": 1188, "rest": false, "alt_bass": false, "chord_type": 3, "alt_bass_pitch": 0, "number": 2, "chord_pitch": 2}, "model": "chordcharts.chord"}, {"pk": 2141, "fields": {"beats": 2, "measure": 1189, "rest": false, "alt_bass": false, "chord_type": 3, "alt_bass_pitch": 11, "number": 1, "chord_pitch": 3}, "model": "chordcharts.chord"}, {"pk": 2142, "fields": {"beats": 2, "measure": 1189, "rest": false, "alt_bass": false, "chord_type": 3, "alt_bass_pitch": 0, "number": 2, "chord_pitch": 2}, "model": "chordcharts.chord"}, {"pk": 2143, "fields": {"beats": 2, "measure": 1190, "rest": false, "alt_bass": false, "chord_type": 8, "alt_bass_pitch": 11, "number": 1, "chord_pitch": 7}, "model": "chordcharts.chord"}, {"pk": 2144, "fields": {"beats": 2, "measure": 1190, "rest": false, "alt_bass": false, "chord_type": 3, "alt_bass_pitch": 0, "number": 2, "chord_pitch": 2}, "model": "chordcharts.chord"}, {"pk": 2145, "fields": {"beats": 4, "measure": 1191, "rest": false, "alt_bass": false, "chord_type": 8, "alt_bass_pitch": 11, "number": 1, "chord_pitch": 7}, "model": "chordcharts.chord"}, {"pk": 1, "fields": {"content_type": 1, "name": "Can add permission", "codename": "add_permission"}, "model": "auth.permission"}, {"pk": 2, "fields": {"content_type": 1, "name": "Can change permission", "codename": "change_permission"}, "model": "auth.permission"}, {"pk": 3, "fields": {"content_type": 1, "name": "Can delete permission", "codename": "delete_permission"}, "model": "auth.permission"}, {"pk": 4, "fields": {"content_type": 2, "name": "Can add group", "codename": "add_group"}, "model": "auth.permission"}, {"pk": 5, "fields": {"content_type": 2, "name": "Can change group", "codename": "change_group"}, "model": "auth.permission"}, {"pk": 6, "fields": {"content_type": 2, "name": "Can delete group", "codename": "delete_group"}, "model": "auth.permission"}, {"pk": 7, "fields": {"content_type": 3, "name": "Can add user", "codename": "add_user"}, "model": "auth.permission"}, {"pk": 8, "fields": {"content_type": 3, "name": "Can change user", "codename": "change_user"}, "model": "auth.permission"}, {"pk": 9, "fields": {"content_type": 3, "name": "Can delete user", "codename": "delete_user"}, "model": "auth.permission"}, {"pk": 10, "fields": {"content_type": 4, "name": "Can add content type", "codename": "add_contenttype"}, "model": "auth.permission"}, {"pk": 11, "fields": {"content_type": 4, "name": "Can change content type", "codename": "change_contenttype"}, "model": "auth.permission"}, {"pk": 12, "fields": {"content_type": 4, "name": "Can delete content type", "codename": "delete_contenttype"}, "model": "auth.permission"}, {"pk": 13, "fields": {"content_type": 5, "name": "Can add session", "codename": "add_session"}, "model": "auth.permission"}, {"pk": 14, "fields": {"content_type": 5, "name": "Can change session", "codename": "change_session"}, "model": "auth.permission"}, {"pk": 15, "fields": {"content_type": 5, "name": "Can delete session", "codename": "delete_session"}, "model": "auth.permission"}, {"pk": 16, "fields": {"content_type": 6, "name": "Can add site", "codename": "add_site"}, "model": "auth.permission"}, {"pk": 17, "fields": {"content_type": 6, "name": "Can change site", "codename": "change_site"}, "model": "auth.permission"}, {"pk": 18, "fields": {"content_type": 6, "name": "Can delete site", "codename": "delete_site"}, "model": "auth.permission"}, {"pk": 19, "fields": {"content_type": 7, "name": "Can add log entry", "codename": "add_logentry"}, "model": "auth.permission"}, {"pk": 20, "fields": {"content_type": 7, "name": "Can change log entry", "codename": "change_logentry"}, "model": "auth.permission"}, {"pk": 21, "fields": {"content_type": 7, "name": "Can delete log entry", "codename": "delete_logentry"}, "model": "auth.permission"}, {"pk": 22, "fields": {"content_type": 8, "name": "Can add migration history", "codename": "add_migrationhistory"}, "model": "auth.permission"}, {"pk": 23, "fields": {"content_type": 8, "name": "Can change migration history", "codename": "change_migrationhistory"}, "model": "auth.permission"}, {"pk": 24, "fields": {"content_type": 8, "name": "Can delete migration history", "codename": "delete_migrationhistory"}, "model": "auth.permission"}, {"pk": 25, "fields": {"content_type": 9, "name": "Can add song", "codename": "add_song"}, "model": "auth.permission"}, {"pk": 26, "fields": {"content_type": 9, "name": "Can change song", "codename": "change_song"}, "model": "auth.permission"}, {"pk": 27, "fields": {"content_type": 9, "name": "Can delete song", "codename": "delete_song"}, "model": "auth.permission"}, {"pk": 28, "fields": {"content_type": 10, "name": "Can add key", "codename": "add_key"}, "model": "auth.permission"}, {"pk": 29, "fields": {"content_type": 10, "name": "Can change key", "codename": "change_key"}, "model": "auth.permission"}, {"pk": 30, "fields": {"content_type": 10, "name": "Can delete key", "codename": "delete_key"}, "model": "auth.permission"}, {"pk": 31, "fields": {"content_type": 11, "name": "Can add note", "codename": "add_note"}, "model": "auth.permission"}, {"pk": 32, "fields": {"content_type": 11, "name": "Can change note", "codename": "change_note"}, "model": "auth.permission"}, {"pk": 33, "fields": {"content_type": 11, "name": "Can delete note", "codename": "delete_note"}, "model": "auth.permission"}, {"pk": 34, "fields": {"content_type": 12, "name": "Can add chord type", "codename": "add_chordtype"}, "model": "auth.permission"}, {"pk": 35, "fields": {"content_type": 12, "name": "Can change chord type", "codename": "change_chordtype"}, "model": "auth.permission"}, {"pk": 36, "fields": {"content_type": 12, "name": "Can delete chord type", "codename": "delete_chordtype"}, "model": "auth.permission"}, {"pk": 37, "fields": {"content_type": 13, "name": "Can add chart", "codename": "add_chart"}, "model": "auth.permission"}, {"pk": 38, "fields": {"content_type": 13, "name": "Can change chart", "codename": "change_chart"}, "model": "auth.permission"}, {"pk": 39, "fields": {"content_type": 13, "name": "Can delete chart", "codename": "delete_chart"}, "model": "auth.permission"}, {"pk": 40, "fields": {"content_type": 14, "name": "Can add section", "codename": "add_section"}, "model": "auth.permission"}, {"pk": 41, "fields": {"content_type": 14, "name": "Can change section", "codename": "change_section"}, "model": "auth.permission"}, {"pk": 42, "fields": {"content_type": 14, "name": "Can delete section", "codename": "delete_section"}, "model": "auth.permission"}, {"pk": 43, "fields": {"content_type": 15, "name": "Can add line", "codename": "add_line"}, "model": "auth.permission"}, {"pk": 44, "fields": {"content_type": 15, "name": "Can change line", "codename": "change_line"}, "model": "auth.permission"}, {"pk": 45, "fields": {"content_type": 15, "name": "Can delete line", "codename": "delete_line"}, "model": "auth.permission"}, {"pk": 46, "fields": {"content_type": 16, "name": "Can add measure", "codename": "add_measure"}, "model": "auth.permission"}, {"pk": 47, "fields": {"content_type": 16, "name": "Can change measure", "codename": "change_measure"}, "model": "auth.permission"}, {"pk": 48, "fields": {"content_type": 16, "name": "Can delete measure", "codename": "delete_measure"}, "model": "auth.permission"}, {"pk": 49, "fields": {"content_type": 17, "name": "Can add chord", "codename": "add_chord"}, "model": "auth.permission"}, {"pk": 50, "fields": {"content_type": 17, "name": "Can change chord", "codename": "change_chord"}, "model": "auth.permission"}, {"pk": 51, "fields": {"content_type": 17, "name": "Can delete chord", "codename": "delete_chord"}, "model": "auth.permission"}, {"pk": 52, "fields": {"content_type": 18, "name": "Can add time signature", "codename": "add_timesignature"}, "model": "auth.permission"}, {"pk": 53, "fields": {"content_type": 18, "name": "Can change time signature", "codename": "change_timesignature"}, "model": "auth.permission"}, {"pk": 54, "fields": {"content_type": 18, "name": "Can delete time signature", "codename": "delete_timesignature"}, "model": "auth.permission"}, {"pk": 55, "fields": {"content_type": 19, "name": "Can add subsection", "codename": "add_subsection"}, "model": "auth.permission"}, {"pk": 56, "fields": {"content_type": 19, "name": "Can change subsection", "codename": "change_subsection"}, "model": "auth.permission"}, {"pk": 57, "fields": {"content_type": 19, "name": "Can delete subsection", "codename": "delete_subsection"}, "model": "auth.permission"}, {"pk": 1, "fields": {"groups": [], "is_superuser": true, "last_login": "2014-08-18T14:41:56.995Z", "email": "gitaarik@gmail.com", "is_staff": true, "user_permissions": [], "username": "rik", "password": "pbkdf2_sha256$20000$5l4lBTlncRFO$wUDQG8IN/QflimW0LWJNHUwj5EpclriMThIyEsOqkuQ=", "date_joined": "2013-08-09T06:49:37.567Z", "last_name": "", "first_name": "", "is_active": true}, "model": "auth.user"}, {"pk": 1, "fields": {"action_time": "2013-08-09T06:51:07.810Z", "content_type": 16, "user": 1, "change_message": "Changed chord_type for chord \"A-7\".", "object_repr": "Measure 1", "action_flag": 2, "object_id": "1"}, "model": "admin.logentry"}, {"pk": 2, "fields": {"action_time": "2013-08-09T06:51:55.522Z", "content_type": 15, "user": 1, "change_message": "Added measure \"Measure 3\". Added measure \"Measure 4\".", "object_repr": "Line 1", "action_flag": 2, "object_id": "1"}, "model": "admin.logentry"}, {"pk": 3, "fields": {"action_time": "2013-08-09T06:53:02.104Z", "content_type": 16, "user": 1, "change_message": "Added chord \"C6/9\". Added chord \"A-7\".", "object_repr": "Measure 3", "action_flag": 2, "object_id": "3"}, "model": "admin.logentry"}, {"pk": 4, "fields": {"action_time": "2013-08-09T06:53:52.147Z", "content_type": 16, "user": 1, "change_message": "Added chord \"F\u25b37\". Added chord \"G\u25b37\".", "object_repr": "Measure 4", "action_flag": 2, "object_id": "4"}, "model": "admin.logentry"}, {"pk": 5, "fields": {"action_time": "2013-08-09T06:54:21.004Z", "content_type": 13, "user": 1, "change_message": "Added section \"A\".", "object_repr": "J'attendrai", "action_flag": 2, "object_id": "1"}, "model": "admin.logentry"}, {"pk": 6, "fields": {"action_time": "2013-08-09T06:54:34.305Z", "content_type": 14, "user": 1, "change_message": "Added line \"Line 1\".", "object_repr": "A", "action_flag": 2, "object_id": "3"}, "model": "admin.logentry"}, {"pk": 7, "fields": {"action_time": "2013-08-09T06:54:57.326Z", "content_type": 15, "user": 1, "change_message": "Added measure \"Measure 1\".", "object_repr": "Line 1", "action_flag": 2, "object_id": "2"}, "model": "admin.logentry"}, {"pk": 8, "fields": {"action_time": "2013-08-09T06:55:43.429Z", "content_type": 15, "user": 1, "change_message": "Added measure \"Measure 1\". Added measure \"Measure 2\". Added measure \"Measure 3\". Added measure \"Measure 4\". Added measure \"Measure 5\". Added measure \"Measure 6\". Added measure \"Measure 7\". Added measure \"Measure 8\".", "object_repr": "Line 1", "action_flag": 2, "object_id": "2"}, "model": "admin.logentry"}, {"pk": 9, "fields": {"action_time": "2013-08-09T06:56:38.348Z", "content_type": 15, "user": 1, "change_message": "Deleted measure \"Measure 1\".", "object_repr": "Line 1", "action_flag": 2, "object_id": "2"}, "model": "admin.logentry"}, {"pk": 10, "fields": {"action_time": "2013-08-09T06:57:20.629Z", "content_type": 16, "user": 1, "change_message": "Added chord \"C6/9\".", "object_repr": "Measure 1", "action_flag": 2, "object_id": "5"}, "model": "admin.logentry"}, {"pk": 11, "fields": {"action_time": "2013-08-09T06:57:45.088Z", "content_type": 16, "user": 1, "change_message": "Added chord \"C6/9\".", "object_repr": "Measure 2", "action_flag": 2, "object_id": "7"}, "model": "admin.logentry"}, {"pk": 12, "fields": {"action_time": "2013-08-09T06:58:02.712Z", "content_type": 16, "user": 1, "change_message": "Added chord \"C6/9\".", "object_repr": "Measure 3", "action_flag": 2, "object_id": "8"}, "model": "admin.logentry"}, {"pk": 13, "fields": {"action_time": "2013-08-09T07:00:12.327Z", "content_type": 16, "user": 1, "change_message": "Added chord \"F9\".", "object_repr": "Measure 4", "action_flag": 2, "object_id": "9"}, "model": "admin.logentry"}, {"pk": 14, "fields": {"action_time": "2013-08-09T07:00:40.261Z", "content_type": 16, "user": 1, "change_message": "Added chord \"C\u25b37\".", "object_repr": "Measure 5", "action_flag": 2, "object_id": "10"}, "model": "admin.logentry"}, {"pk": 15, "fields": {"action_time": "2013-08-09T07:02:13.100Z", "content_type": 16, "user": 1, "change_message": "Added chord \"C\u25b37\". Added chord \"C/E\".", "object_repr": "Measure 6", "action_flag": 2, "object_id": "11"}, "model": "admin.logentry"}, {"pk": 16, "fields": {"action_time": "2013-08-09T07:03:40.477Z", "content_type": 16, "user": 1, "change_message": "Added chord \"Eb\u00b0 \".", "object_repr": "Measure 6", "action_flag": 2, "object_id": "11"}, "model": "admin.logentry"}, {"pk": 17, "fields": {"action_time": "2013-08-09T07:15:10.541Z", "content_type": 16, "user": 1, "change_message": "Added chord \"D-7\".", "object_repr": "Measure 7", "action_flag": 2, "object_id": "12"}, "model": "admin.logentry"}, {"pk": 18, "fields": {"action_time": "2013-08-09T07:15:58.902Z", "content_type": 16, "user": 1, "change_message": "Added chord \"A9\".", "object_repr": "Measure 8", "action_flag": 2, "object_id": "13"}, "model": "admin.logentry"}, {"pk": 19, "fields": {"action_time": "2013-08-09T07:16:18.957Z", "content_type": 14, "user": 1, "change_message": "Added line \"Line 2\".", "object_repr": "A", "action_flag": 2, "object_id": "3"}, "model": "admin.logentry"}, {"pk": 20, "fields": {"action_time": "2013-08-09T07:17:09.713Z", "content_type": 15, "user": 1, "change_message": "Added measure \"Measure 1\". Added measure \"Measure 2\". Added measure \"Measure 3\". Added measure \"Measure 4\". Added measure \"Measure 5\". Added measure \"Measure 6\". Added measure \"Measure 7\". Added measure \"Measure 8\".", "object_repr": "Line 2", "action_flag": 2, "object_id": "3"}, "model": "admin.logentry"}, {"pk": 21, "fields": {"action_time": "2013-08-09T07:17:28.142Z", "content_type": 16, "user": 1, "change_message": "Added chord \"Dm\".", "object_repr": "Measure 1", "action_flag": 2, "object_id": "14"}, "model": "admin.logentry"}, {"pk": 22, "fields": {"action_time": "2013-08-09T07:17:57.223Z", "content_type": 16, "user": 1, "change_message": "Added chord \"D-\u25b3\".", "object_repr": "Measure 2", "action_flag": 2, "object_id": "15"}, "model": "admin.logentry"}, {"pk": 23, "fields": {"action_time": "2013-08-09T07:18:15.652Z", "content_type": 16, "user": 1, "change_message": "Added chord \"D-7\".", "object_repr": "Measure 3", "action_flag": 2, "object_id": "16"}, "model": "admin.logentry"}, {"pk": 24, "fields": {"action_time": "2013-08-09T07:18:57.875Z", "content_type": 16, "user": 1, "change_message": "Added chord \"F#7\".", "object_repr": "Measure 4", "action_flag": 2, "object_id": "17"}, "model": "admin.logentry"}, {"pk": 25, "fields": {"action_time": "2013-08-09T07:19:13.159Z", "content_type": 16, "user": 1, "change_message": "Added chord \"Dm\".", "object_repr": "Measure 5", "action_flag": 2, "object_id": "18"}, "model": "admin.logentry"}, {"pk": 26, "fields": {"action_time": "2013-08-09T07:19:28.104Z", "content_type": 16, "user": 1, "change_message": "Added chord \"F#7\".", "object_repr": "Measure 6", "action_flag": 2, "object_id": "19"}, "model": "admin.logentry"}, {"pk": 27, "fields": {"action_time": "2013-08-09T07:19:46.925Z", "content_type": 16, "user": 1, "change_message": "Added chord \"C6/9\".", "object_repr": "Measure 7", "action_flag": 2, "object_id": "20"}, "model": "admin.logentry"}, {"pk": 28, "fields": {"action_time": "2013-08-09T07:20:03.711Z", "content_type": 16, "user": 1, "change_message": "Added chord \"C6/9\".", "object_repr": "Measure 8", "action_flag": 2, "object_id": "21"}, "model": "admin.logentry"}, {"pk": 29, "fields": {"action_time": "2013-08-09T07:20:30.261Z", "content_type": 16, "user": 1, "change_message": "Changed chord_pitch for chord \"G7\".", "object_repr": "Measure 4", "action_flag": 2, "object_id": "17"}, "model": "admin.logentry"}, {"pk": 30, "fields": {"action_time": "2013-08-09T07:20:39.408Z", "content_type": 16, "user": 1, "change_message": "Changed chord_pitch for chord \"G7\".", "object_repr": "Measure 6", "action_flag": 2, "object_id": "19"}, "model": "admin.logentry"}, {"pk": 31, "fields": {"action_time": "2013-08-09T14:39:04.428Z", "content_type": 16, "user": 1, "change_message": "Changed alt_bass for chord \"C6/9/C\".", "object_repr": "Measure 2", "action_flag": 2, "object_id": "7"}, "model": "admin.logentry"}, {"pk": 32, "fields": {"action_time": "2013-08-09T14:39:41.982Z", "content_type": 16, "user": 1, "change_message": "Changed alt_bass and alt_bass_pitch for chord \"C6/9\".", "object_repr": "Measure 2", "action_flag": 2, "object_id": "7"}, "model": "admin.logentry"}, {"pk": 33, "fields": {"action_time": "2013-08-09T14:39:52.881Z", "content_type": 16, "user": 1, "change_message": "Changed alt_bass for chord \"C6/9/C#\".", "object_repr": "Measure 2", "action_flag": 2, "object_id": "7"}, "model": "admin.logentry"}, {"pk": 34, "fields": {"action_time": "2013-08-09T14:40:05.856Z", "content_type": 16, "user": 1, "change_message": "Changed alt_bass and alt_bass_pitch for chord \"C6/9\".", "object_repr": "Measure 2", "action_flag": 2, "object_id": "7"}, "model": "admin.logentry"}, {"pk": 35, "fields": {"action_time": "2013-08-09T15:10:06.505Z", "content_type": 18, "user": 1, "change_message": "", "object_repr": "TimeSignature object", "action_flag": 1, "object_id": "1"}, "model": "admin.logentry"}, {"pk": 36, "fields": {"action_time": "2013-08-09T15:10:09.690Z", "content_type": 18, "user": 1, "change_message": "", "object_repr": "TimeSignature object", "action_flag": 1, "object_id": "2"}, "model": "admin.logentry"}, {"pk": 37, "fields": {"action_time": "2013-08-09T15:10:18.238Z", "content_type": 18, "user": 1, "change_message": "", "object_repr": "TimeSignature object", "action_flag": 1, "object_id": "3"}, "model": "admin.logentry"}, {"pk": 38, "fields": {"action_time": "2013-08-09T15:10:24.135Z", "content_type": 18, "user": 1, "change_message": "", "object_repr": "TimeSignature object", "action_flag": 1, "object_id": "4"}, "model": "admin.logentry"}, {"pk": 39, "fields": {"action_time": "2013-08-09T15:12:37.135Z", "content_type": 18, "user": 1, "change_message": "", "object_repr": "4/4", "action_flag": 1, "object_id": "1"}, "model": "admin.logentry"}, {"pk": 40, "fields": {"action_time": "2013-08-09T15:12:41.065Z", "content_type": 18, "user": 1, "change_message": "", "object_repr": "4/3", "action_flag": 1, "object_id": "2"}, "model": "admin.logentry"}, {"pk": 41, "fields": {"action_time": "2013-08-09T15:12:46.121Z", "content_type": 18, "user": 1, "change_message": "", "object_repr": "6/8", "action_flag": 1, "object_id": "3"}, "model": "admin.logentry"}, {"pk": 42, "fields": {"action_time": "2013-08-09T15:12:51.694Z", "content_type": 18, "user": 1, "change_message": "", "object_repr": "2/2", "action_flag": 1, "object_id": "4"}, "model": "admin.logentry"}, {"pk": 43, "fields": {"action_time": "2013-08-09T15:28:33.415Z", "content_type": 14, "user": 1, "change_message": "Added line \"Line 3\".", "object_repr": "A", "action_flag": 2, "object_id": "3"}, "model": "admin.logentry"}, {"pk": 44, "fields": {"action_time": "2013-08-09T15:29:17.728Z", "content_type": 15, "user": 1, "change_message": "Added measure \"Measure 1\". Added measure \"Measure 2\". Added measure \"Measure 3\". Added measure \"Measure 4\". Added measure \"Measure 5\". Added measure \"Measure 6\". Added measure \"Measure 7\". Added measure \"Measure 8\".", "object_repr": "Line 3", "action_flag": 2, "object_id": "4"}, "model": "admin.logentry"}, {"pk": 45, "fields": {"action_time": "2013-08-09T15:29:36.790Z", "content_type": 16, "user": 1, "change_message": "Added chord \"A7\".", "object_repr": "Measure 1", "action_flag": 2, "object_id": "22"}, "model": "admin.logentry"}, {"pk": 46, "fields": {"action_time": "2013-08-09T15:29:58.621Z", "content_type": 16, "user": 1, "change_message": "Added chord \"C-7\".", "object_repr": "Measure 2", "action_flag": 2, "object_id": "23"}, "model": "admin.logentry"}, {"pk": 47, "fields": {"action_time": "2013-08-09T15:30:18.354Z", "content_type": 16, "user": 1, "change_message": "Added chord \"F6/9\".", "object_repr": "Measure 3", "action_flag": 2, "object_id": "24"}, "model": "admin.logentry"}, {"pk": 48, "fields": {"action_time": "2013-08-09T15:30:50.210Z", "content_type": 16, "user": 1, "change_message": "Changed chord_pitch for chord \"C7\".", "object_repr": "Measure 1", "action_flag": 2, "object_id": "22"}, "model": "admin.logentry"}, {"pk": 49, "fields": {"action_time": "2013-08-09T15:31:03.216Z", "content_type": 16, "user": 1, "change_message": "Changed chord_type for chord \"C7\".", "object_repr": "Measure 2", "action_flag": 2, "object_id": "23"}, "model": "admin.logentry"}, {"pk": 50, "fields": {"action_time": "2013-08-09T15:31:34.230Z", "content_type": 16, "user": 1, "change_message": "Added chord \"D0\u0338 \".", "object_repr": "Measure 4", "action_flag": 2, "object_id": "25"}, "model": "admin.logentry"}, {"pk": 51, "fields": {"action_time": "2013-08-09T15:32:07.697Z", "content_type": 16, "user": 1, "change_message": "Added chord \"C6/9\".", "object_repr": "Measure 5", "action_flag": 2, "object_id": "26"}, "model": "admin.logentry"}, {"pk": 52, "fields": {"action_time": "2013-08-09T15:33:02.039Z", "content_type": 16, "user": 1, "change_message": "Added chord \"C6/9\". Added chord \"E-7\". Added chord \"Eb-7\".", "object_repr": "Measure 6", "action_flag": 2, "object_id": "27"}, "model": "admin.logentry"}, {"pk": 53, "fields": {"action_time": "2013-08-09T15:33:30.309Z", "content_type": 16, "user": 1, "change_message": "Added chord \"D-7\".", "object_repr": "Measure 7", "action_flag": 2, "object_id": "28"}, "model": "admin.logentry"}, {"pk": 54, "fields": {"action_time": "2013-08-09T15:33:57.934Z", "content_type": 16, "user": 1, "change_message": "Added chord \"F#7\".", "object_repr": "Measure 8", "action_flag": 2, "object_id": "29"}, "model": "admin.logentry"}, {"pk": 55, "fields": {"action_time": "2013-08-09T15:34:12.263Z", "content_type": 16, "user": 1, "change_message": "Changed chord_pitch for chord \"G7\".", "object_repr": "Measure 8", "action_flag": 2, "object_id": "29"}, "model": "admin.logentry"}, {"pk": 56, "fields": {"action_time": "2013-08-09T15:34:43.416Z", "content_type": 14, "user": 1, "change_message": "Added line \"Line 4\".", "object_repr": "A", "action_flag": 2, "object_id": "3"}, "model": "admin.logentry"}, {"pk": 57, "fields": {"action_time": "2013-08-09T15:35:01.884Z", "content_type": 15, "user": 1, "change_message": "Added measure \"Measure 4\". Added measure \"Measure 4\".", "object_repr": "Line 4", "action_flag": 2, "object_id": "5"}, "model": "admin.logentry"}, {"pk": 58, "fields": {"action_time": "2013-08-09T15:35:27.899Z", "content_type": 16, "user": 1, "change_message": "Added chord \"C6/9\".", "object_repr": "Measure 4", "action_flag": 2, "object_id": "30"}, "model": "admin.logentry"}, {"pk": 59, "fields": {"action_time": "2013-08-09T15:35:54.142Z", "content_type": 16, "user": 1, "change_message": "Added chord \"G7+5\".", "object_repr": "Measure 4", "action_flag": 2, "object_id": "31"}, "model": "admin.logentry"}, {"pk": 60, "fields": {"action_time": "2013-08-09T15:37:32.695Z", "content_type": 13, "user": 1, "change_message": "Added section \"B\".", "object_repr": "J'attendrai", "action_flag": 2, "object_id": "1"}, "model": "admin.logentry"}, {"pk": 61, "fields": {"action_time": "2013-08-09T15:38:10.606Z", "content_type": 14, "user": 1, "change_message": "Added line \"Line 1\". Added line \"Line 2\".", "object_repr": "B", "action_flag": 2, "object_id": "4"}, "model": "admin.logentry"}, {"pk": 62, "fields": {"action_time": "2013-08-09T15:39:23.014Z", "content_type": 15, "user": 1, "change_message": "Added measure \"Measure 1\". Added measure \"Measure 2\". Added measure \"Measure 3\". Added measure \"Measure 4\". Added measure \"Measure 5\". Added measure \"Measure 6\". Added measure \"Measure 7\". Added measure \"Measure 8\".", "object_repr": "Line 1", "action_flag": 2, "object_id": "6"}, "model": "admin.logentry"}, {"pk": 63, "fields": {"action_time": "2013-08-09T15:40:14.711Z", "content_type": 16, "user": 1, "change_message": "Added chord \"C6/9\". Added chord \"A-7\".", "object_repr": "Measure 1", "action_flag": 2, "object_id": "32"}, "model": "admin.logentry"}, {"pk": 64, "fields": {"action_time": "2013-08-09T15:41:20.466Z", "content_type": 16, "user": 1, "change_message": "Added chord \"D-7\". Added chord \"G7\".", "object_repr": "Measure 2", "action_flag": 2, "object_id": "33"}, "model": "admin.logentry"}, {"pk": 65, "fields": {"action_time": "2013-08-09T15:42:05.493Z", "content_type": 16, "user": 1, "change_message": "Added chord \"C6/9\". Added chord \"A7+5\".", "object_repr": "Measure 3", "action_flag": 2, "object_id": "34"}, "model": "admin.logentry"}, {"pk": 66, "fields": {"action_time": "2013-08-09T15:42:54.053Z", "content_type": 16, "user": 1, "change_message": "Added chord \"D-7\". Added chord \"G7\".", "object_repr": "Measure 4", "action_flag": 2, "object_id": "35"}, "model": "admin.logentry"}, {"pk": 67, "fields": {"action_time": "2013-08-09T15:43:51.936Z", "content_type": 16, "user": 1, "change_message": "Added chord \"Em\". Added chord \"A7+5\".", "object_repr": "Measure 5", "action_flag": 2, "object_id": "36"}, "model": "admin.logentry"}, {"pk": 68, "fields": {"action_time": "2013-08-09T15:44:09.266Z", "content_type": 16, "user": 1, "change_message": "Added chord \"D7\".", "object_repr": "Measure 6", "action_flag": 2, "object_id": "37"}, "model": "admin.logentry"}, {"pk": 69, "fields": {"action_time": "2013-08-09T15:44:30.707Z", "content_type": 16, "user": 1, "change_message": "Added chord \"E-7\".", "object_repr": "Measure 7", "action_flag": 2, "object_id": "38"}, "model": "admin.logentry"}, {"pk": 70, "fields": {"action_time": "2013-08-09T15:44:49.086Z", "content_type": 16, "user": 1, "change_message": "Added chord \"G7\".", "object_repr": "Measure 8", "action_flag": 2, "object_id": "39"}, "model": "admin.logentry"}, {"pk": 71, "fields": {"action_time": "2013-08-09T15:45:04.771Z", "content_type": 16, "user": 1, "change_message": "Changed chord_pitch for chord \"D-7\".", "object_repr": "Measure 7", "action_flag": 2, "object_id": "38"}, "model": "admin.logentry"}, {"pk": 72, "fields": {"action_time": "2013-08-09T15:45:50.074Z", "content_type": 15, "user": 1, "change_message": "Added measure \"Measure 1\". Added measure \"Measure 2\". Added measure \"Measure 3\". Added measure \"Measure 4\". Added measure \"Measure 5\". Added measure \"Measure 6\". Added measure \"Measure 7\". Added measure \"Measure 8\".", "object_repr": "Line 2", "action_flag": 2, "object_id": "7"}, "model": "admin.logentry"}, {"pk": 73, "fields": {"action_time": "2013-08-09T15:50:38.152Z", "content_type": 16, "user": 1, "change_message": "Added chord \"C6/9\". Added chord \"A-7\".", "object_repr": "Measure 1", "action_flag": 2, "object_id": "40"}, "model": "admin.logentry"}, {"pk": 74, "fields": {"action_time": "2013-08-09T15:51:11.987Z", "content_type": 16, "user": 1, "change_message": "Added chord \"D-7\". Added chord \"G7\".", "object_repr": "Measure 2", "action_flag": 2, "object_id": "41"}, "model": "admin.logentry"}, {"pk": 75, "fields": {"action_time": "2013-08-09T15:52:17.458Z", "content_type": 16, "user": 1, "change_message": "Added chord \"C6/9\". Added chord \"A7+5\".", "object_repr": "Measure 3", "action_flag": 2, "object_id": "42"}, "model": "admin.logentry"}, {"pk": 76, "fields": {"action_time": "2013-08-09T15:55:01.201Z", "content_type": 16, "user": 1, "change_message": "Added chord \"A7\". Added chord \"D-7\".", "object_repr": "Measure 4", "action_flag": 2, "object_id": "43"}, "model": "admin.logentry"}, {"pk": 77, "fields": {"action_time": "2013-08-09T15:55:22.669Z", "content_type": 16, "user": 1, "change_message": "Added chord \"Bb\".", "object_repr": "Measure 5", "action_flag": 2, "object_id": "44"}, "model": "admin.logentry"}, {"pk": 78, "fields": {"action_time": "2013-08-09T15:55:43.847Z", "content_type": 16, "user": 1, "change_message": "Changed chord_pitch for chord \"F\".", "object_repr": "Measure 5", "action_flag": 2, "object_id": "44"}, "model": "admin.logentry"}, {"pk": 79, "fields": {"action_time": "2013-08-09T15:56:08.781Z", "content_type": 16, "user": 1, "change_message": "Added chord \"F#\u00b0 \".", "object_repr": "Measure 6", "action_flag": 2, "object_id": "45"}, "model": "admin.logentry"}, {"pk": 80, "fields": {"action_time": "2013-08-09T15:56:30.016Z", "content_type": 16, "user": 1, "change_message": "Added chord \"G7\".", "object_repr": "Measure 7", "action_flag": 2, "object_id": "46"}, "model": "admin.logentry"}, {"pk": 81, "fields": {"action_time": "2013-08-09T15:56:46.150Z", "content_type": 16, "user": 1, "change_message": "Added chord \"G7\".", "object_repr": "Measure 8", "action_flag": 2, "object_id": "47"}, "model": "admin.logentry"}, {"pk": 82, "fields": {"action_time": "2014-04-29T15:59:59.873Z", "content_type": 15, "user": 1, "change_message": "", "object_repr": "Line 1", "action_flag": 3, "object_id": "8"}, "model": "admin.logentry"}, {"pk": 83, "fields": {"action_time": "2014-05-03T12:58:34.321Z", "content_type": 12, "user": 1, "change_message": "Changed symbol and chord_output.", "object_repr": "Diminished (\u00b0)", "action_flag": 2, "object_id": "10"}, "model": "admin.logentry"}, {"pk": 84, "fields": {"action_time": "2014-05-04T10:05:37.194Z", "content_type": 9, "user": 1, "change_message": "", "object_repr": "I'll See You In My Dreams", "action_flag": 1, "object_id": "2"}, "model": "admin.logentry"}, {"pk": 85, "fields": {"action_time": "2014-05-04T10:06:15.317Z", "content_type": 13, "user": 1, "change_message": "", "object_repr": "I'll See You In My Dreams", "action_flag": 1, "object_id": "2"}, "model": "admin.logentry"}, {"pk": 86, "fields": {"action_time": "2014-05-04T10:07:34.240Z", "content_type": 13, "user": 1, "change_message": "Added section \"A Section\".", "object_repr": "I'll See You In My Dreams", "action_flag": 2, "object_id": "2"}, "model": "admin.logentry"}, {"pk": 87, "fields": {"action_time": "2014-05-04T10:07:47.657Z", "content_type": 14, "user": 1, "change_message": "Added line \"Line 1\".", "object_repr": "A Section", "action_flag": 2, "object_id": "151"}, "model": "admin.logentry"}, {"pk": 88, "fields": {"action_time": "2014-05-04T10:08:07.351Z", "content_type": 15, "user": 1, "change_message": "Added measure \"Measure 1\".", "object_repr": "Line 1", "action_flag": 2, "object_id": "140"}, "model": "admin.logentry"}, {"pk": 89, "fields": {"action_time": "2014-05-04T10:08:32.903Z", "content_type": 16, "user": 1, "change_message": "Added chord \"F\".", "object_repr": "Measure 1", "action_flag": 2, "object_id": "111"}, "model": "admin.logentry"}, {"pk": 90, "fields": {"action_time": "2014-05-04T10:46:10.679Z", "content_type": 9, "user": 1, "change_message": "", "object_repr": "I'll Be Seeing You", "action_flag": 1, "object_id": "3"}, "model": "admin.logentry"}, {"pk": 91, "fields": {"action_time": "2014-05-04T10:47:16.136Z", "content_type": 13, "user": 1, "change_message": "", "object_repr": "I'll Be Seeing You", "action_flag": 1, "object_id": "3"}, "model": "admin.logentry"}, {"pk": 92, "fields": {"action_time": "2014-05-04T10:47:30.351Z", "content_type": 14, "user": 1, "change_message": "Added line \"Line 1\".", "object_repr": "A Section", "action_flag": 2, "object_id": "153"}, "model": "admin.logentry"}, {"pk": 93, "fields": {"action_time": "2014-05-04T10:47:42.422Z", "content_type": 15, "user": 1, "change_message": "Added measure \"Measure 1\".", "object_repr": "Line 1", "action_flag": 2, "object_id": "146"}, "model": "admin.logentry"}, {"pk": 94, "fields": {"action_time": "2014-05-04T10:48:01.038Z", "content_type": 16, "user": 1, "change_message": "Added chord \"C\".", "object_repr": "Measure 1", "action_flag": 2, "object_id": "159"}, "model": "admin.logentry"}, {"pk": 95, "fields": {"action_time": "2014-05-04T10:56:00.700Z", "content_type": 13, "user": 1, "change_message": "Changed key.", "object_repr": "I'll Be Seeing You", "action_flag": 2, "object_id": "3"}, "model": "admin.logentry"}, {"pk": 96, "fields": {"action_time": "2014-05-04T11:33:46.126Z", "content_type": 12, "user": 1, "change_message": "", "object_repr": "Minor Ninth (-9)", "action_flag": 1, "object_id": "23"}, "model": "admin.logentry"}, {"pk": 97, "fields": {"action_time": "2014-05-04T11:34:00.446Z", "content_type": 12, "user": 1, "change_message": "Changed order.", "object_repr": "Half Diminished (0\u0338 )", "action_flag": 2, "object_id": "11"}, "model": "admin.logentry"}, {"pk": 98, "fields": {"action_time": "2014-05-04T11:34:12.432Z", "content_type": 12, "user": 1, "change_message": "Changed order.", "object_repr": "Half Diminished (0\u0338 )", "action_flag": 2, "object_id": "11"}, "model": "admin.logentry"}, {"pk": 99, "fields": {"action_time": "2014-05-04T11:34:21.732Z", "content_type": 12, "user": 1, "change_message": "Changed order.", "object_repr": "Dominant Seventh with Sharpened Fifth (7#5)", "action_flag": 2, "object_id": "16"}, "model": "admin.logentry"}, {"pk": 100, "fields": {"action_time": "2014-05-04T11:34:29.165Z", "content_type": 12, "user": 1, "change_message": "Changed order.", "object_repr": "Dominant Seventh with Flattened Fifth (7b5)", "action_flag": 2, "object_id": "17"}, "model": "admin.logentry"}, {"pk": 101, "fields": {"action_time": "2014-05-04T11:34:36.588Z", "content_type": 12, "user": 1, "change_message": "Changed order.", "object_repr": "Seventh with Sharpened Ninth (7#9)", "action_flag": 2, "object_id": "14"}, "model": "admin.logentry"}, {"pk": 102, "fields": {"action_time": "2014-05-04T11:34:39.766Z", "content_type": 12, "user": 1, "change_message": "Changed order.", "object_repr": "Seventh with Sharpened Ninth (7#9)", "action_flag": 2, "object_id": "14"}, "model": "admin.logentry"}, {"pk": 103, "fields": {"action_time": "2014-05-04T11:34:46.584Z", "content_type": 12, "user": 1, "change_message": "Changed order.", "object_repr": "Seventh with Flattened Ninth (7b9)", "action_flag": 2, "object_id": "15"}, "model": "admin.logentry"}, {"pk": 104, "fields": {"action_time": "2014-05-04T11:34:53.420Z", "content_type": 12, "user": 1, "change_message": "Changed order.", "object_repr": "Eleventh (11)", "action_flag": 2, "object_id": "21"}, "model": "admin.logentry"}, {"pk": 105, "fields": {"action_time": "2014-05-04T11:34:58.940Z", "content_type": 12, "user": 1, "change_message": "Changed order.", "object_repr": "Thirteenth (13)", "action_flag": 2, "object_id": "20"}, "model": "admin.logentry"}, {"pk": 106, "fields": {"action_time": "2014-05-04T11:35:04.458Z", "content_type": 12, "user": 1, "change_message": "Changed order.", "object_repr": "Minor Major (-\u25b3)", "action_flag": 2, "object_id": "12"}, "model": "admin.logentry"}, {"pk": 107, "fields": {"action_time": "2014-05-04T11:35:08.768Z", "content_type": 12, "user": 1, "change_message": "Changed order.", "object_repr": "Seventh with Sharpened Ninth and Sharpened Fifth (7#9#5)", "action_flag": 2, "object_id": "18"}, "model": "admin.logentry"}, {"pk": 108, "fields": {"action_time": "2014-05-04T11:35:14.124Z", "content_type": 12, "user": 1, "change_message": "Changed order.", "object_repr": "Seventh with Sharpened Ninth and Sharpened Fifth (7#9#5)", "action_flag": 2, "object_id": "18"}, "model": "admin.logentry"}, {"pk": 109, "fields": {"action_time": "2014-05-04T11:35:30.840Z", "content_type": 12, "user": 1, "change_message": "Changed order.", "object_repr": "Diminished (\u00b0)", "action_flag": 2, "object_id": "10"}, "model": "admin.logentry"}, {"pk": 110, "fields": {"action_time": "2014-05-04T11:35:39.234Z", "content_type": 12, "user": 1, "change_message": "Changed order.", "object_repr": "Minor Ninth (-9)", "action_flag": 2, "object_id": "23"}, "model": "admin.logentry"}, {"pk": 111, "fields": {"action_time": "2014-05-04T12:20:57.018Z", "content_type": 9, "user": 1, "change_message": "", "object_repr": "I Love Paris", "action_flag": 1, "object_id": "4"}, "model": "admin.logentry"}, {"pk": 112, "fields": {"action_time": "2014-05-04T12:21:10.432Z", "content_type": 13, "user": 1, "change_message": "", "object_repr": "I Love Paris", "action_flag": 1, "object_id": "4"}, "model": "admin.logentry"}, {"pk": 113, "fields": {"action_time": "2014-05-04T12:21:24.134Z", "content_type": 14, "user": 1, "change_message": "Added line \"Line 1\".", "object_repr": "A Section", "action_flag": 2, "object_id": "154"}, "model": "admin.logentry"}, {"pk": 114, "fields": {"action_time": "2014-05-04T12:21:35.637Z", "content_type": 15, "user": 1, "change_message": "Added measure \"Measure 1\".", "object_repr": "Line 1", "action_flag": 2, "object_id": "150"}, "model": "admin.logentry"}, {"pk": 115, "fields": {"action_time": "2014-05-04T12:21:53.471Z", "content_type": 16, "user": 1, "change_message": "Added chord \"Gm\".", "object_repr": "Measure 1", "action_flag": 2, "object_id": "191"}, "model": "admin.logentry"}, {"pk": 116, "fields": {"action_time": "2014-05-04T13:59:57.563Z", "content_type": 9, "user": 1, "change_message": "", "object_repr": "All By Myself", "action_flag": 1, "object_id": "5"}, "model": "admin.logentry"}, {"pk": 117, "fields": {"action_time": "2014-05-04T14:00:27.551Z", "content_type": 13, "user": 1, "change_message": "", "object_repr": "All By Myself", "action_flag": 1, "object_id": "5"}, "model": "admin.logentry"}, {"pk": 118, "fields": {"action_time": "2014-05-04T14:03:57.023Z", "content_type": 14, "user": 1, "change_message": "Added line \"Line 1\".", "object_repr": "A Section", "action_flag": 2, "object_id": "156"}, "model": "admin.logentry"}, {"pk": 119, "fields": {"action_time": "2014-05-04T14:04:09.302Z", "content_type": 15, "user": 1, "change_message": "Added measure \"Measure 1\".", "object_repr": "Line 1", "action_flag": 2, "object_id": "154"}, "model": "admin.logentry"}, {"pk": 120, "fields": {"action_time": "2014-05-04T14:09:06.254Z", "content_type": 10, "user": 1, "change_message": "Added note \"E\". Added note \"F\". Added note \"F#\". Added note \"G\". Added note \"Ab\". Added note \"A\". Added note \"Bb\". Added note \"B\". Added note \"C\". Added note \"C#\". Added note \"D\". Added note \"Eb\".", "object_repr": "E Major", "action_flag": 2, "object_id": "8"}, "model": "admin.logentry"}, {"pk": 121, "fields": {"action_time": "2014-05-04T14:09:09.683Z", "content_type": 16, "user": 1, "change_message": "Added chord \"E\".", "object_repr": "Measure 1", "action_flag": 2, "object_id": "223"}, "model": "admin.logentry"}, {"pk": 122, "fields": {"action_time": "2014-05-12T18:42:00.577Z", "content_type": 13, "user": 1, "change_message": "Changed use_subsections for section \"A Section\".", "object_repr": "All By Myself", "action_flag": 2, "object_id": "5"}, "model": "admin.logentry"}, {"pk": 123, "fields": {"action_time": "2014-05-17T11:50:01.367Z", "content_type": 9, "user": 1, "change_message": "", "object_repr": "I've Got My Love To Keep Me Warm", "action_flag": 1, "object_id": "6"}, "model": "admin.logentry"}, {"pk": 124, "fields": {"action_time": "2014-05-17T11:50:23.969Z", "content_type": 13, "user": 1, "change_message": "", "object_repr": "I've Got My Love To Keep Me Warm", "action_flag": 1, "object_id": "6"}, "model": "admin.logentry"}, {"pk": 125, "fields": {"action_time": "2014-05-17T11:50:42.084Z", "content_type": 14, "user": 1, "change_message": "Added subsection \"Subsection 1\".", "object_repr": "A Section", "action_flag": 2, "object_id": "203"}, "model": "admin.logentry"}, {"pk": 126, "fields": {"action_time": "2014-05-17T11:50:53.199Z", "content_type": 19, "user": 1, "change_message": "Added line \"Line 1\".", "object_repr": "Subsection 1", "action_flag": 2, "object_id": "58"}, "model": "admin.logentry"}, {"pk": 127, "fields": {"action_time": "2014-05-17T11:51:07.036Z", "content_type": 15, "user": 1, "change_message": "Added measure \"Measure 1\".", "object_repr": "Line 1", "action_flag": 2, "object_id": "240"}, "model": "admin.logentry"}, {"pk": 128, "fields": {"action_time": "2014-05-17T11:51:29.211Z", "content_type": 16, "user": 1, "change_message": "Added chord \"C\".", "object_repr": "Measure 1", "action_flag": 2, "object_id": "395"}, "model": "admin.logentry"}, {"pk": 129, "fields": {"action_time": "2014-05-17T14:37:18.674Z", "content_type": 13, "user": 1, "change_message": "Changed key.", "object_repr": "I've Got My Love To Keep Me Warm", "action_flag": 2, "object_id": "6"}, "model": "admin.logentry"}, {"pk": 130, "fields": {"action_time": "2014-05-17T15:26:29.120Z", "content_type": 9, "user": 1, "change_message": "", "object_repr": "My Girl's Pussy", "action_flag": 1, "object_id": "7"}, "model": "admin.logentry"}, {"pk": 131, "fields": {"action_time": "2014-05-17T15:26:54.809Z", "content_type": 13, "user": 1, "change_message": "", "object_repr": "My Girl's Pussy", "action_flag": 1, "object_id": "7"}, "model": "admin.logentry"}, {"pk": 132, "fields": {"action_time": "2014-05-17T15:27:07.028Z", "content_type": 14, "user": 1, "change_message": "Added subsection \"Subsection 1\".", "object_repr": "A Section", "action_flag": 2, "object_id": "205"}, "model": "admin.logentry"}, {"pk": 133, "fields": {"action_time": "2014-05-17T15:27:19.994Z", "content_type": 19, "user": 1, "change_message": "Added line \"Line 1\".", "object_repr": "Subsection 1", "action_flag": 2, "object_id": "60"}, "model": "admin.logentry"}, {"pk": 134, "fields": {"action_time": "2014-05-17T15:27:31.047Z", "content_type": 15, "user": 1, "change_message": "Added measure \"Measure 1\".", "object_repr": "Line 1", "action_flag": 2, "object_id": "248"}, "model": "admin.logentry"}, {"pk": 135, "fields": {"action_time": "2014-05-17T15:27:47.295Z", "content_type": 16, "user": 1, "change_message": "Added chord \"G\".", "object_repr": "Measure 1", "action_flag": 2, "object_id": "459"}, "model": "admin.logentry"}, {"pk": 136, "fields": {"action_time": "2014-05-18T10:02:27.840Z", "content_type": 9, "user": 1, "change_message": "", "object_repr": "Who Loves You", "action_flag": 1, "object_id": "8"}, "model": "admin.logentry"}, {"pk": 137, "fields": {"action_time": "2014-05-18T10:02:43.963Z", "content_type": 13, "user": 1, "change_message": "", "object_repr": "Who Loves You", "action_flag": 1, "object_id": "8"}, "model": "admin.logentry"}, {"pk": 138, "fields": {"action_time": "2014-05-18T10:03:14.608Z", "content_type": 14, "user": 1, "change_message": "Added subsection \"Subsection 1\".", "object_repr": "A Section", "action_flag": 2, "object_id": "209"}, "model": "admin.logentry"}, {"pk": 139, "fields": {"action_time": "2014-05-18T10:03:25.879Z", "content_type": 19, "user": 1, "change_message": "Added line \"Line 1\".", "object_repr": "Subsection 1", "action_flag": 2, "object_id": "64"}, "model": "admin.logentry"}, {"pk": 140, "fields": {"action_time": "2014-05-18T10:03:35.637Z", "content_type": 15, "user": 1, "change_message": "Added measure \"Measure 1\".", "object_repr": "Line 1", "action_flag": 2, "object_id": "258"}, "model": "admin.logentry"}, {"pk": 141, "fields": {"action_time": "2014-05-18T10:03:49.902Z", "content_type": 16, "user": 1, "change_message": "Added chord \"C\".", "object_repr": "Measure 1", "action_flag": 2, "object_id": "535"}, "model": "admin.logentry"}, {"pk": 142, "fields": {"action_time": "2014-05-20T21:05:52.134Z", "content_type": 13, "user": 1, "change_message": "Added section \"A Section\".", "object_repr": "My Girl's Pussy", "action_flag": 2, "object_id": "7"}, "model": "admin.logentry"}, {"pk": 143, "fields": {"action_time": "2014-05-20T21:06:05.616Z", "content_type": 14, "user": 1, "change_message": "Added line \"Line 1\".", "object_repr": "A Section", "action_flag": 2, "object_id": "243"}, "model": "admin.logentry"}, {"pk": 144, "fields": {"action_time": "2014-05-20T21:06:21.590Z", "content_type": 15, "user": 1, "change_message": "Added measure \"Measure 1\".", "object_repr": "Line 1", "action_flag": 2, "object_id": "300"}, "model": "admin.logentry"}, {"pk": 145, "fields": {"action_time": "2014-05-20T21:06:36.444Z", "content_type": 16, "user": 1, "change_message": "Added chord \"G\".", "object_repr": "Measure 1", "action_flag": 2, "object_id": "606"}, "model": "admin.logentry"}, {"pk": 146, "fields": {"action_time": "2014-05-21T06:16:59.877Z", "content_type": 13, "user": 1, "change_message": "Added section \"A Section\".", "object_repr": "Who Loves You", "action_flag": 2, "object_id": "8"}, "model": "admin.logentry"}, {"pk": 147, "fields": {"action_time": "2014-05-21T06:17:18.045Z", "content_type": 14, "user": 1, "change_message": "Added line \"Line 1\".", "object_repr": "A Section", "action_flag": 2, "object_id": "248"}, "model": "admin.logentry"}, {"pk": 148, "fields": {"action_time": "2014-05-21T06:17:32.738Z", "content_type": 15, "user": 1, "change_message": "Added measure \"Measure 1\".", "object_repr": "Line 1", "action_flag": 2, "object_id": "312"}, "model": "admin.logentry"}, {"pk": 149, "fields": {"action_time": "2014-05-21T06:17:48.618Z", "content_type": 16, "user": 1, "change_message": "Added chord \"C\".", "object_repr": "Measure 1", "action_flag": 2, "object_id": "684"}, "model": "admin.logentry"}, {"pk": 150, "fields": {"action_time": "2014-05-21T06:20:53.963Z", "content_type": 13, "user": 1, "change_message": "Added section \"A Section\".", "object_repr": "I've Got My Love To Keep Me Warm", "action_flag": 2, "object_id": "6"}, "model": "admin.logentry"}, {"pk": 151, "fields": {"action_time": "2014-05-21T06:21:18.647Z", "content_type": 14, "user": 1, "change_message": "Added line \"Line 1\".", "object_repr": "A Section", "action_flag": 2, "object_id": "249"}, "model": "admin.logentry"}, {"pk": 152, "fields": {"action_time": "2014-05-21T06:21:28.909Z", "content_type": 15, "user": 1, "change_message": "Added measure \"Measure 1\".", "object_repr": "Line 1", "action_flag": 2, "object_id": "314"}, "model": "admin.logentry"}, {"pk": 153, "fields": {"action_time": "2014-05-21T06:21:45.696Z", "content_type": 16, "user": 1, "change_message": "Added chord \"Bb\".", "object_repr": "Measure 1", "action_flag": 2, "object_id": "700"}, "model": "admin.logentry"}, {"pk": 154, "fields": {"action_time": "2014-05-22T07:15:47.777Z", "content_type": 10, "user": 1, "change_message": "Changed order.", "object_repr": "C# Major", "action_flag": 2, "object_id": "5"}, "model": "admin.logentry"}, {"pk": 155, "fields": {"action_time": "2014-05-22T07:15:57.905Z", "content_type": 10, "user": 1, "change_message": "Changed order.", "object_repr": "B Major", "action_flag": 2, "object_id": "9"}, "model": "admin.logentry"}, {"pk": 156, "fields": {"action_time": "2014-05-22T07:16:05.673Z", "content_type": 10, "user": 1, "change_message": "Changed order.", "object_repr": "Bb Major", "action_flag": 2, "object_id": "6"}, "model": "admin.logentry"}, {"pk": 157, "fields": {"action_time": "2014-05-22T07:16:11.891Z", "content_type": 10, "user": 1, "change_message": "Changed order.", "object_repr": "C# Major", "action_flag": 2, "object_id": "5"}, "model": "admin.logentry"}, {"pk": 158, "fields": {"action_time": "2014-05-22T19:01:37.656Z", "content_type": 10, "user": 1, "change_message": "", "object_repr": "C Minor", "action_flag": 1, "object_id": "10"}, "model": "admin.logentry"}, {"pk": 159, "fields": {"action_time": "2014-05-26T06:40:43.061Z", "content_type": 10, "user": 1, "change_message": "Changed order.", "object_repr": "B Major", "action_flag": 2, "object_id": "9"}, "model": "admin.logentry"}, {"pk": 160, "fields": {"action_time": "2014-05-26T06:40:48.940Z", "content_type": 10, "user": 1, "change_message": "Changed order.", "object_repr": "C# Major", "action_flag": 2, "object_id": "5"}, "model": "admin.logentry"}, {"pk": 161, "fields": {"action_time": "2014-05-26T06:40:54.567Z", "content_type": 10, "user": 1, "change_message": "Changed order.", "object_repr": "Bb Major", "action_flag": 2, "object_id": "6"}, "model": "admin.logentry"}, {"pk": 162, "fields": {"action_time": "2014-05-26T06:40:58.445Z", "content_type": 10, "user": 1, "change_message": "Changed order.", "object_repr": "A Major", "action_flag": 2, "object_id": "4"}, "model": "admin.logentry"}, {"pk": 163, "fields": {"action_time": "2014-05-26T06:41:02.357Z", "content_type": 10, "user": 1, "change_message": "Changed order.", "object_repr": "G Major", "action_flag": 2, "object_id": "3"}, "model": "admin.logentry"}, {"pk": 164, "fields": {"action_time": "2014-05-26T06:41:05.401Z", "content_type": 10, "user": 1, "change_message": "Changed order.", "object_repr": "F Major", "action_flag": 2, "object_id": "2"}, "model": "admin.logentry"}, {"pk": 165, "fields": {"action_time": "2014-05-26T06:41:11.045Z", "content_type": 10, "user": 1, "change_message": "Changed order.", "object_repr": "E Major", "action_flag": 2, "object_id": "8"}, "model": "admin.logentry"}, {"pk": 166, "fields": {"action_time": "2014-05-26T06:41:14.811Z", "content_type": 10, "user": 1, "change_message": "Changed order.", "object_repr": "D Major", "action_flag": 2, "object_id": "7"}, "model": "admin.logentry"}, {"pk": 167, "fields": {"action_time": "2014-05-26T06:41:29.053Z", "content_type": 10, "user": 1, "change_message": "Changed order.", "object_repr": "C# Major", "action_flag": 2, "object_id": "5"}, "model": "admin.logentry"}, {"pk": 168, "fields": {"action_time": "2014-05-26T06:42:08.500Z", "content_type": 10, "user": 1, "change_message": "", "object_repr": "Eb Major", "action_flag": 1, "object_id": "11"}, "model": "admin.logentry"}, {"pk": 169, "fields": {"action_time": "2014-05-26T06:45:45.991Z", "content_type": 10, "user": 1, "change_message": "Added note \"Eb\". Added note \"E\". Added note \"F\". Added note \"F#\". Added note \"G\". Added note \"Ab\". Added note \"A\". Added note \"Bb\". Added note \"B\". Added note \"C\". Added note \"C#\". Added note \"D\".", "object_repr": "Eb Major", "action_flag": 2, "object_id": "11"}, "model": "admin.logentry"}, {"pk": 170, "fields": {"action_time": "2014-05-26T06:46:08.351Z", "content_type": 10, "user": 1, "change_message": "Changed order.", "object_repr": "D Major", "action_flag": 2, "object_id": "7"}, "model": "admin.logentry"}, {"pk": 171, "fields": {"action_time": "2014-05-26T06:46:26.412Z", "content_type": 10, "user": 1, "change_message": "Changed order.", "object_repr": "Eb Major", "action_flag": 2, "object_id": "11"}, "model": "admin.logentry"}, {"pk": 172, "fields": {"action_time": "2014-05-26T06:46:35.978Z", "content_type": 10, "user": 1, "change_message": "Changed order.", "object_repr": "D Major", "action_flag": 2, "object_id": "7"}, "model": "admin.logentry"}, {"pk": 173, "fields": {"action_time": "2014-05-26T06:46:47.161Z", "content_type": 10, "user": 1, "change_message": "Changed order.", "object_repr": "Eb Major", "action_flag": 2, "object_id": "11"}, "model": "admin.logentry"}, {"pk": 174, "fields": {"action_time": "2014-05-26T06:46:51.345Z", "content_type": 10, "user": 1, "change_message": "Changed order.", "object_repr": "E Major", "action_flag": 2, "object_id": "8"}, "model": "admin.logentry"}, {"pk": 175, "fields": {"action_time": "2014-05-26T06:47:00.144Z", "content_type": 10, "user": 1, "change_message": "Changed order.", "object_repr": "F Major", "action_flag": 2, "object_id": "2"}, "model": "admin.logentry"}, {"pk": 176, "fields": {"action_time": "2014-05-26T07:13:43.906Z", "content_type": 10, "user": 1, "change_message": "", "object_repr": "F# Major", "action_flag": 1, "object_id": "12"}, "model": "admin.logentry"}, {"pk": 177, "fields": {"action_time": "2014-05-26T07:13:55.577Z", "content_type": 10, "user": 1, "change_message": "Changed slug.", "object_repr": "F# Major", "action_flag": 2, "object_id": "12"}, "model": "admin.logentry"}, {"pk": 178, "fields": {"action_time": "2014-05-26T07:14:06.399Z", "content_type": 10, "user": 1, "change_message": "Changed slug.", "object_repr": "Eb Major", "action_flag": 2, "object_id": "11"}, "model": "admin.logentry"}, {"pk": 179, "fields": {"action_time": "2014-05-26T07:15:12.361Z", "content_type": 10, "user": 1, "change_message": "Changed distance_from_c.", "object_repr": "F# Major", "action_flag": 2, "object_id": "12"}, "model": "admin.logentry"}, {"pk": 180, "fields": {"action_time": "2014-05-26T07:23:10.932Z", "content_type": 10, "user": 1, "change_message": "Changed key_note for note \"C#\". Changed key_note for note \"D\".", "object_repr": "Eb Major", "action_flag": 2, "object_id": "11"}, "model": "admin.logentry"}, {"pk": 181, "fields": {"action_time": "2014-05-26T07:28:13.951Z", "content_type": 10, "user": 1, "change_message": "Added note \"F#\". Added note \"G\". Added note \"G#\". Added note \"A\". Added note \"A#\". Added note \"B\". Added note \"C\". Added note \"C#\". Added note \"D\". Added note \"D#\". Added note \"E\". Added note \"E#\".", "object_repr": "F# Major", "action_flag": 2, "object_id": "12"}, "model": "admin.logentry"}, {"pk": 182, "fields": {"action_time": "2014-05-26T07:29:44.505Z", "content_type": 10, "user": 1, "change_message": "Changed order.", "object_repr": "G Major", "action_flag": 2, "object_id": "3"}, "model": "admin.logentry"}, {"pk": 183, "fields": {"action_time": "2014-05-26T07:30:43.397Z", "content_type": 10, "user": 1, "change_message": "", "object_repr": "Ab Major", "action_flag": 1, "object_id": "13"}, "model": "admin.logentry"}, {"pk": 184, "fields": {"action_time": "2014-05-26T07:35:34.099Z", "content_type": 10, "user": 1, "change_message": "Added note \"Ab\". Added note \"A\". Added note \"Bb\". Added note \"B\". Added note \"C\". Added note \"Db\". Added note \"D\". Added note \"Eb\". Added note \"E\". Added note \"F\". Added note \"F#\". Added note \"G\".", "object_repr": "Ab Major", "action_flag": 2, "object_id": "13"}, "model": "admin.logentry"}, {"pk": 185, "fields": {"action_time": "2014-05-26T07:37:47.984Z", "content_type": 10, "user": 1, "change_message": "Changed distance_from_c and order.", "object_repr": "A Major", "action_flag": 2, "object_id": "4"}, "model": "admin.logentry"}, {"pk": 186, "fields": {"action_time": "2014-05-26T07:37:54.141Z", "content_type": 10, "user": 1, "change_message": "Changed order.", "object_repr": "Bb Major", "action_flag": 2, "object_id": "6"}, "model": "admin.logentry"}, {"pk": 187, "fields": {"action_time": "2014-05-26T07:38:01.916Z", "content_type": 10, "user": 1, "change_message": "Changed order.", "object_repr": "B Major", "action_flag": 2, "object_id": "9"}, "model": "admin.logentry"}, {"pk": 188, "fields": {"action_time": "2014-05-26T07:41:06.413Z", "content_type": 10, "user": 1, "change_message": "Added note \"B\". Added note \"C\". Added note \"C#\". Added note \"D\". Added note \"D#\". Added note \"E\". Added note \"F\". Added note \"F#\". Added note \"G\". Added note \"G#\". Added note \"A\". Added note \"A#\".", "object_repr": "B Major", "action_flag": 2, "object_id": "9"}, "model": "admin.logentry"}, {"pk": 189, "fields": {"action_time": "2014-05-26T07:44:44.815Z", "content_type": 10, "user": 1, "change_message": "Added note \"C\". Added note \"C#\". Added note \"D\". Added note \"Eb\". Added note \"E\". Added note \"F\". Added note \"F#\". Added note \"G\". Added note \"Ab\". Added note \"A\". Added note \"Bb\". Added note \"B\".", "object_repr": "C Minor", "action_flag": 2, "object_id": "10"}, "model": "admin.logentry"}, {"pk": 190, "fields": {"action_time": "2014-05-26T07:45:20.462Z", "content_type": 10, "user": 1, "change_message": "", "object_repr": "C# Minor", "action_flag": 1, "object_id": "14"}, "model": "admin.logentry"}, {"pk": 191, "fields": {"action_time": "2014-05-26T07:48:17.599Z", "content_type": 10, "user": 1, "change_message": "Added note \"C#\". Added note \"D\". Added note \"D#\". Added note \"E\". Added note \"F\". Added note \"F#\". Added note \"G\". Added note \"G#\". Added note \"A\". Added note \"Bb\". Added note \"B\". Added note \"C\".", "object_repr": "C# Minor", "action_flag": 2, "object_id": "14"}, "model": "admin.logentry"}, {"pk": 192, "fields": {"action_time": "2014-05-26T07:51:16.901Z", "content_type": 10, "user": 1, "change_message": "", "object_repr": "D Minor", "action_flag": 1, "object_id": "15"}, "model": "admin.logentry"}, {"pk": 193, "fields": {"action_time": "2014-05-26T07:53:17.999Z", "content_type": 10, "user": 1, "change_message": "Added note \"D\". Added note \"D#\". Added note \"E\". Added note \"F\". Added note \"F#\". Added note \"G\". Added note \"Ab\". Added note \"A\". Added note \"Bb\". Added note \"B\". Added note \"C\". Added note \"C#\".", "object_repr": "D Minor", "action_flag": 2, "object_id": "15"}, "model": "admin.logentry"}, {"pk": 194, "fields": {"action_time": "2014-05-30T14:58:01.460Z", "content_type": 13, "user": 1, "change_message": "", "object_repr": "Test", "action_flag": 3, "object_id": "9"}, "model": "admin.logentry"}, {"pk": 195, "fields": {"action_time": "2014-05-31T13:37:26.782Z", "content_type": 13, "user": 1, "change_message": "", "object_repr": "Test", "action_flag": 3, "object_id": "14"}, "model": "admin.logentry"}, {"pk": 196, "fields": {"action_time": "2014-05-31T13:37:31.426Z", "content_type": 13, "user": 1, "change_message": "", "object_repr": "Test", "action_flag": 3, "object_id": "13"}, "model": "admin.logentry"}, {"pk": 197, "fields": {"action_time": "2014-05-31T13:37:35.149Z", "content_type": 13, "user": 1, "change_message": "", "object_repr": "Test", "action_flag": 3, "object_id": "12"}, "model": "admin.logentry"}, {"pk": 198, "fields": {"action_time": "2014-05-31T13:37:39.056Z", "content_type": 13, "user": 1, "change_message": "", "object_repr": "Test", "action_flag": 3, "object_id": "11"}, "model": "admin.logentry"}, {"pk": 199, "fields": {"action_time": "2014-05-31T13:37:43.350Z", "content_type": 13, "user": 1, "change_message": "", "object_repr": "Test", "action_flag": 3, "object_id": "10"}, "model": "admin.logentry"}, {"pk": 200, "fields": {"action_time": "2014-05-31T13:40:46.480Z", "content_type": 13, "user": 1, "change_message": "Changed key.", "object_repr": "Test", "action_flag": 2, "object_id": "15"}, "model": "admin.logentry"}, {"pk": 201, "fields": {"action_time": "2014-06-01T11:35:07.978Z", "content_type": 13, "user": 1, "change_message": "", "object_repr": "Test", "action_flag": 3, "object_id": "15"}, "model": "admin.logentry"}, {"pk": 202, "fields": {"action_time": "2014-06-01T12:09:04.068Z", "content_type": 9, "user": 1, "change_message": "Changed name.", "object_repr": "Test 2 2", "action_flag": 2, "object_id": "10"}, "model": "admin.logentry"}, {"pk": 203, "fields": {"action_time": "2014-06-01T12:10:01.317Z", "content_type": 9, "user": 1, "change_message": "Changed name.", "object_repr": "Test 2", "action_flag": 2, "object_id": "10"}, "model": "admin.logentry"}, {"pk": 204, "fields": {"action_time": "2014-06-01T12:12:32.196Z", "content_type": 9, "user": 1, "change_message": "Changed name.", "object_repr": "Test 2 2", "action_flag": 2, "object_id": "10"}, "model": "admin.logentry"}, {"pk": 205, "fields": {"action_time": "2014-06-01T12:12:39.938Z", "content_type": 9, "user": 1, "change_message": "Changed name.", "object_repr": "Test 2", "action_flag": 2, "object_id": "10"}, "model": "admin.logentry"}, {"pk": 206, "fields": {"action_time": "2014-06-02T18:44:08.685Z", "content_type": 13, "user": 1, "change_message": "", "object_repr": "Test 2", "action_flag": 3, "object_id": "18"}, "model": "admin.logentry"}, {"pk": 207, "fields": {"action_time": "2014-06-02T18:44:21.831Z", "content_type": 13, "user": 1, "change_message": "", "object_repr": "Test 2", "action_flag": 3, "object_id": "17"}, "model": "admin.logentry"}, {"pk": 208, "fields": {"action_time": "2014-06-02T18:44:26.204Z", "content_type": 13, "user": 1, "change_message": "", "object_repr": "Test 2", "action_flag": 3, "object_id": "16"}, "model": "admin.logentry"}, {"pk": 209, "fields": {"action_time": "2014-06-03T06:59:39.271Z", "content_type": 13, "user": 1, "change_message": "", "object_repr": "jorz", "action_flag": 3, "object_id": "20"}, "model": "admin.logentry"}, {"pk": 210, "fields": {"action_time": "2014-06-04T15:36:38.064Z", "content_type": 10, "user": 1, "change_message": "Changed name for note \"E\u266d\". Changed name for note \"A\u266d\". Changed name for note \"B\u266d\".", "object_repr": "C Minor", "action_flag": 2, "object_id": "10"}, "model": "admin.logentry"}, {"pk": 211, "fields": {"action_time": "2014-06-04T15:36:54.153Z", "content_type": 10, "user": 1, "change_message": "Changed name for note \"E\u266d\". Changed name for note \"A\u266d\". Changed name for note \"B\u266d\".", "object_repr": "C Major", "action_flag": 2, "object_id": "1"}, "model": "admin.logentry"}, {"pk": 212, "fields": {"action_time": "2014-06-04T15:37:38.553Z", "content_type": 10, "user": 1, "change_message": "Changed name.", "object_repr": "E\u266d Major", "action_flag": 2, "object_id": "11"}, "model": "admin.logentry"}, {"pk": 213, "fields": {"action_time": "2014-06-04T15:53:45.319Z", "content_type": 10, "user": 1, "change_message": "Changed name for note \"B\u266d\".", "object_repr": "C# Minor", "action_flag": 2, "object_id": "14"}, "model": "admin.logentry"}, {"pk": 214, "fields": {"action_time": "2014-06-04T15:54:04.373Z", "content_type": 10, "user": 1, "change_message": "Changed name for note \"A\u266d\".", "object_repr": "D Minor", "action_flag": 2, "object_id": "15"}, "model": "admin.logentry"}, {"pk": 215, "fields": {"action_time": "2014-06-04T15:54:12.282Z", "content_type": 10, "user": 1, "change_message": "Changed name for note \"B\u266d\".", "object_repr": "D Minor", "action_flag": 2, "object_id": "15"}, "model": "admin.logentry"}, {"pk": 216, "fields": {"action_time": "2014-06-04T15:54:27.383Z", "content_type": 10, "user": 1, "change_message": "Changed name for note \"E\u266d\". Changed name for note \"A\u266d\". Changed name for note \"B\u266d\".", "object_repr": "D Major", "action_flag": 2, "object_id": "7"}, "model": "admin.logentry"}, {"pk": 217, "fields": {"action_time": "2014-06-04T15:54:59.331Z", "content_type": 10, "user": 1, "change_message": "Changed tone. Changed name for note \"E\u266d\". Changed name for note \"A\u266d\". Changed name for note \"B\u266d\".", "object_repr": "E\u266d Major", "action_flag": 2, "object_id": "11"}, "model": "admin.logentry"}, {"pk": 218, "fields": {"action_time": "2014-06-04T15:55:19.681Z", "content_type": 10, "user": 1, "change_message": "Changed name for note \"A\u266d\". Changed name for note \"B\u266d\". Changed name for note \"E\u266d\".", "object_repr": "E Major", "action_flag": 2, "object_id": "8"}, "model": "admin.logentry"}, {"pk": 219, "fields": {"action_time": "2014-06-04T15:55:35.815Z", "content_type": 10, "user": 1, "change_message": "Changed name for note \"A\u266d\". Changed name for note \"B\u266d\". Changed name for note \"E\u266d\".", "object_repr": "F Major", "action_flag": 2, "object_id": "2"}, "model": "admin.logentry"}, {"pk": 220, "fields": {"action_time": "2014-06-04T15:55:59.260Z", "content_type": 10, "user": 1, "change_message": "Changed name for note \"A\u266d\". Changed name for note \"B\u266d\". Changed name for note \"E\u266d\".", "object_repr": "G Major", "action_flag": 2, "object_id": "3"}, "model": "admin.logentry"}, {"pk": 221, "fields": {"action_time": "2014-06-04T15:56:49.108Z", "content_type": 10, "user": 1, "change_message": "Changed name and tone. Changed name for note \"A\u266d\". Changed name for note \"B\u266d\". Changed name for note \"D\u266d\". Changed name for note \"E\u266d\".", "object_repr": "A\u266d Major", "action_flag": 2, "object_id": "13"}, "model": "admin.logentry"}, {"pk": 222, "fields": {"action_time": "2014-06-04T15:57:03.145Z", "content_type": 10, "user": 1, "change_message": "Changed name for note \"B\u266d\". Changed name for note \"E\u266d\".", "object_repr": "A Major", "action_flag": 2, "object_id": "4"}, "model": "admin.logentry"}, {"pk": 223, "fields": {"action_time": "2014-06-04T15:57:28.031Z", "content_type": 10, "user": 1, "change_message": "Changed name and tone. Changed name for note \"B\u266d\". Changed name for note \"E\u266d\". Changed name for note \"A\u266d\".", "object_repr": "B\u266d Major", "action_flag": 2, "object_id": "6"}, "model": "admin.logentry"}, {"pk": 224, "fields": {"action_time": "2014-06-21T13:35:24.119Z", "content_type": 10, "user": 1, "change_message": "", "object_repr": "G Minor", "action_flag": 1, "object_id": "16"}, "model": "admin.logentry"}, {"pk": 225, "fields": {"action_time": "2014-06-21T13:38:03.205Z", "content_type": 10, "user": 1, "change_message": "Added note \"G\". Added note \"G#\". Added note \"A\". Added note \"B\u266d\". Added note \"B\". Added note \"C\". Added note \"C#\". Added note \"D\". Added note \"E\u266d\". Added note \"E\". Added note \"F\". Added note \"F#\".", "object_repr": "G Minor", "action_flag": 2, "object_id": "16"}, "model": "admin.logentry"}, {"pk": 226, "fields": {"action_time": "2014-06-21T13:54:35.198Z", "content_type": 13, "user": 1, "change_message": "Changed short_description and video_url.", "object_repr": "It Don't Mean a Thing (If It Ain't Got That Swing)", "action_flag": 2, "object_id": "39"}, "model": "admin.logentry"}, {"pk": 227, "fields": {"action_time": "2014-06-26T15:35:15.516Z", "content_type": 13, "user": 1, "change_message": "Changed key_distance_from_chart for section \"A Section\".", "object_repr": "J'attendrai", "action_flag": 2, "object_id": "1"}, "model": "admin.logentry"}, {"pk": 228, "fields": {"action_time": "2014-06-26T15:35:28.814Z", "content_type": 13, "user": 1, "change_message": "Changed key_distance_from_chart for section \"A Section\".", "object_repr": "J'attendrai", "action_flag": 2, "object_id": "1"}, "model": "admin.logentry"}, {"pk": 229, "fields": {"action_time": "2014-06-28T15:17:57.644Z", "content_type": 14, "user": 1, "change_message": "Changed key.", "object_repr": "Intro", "action_flag": 2, "object_id": "2"}, "model": "admin.logentry"}, {"pk": 230, "fields": {"action_time": "2014-06-28T15:18:04.223Z", "content_type": 14, "user": 1, "change_message": "Changed key.", "object_repr": "Intro", "action_flag": 2, "object_id": "2"}, "model": "admin.logentry"}, {"pk": 231, "fields": {"action_time": "2014-06-28T15:49:54.891Z", "content_type": 13, "user": 1, "change_message": "", "object_repr": "Testz", "action_flag": 3, "object_id": "47"}, "model": "admin.logentry"}, {"pk": 232, "fields": {"action_time": "2014-06-28T15:49:59.436Z", "content_type": 13, "user": 1, "change_message": "", "object_repr": "Testz", "action_flag": 3, "object_id": "46"}, "model": "admin.logentry"}, {"pk": 233, "fields": {"action_time": "2014-06-28T15:53:15.614Z", "content_type": 13, "user": 1, "change_message": "", "object_repr": "Testz", "action_flag": 3, "object_id": "48"}, "model": "admin.logentry"}, {"pk": 234, "fields": {"action_time": "2014-06-28T15:53:53.626Z", "content_type": 13, "user": 1, "change_message": "Deleted section \"B Section\".", "object_repr": "Testz", "action_flag": 2, "object_id": "49"}, "model": "admin.logentry"}, {"pk": 235, "fields": {"action_time": "2014-06-28T20:24:12.033Z", "content_type": 13, "user": 1, "change_message": "", "object_repr": "Testzz", "action_flag": 3, "object_id": "49"}, "model": "admin.logentry"}, {"pk": 236, "fields": {"action_time": "2014-06-28T20:27:03.878Z", "content_type": 13, "user": 1, "change_message": "", "object_repr": "Testzzorz", "action_flag": 3, "object_id": "50"}, "model": "admin.logentry"}, {"pk": 237, "fields": {"action_time": "2014-06-28T20:29:21.948Z", "content_type": 13, "user": 1, "change_message": "", "object_repr": "Test", "action_flag": 3, "object_id": "51"}, "model": "admin.logentry"}, {"pk": 238, "fields": {"action_time": "2014-06-30T07:25:15.596Z", "content_type": 13, "user": 1, "change_message": "", "object_repr": "Test", "action_flag": 3, "object_id": "63"}, "model": "admin.logentry"}, {"pk": 239, "fields": {"action_time": "2014-06-30T07:25:21.383Z", "content_type": 13, "user": 1, "change_message": "", "object_repr": "Test", "action_flag": 3, "object_id": "52"}, "model": "admin.logentry"}, {"pk": 240, "fields": {"action_time": "2014-06-30T07:25:27.042Z", "content_type": 13, "user": 1, "change_message": "", "object_repr": "Test", "action_flag": 3, "object_id": "54"}, "model": "admin.logentry"}, {"pk": 241, "fields": {"action_time": "2014-06-30T07:25:31.668Z", "content_type": 13, "user": 1, "change_message": "", "object_repr": "Test", "action_flag": 3, "object_id": "53"}, "model": "admin.logentry"}, {"pk": 242, "fields": {"action_time": "2014-06-30T07:25:37.316Z", "content_type": 13, "user": 1, "change_message": "", "object_repr": "Test", "action_flag": 3, "object_id": "57"}, "model": "admin.logentry"}, {"pk": 243, "fields": {"action_time": "2014-06-30T07:25:41.802Z", "content_type": 13, "user": 1, "change_message": "", "object_repr": "Test", "action_flag": 3, "object_id": "56"}, "model": "admin.logentry"}, {"pk": 244, "fields": {"action_time": "2014-06-30T07:25:46.583Z", "content_type": 13, "user": 1, "change_message": "", "object_repr": "Test", "action_flag": 3, "object_id": "59"}, "model": "admin.logentry"}, {"pk": 245, "fields": {"action_time": "2014-06-30T07:25:51.511Z", "content_type": 13, "user": 1, "change_message": "", "object_repr": "Test", "action_flag": 3, "object_id": "58"}, "model": "admin.logentry"}, {"pk": 246, "fields": {"action_time": "2014-06-30T07:25:58.044Z", "content_type": 13, "user": 1, "change_message": "", "object_repr": "Test", "action_flag": 3, "object_id": "55"}, "model": "admin.logentry"}, {"pk": 247, "fields": {"action_time": "2014-06-30T07:26:03.506Z", "content_type": 13, "user": 1, "change_message": "", "object_repr": "Test", "action_flag": 3, "object_id": "60"}, "model": "admin.logentry"}, {"pk": 248, "fields": {"action_time": "2014-06-30T07:26:09.142Z", "content_type": 13, "user": 1, "change_message": "", "object_repr": "Test", "action_flag": 3, "object_id": "61"}, "model": "admin.logentry"}, {"pk": 249, "fields": {"action_time": "2014-06-30T07:26:13.848Z", "content_type": 13, "user": 1, "change_message": "", "object_repr": "Test", "action_flag": 3, "object_id": "62"}, "model": "admin.logentry"}, {"pk": 250, "fields": {"action_time": "2014-06-30T13:42:54.538Z", "content_type": 13, "user": 1, "change_message": "", "object_repr": "Test", "action_flag": 3, "object_id": "64"}, "model": "admin.logentry"}]