[{"pk": 1, "model": "chordcharts.key", "fields": {"slug": "c-major", "tone": "C", "name": "C Major", "order": 1, "tonality": 1, "distance_from_c": 0}}, {"pk": 2, "model": "chordcharts.key", "fields": {"slug": "f-major", "tone": "F", "name": "F Major", "order": 4, "tonality": 1, "distance_from_c": 5}}, {"pk": 3, "model": "chordcharts.key", "fields": {"slug": "g-major", "tone": "G", "name": "G Major", "order": 5, "tonality": 1, "distance_from_c": 7}}, {"pk": 4, "model": "chordcharts.key", "fields": {"slug": "a-major", "tone": "A", "name": "A Major", "order": 6, "tonality": 1, "distance_from_c": 10}}, {"pk": 5, "model": "chordcharts.key", "fields": {"slug": "c-sharp-major", "tone": "C#", "name": "C# Major", "order": 8, "tonality": 1, "distance_from_c": 1}}, {"pk": 6, "model": "chordcharts.key", "fields": {"slug": "b-flat-major", "tone": "Bb", "name": "Bb Major", "order": 9, "tonality": 1, "distance_from_c": 10}}, {"pk": 7, "model": "chordcharts.key", "fields": {"slug": "d-major", "tone": "D", "name": "D Major", "order": 2, "tonality": 1, "distance_from_c": 2}}, {"pk": 8, "model": "chordcharts.key", "fields": {"slug": "e-major", "tone": "E", "name": "E Major", "order": 3, "tonality": 1, "distance_from_c": 4}}, {"pk": 9, "model": "chordcharts.key", "fields": {"slug": "b-major", "tone": "B", "name": "B Major", "order": 7, "tonality": 1, "distance_from_c": 11}}, {"pk": 2, "model": "chordcharts.note", "fields": {"distance_from_root": 0, "key_note": true, "name": "C", "key": 1}}, {"pk": 3, "model": "chordcharts.note", "fields": {"distance_from_root": 1, "key_note": false, "name": "C#", "key": 1}}, {"pk": 4, "model": "chordcharts.note", "fields": {"distance_from_root": 2, "key_note": true, "name": "D", "key": 1}}, {"pk": 5, "model": "chordcharts.note", "fields": {"distance_from_root": 3, "key_note": false, "name": "Eb", "key": 1}}, {"pk": 6, "model": "chordcharts.note", "fields": {"distance_from_root": 4, "key_note": true, "name": "E", "key": 1}}, {"pk": 7, "model": "chordcharts.note", "fields": {"distance_from_root": 5, "key_note": true, "name": "F", "key": 1}}, {"pk": 8, "model": "chordcharts.note", "fields": {"distance_from_root": 6, "key_note": false, "name": "F#", "key": 1}}, {"pk": 9, "model": "chordcharts.note", "fields": {"distance_from_root": 0, "key_note": true, "name": "F", "key": 2}}, {"pk": 10, "model": "chordcharts.note", "fields": {"distance_from_root": 1, "key_note": false, "name": "F#", "key": 2}}, {"pk": 11, "model": "chordcharts.note", "fields": {"distance_from_root": 2, "key_note": true, "name": "G", "key": 2}}, {"pk": 12, "model": "chordcharts.note", "fields": {"distance_from_root": 3, "key_note": false, "name": "Ab", "key": 2}}, {"pk": 13, "model": "chordcharts.note", "fields": {"distance_from_root": 4, "key_note": true, "name": "A", "key": 2}}, {"pk": 14, "model": "chordcharts.note", "fields": {"distance_from_root": 5, "key_note": true, "name": "Bb", "key": 2}}, {"pk": 15, "model": "chordcharts.note", "fields": {"distance_from_root": 6, "key_note": false, "name": "B", "key": 2}}, {"pk": 16, "model": "chordcharts.note", "fields": {"distance_from_root": 7, "key_note": true, "name": "G", "key": 1}}, {"pk": 17, "model": "chordcharts.note", "fields": {"distance_from_root": 8, "key_note": false, "name": "Ab", "key": 1}}, {"pk": 18, "model": "chordcharts.note", "fields": {"distance_from_root": 9, "key_note": true, "name": "A", "key": 1}}, {"pk": 19, "model": "chordcharts.note", "fields": {"distance_from_root": 10, "key_note": false, "name": "Bb", "key": 1}}, {"pk": 20, "model": "chordcharts.note", "fields": {"distance_from_root": 11, "key_note": true, "name": "B", "key": 1}}, {"pk": 21, "model": "chordcharts.note", "fields": {"distance_from_root": 7, "key_note": true, "name": "C", "key": 2}}, {"pk": 22, "model": "chordcharts.note", "fields": {"distance_from_root": 8, "key_note": false, "name": "C#", "key": 2}}, {"pk": 23, "model": "chordcharts.note", "fields": {"distance_from_root": 9, "key_note": true, "name": "D", "key": 2}}, {"pk": 24, "model": "chordcharts.note", "fields": {"distance_from_root": 10, "key_note": false, "name": "Eb", "key": 2}}, {"pk": 25, "model": "chordcharts.note", "fields": {"distance_from_root": 11, "key_note": true, "name": "E", "key": 2}}, {"pk": 26, "model": "chordcharts.note", "fields": {"distance_from_root": 0, "key_note": true, "name": "G", "key": 3}}, {"pk": 27, "model": "chordcharts.note", "fields": {"distance_from_root": 1, "key_note": false, "name": "Ab", "key": 3}}, {"pk": 28, "model": "chordcharts.note", "fields": {"distance_from_root": 2, "key_note": true, "name": "A", "key": 3}}, {"pk": 29, "model": "chordcharts.note", "fields": {"distance_from_root": 3, "key_note": false, "name": "Bb", "key": 3}}, {"pk": 30, "model": "chordcharts.note", "fields": {"distance_from_root": 4, "key_note": true, "name": "B", "key": 3}}, {"pk": 31, "model": "chordcharts.note", "fields": {"distance_from_root": 5, "key_note": true, "name": "C", "key": 3}}, {"pk": 32, "model": "chordcharts.note", "fields": {"distance_from_root": 6, "key_note": false, "name": "C#", "key": 3}}, {"pk": 33, "model": "chordcharts.note", "fields": {"distance_from_root": 7, "key_note": true, "name": "D", "key": 3}}, {"pk": 34, "model": "chordcharts.note", "fields": {"distance_from_root": 8, "key_note": false, "name": "Eb", "key": 3}}, {"pk": 35, "model": "chordcharts.note", "fields": {"distance_from_root": 9, "key_note": true, "name": "E", "key": 3}}, {"pk": 36, "model": "chordcharts.note", "fields": {"distance_from_root": 10, "key_note": false, "name": "F", "key": 3}}, {"pk": 37, "model": "chordcharts.note", "fields": {"distance_from_root": 11, "key_note": true, "name": "F#", "key": 3}}, {"pk": 38, "model": "chordcharts.note", "fields": {"distance_from_root": 0, "key_note": true, "name": "A", "key": 4}}, {"pk": 39, "model": "chordcharts.note", "fields": {"distance_from_root": 1, "key_note": false, "name": "Bb", "key": 4}}, {"pk": 40, "model": "chordcharts.note", "fields": {"distance_from_root": 2, "key_note": true, "name": "B", "key": 4}}, {"pk": 41, "model": "chordcharts.note", "fields": {"distance_from_root": 3, "key_note": false, "name": "C", "key": 4}}, {"pk": 42, "model": "chordcharts.note", "fields": {"distance_from_root": 4, "key_note": true, "name": "C#", "key": 4}}, {"pk": 43, "model": "chordcharts.note", "fields": {"distance_from_root": 5, "key_note": true, "name": "D", "key": 4}}, {"pk": 44, "model": "chordcharts.note", "fields": {"distance_from_root": 6, "key_note": false, "name": "Eb", "key": 4}}, {"pk": 45, "model": "chordcharts.note", "fields": {"distance_from_root": 7, "key_note": true, "name": "E", "key": 4}}, {"pk": 46, "model": "chordcharts.note", "fields": {"distance_from_root": 8, "key_note": false, "name": "F", "key": 4}}, {"pk": 47, "model": "chordcharts.note", "fields": {"distance_from_root": 9, "key_note": true, "name": "F#", "key": 4}}, {"pk": 48, "model": "chordcharts.note", "fields": {"distance_from_root": 10, "key_note": false, "name": "G", "key": 4}}, {"pk": 49, "model": "chordcharts.note", "fields": {"distance_from_root": 11, "key_note": true, "name": "G#", "key": 4}}, {"pk": 50, "model": "chordcharts.note", "fields": {"distance_from_root": 0, "key_note": true, "name": "C#", "key": 5}}, {"pk": 51, "model": "chordcharts.note", "fields": {"distance_from_root": 1, "key_note": false, "name": "D", "key": 5}}, {"pk": 52, "model": "chordcharts.note", "fields": {"distance_from_root": 2, "key_note": true, "name": "D#", "key": 5}}, {"pk": 53, "model": "chordcharts.note", "fields": {"distance_from_root": 3, "key_note": false, "name": "E", "key": 5}}, {"pk": 54, "model": "chordcharts.note", "fields": {"distance_from_root": 4, "key_note": true, "name": "E#", "key": 5}}, {"pk": 56, "model": "chordcharts.note", "fields": {"distance_from_root": 5, "key_note": true, "name": "F#", "key": 5}}, {"pk": 57, "model": "chordcharts.note", "fields": {"distance_from_root": 6, "key_note": false, "name": "G", "key": 5}}, {"pk": 58, "model": "chordcharts.note", "fields": {"distance_from_root": 7, "key_note": true, "name": "G#", "key": 5}}, {"pk": 59, "model": "chordcharts.note", "fields": {"distance_from_root": 8, "key_note": false, "name": "A", "key": 5}}, {"pk": 60, "model": "chordcharts.note", "fields": {"distance_from_root": 9, "key_note": true, "name": "A#", "key": 5}}, {"pk": 61, "model": "chordcharts.note", "fields": {"distance_from_root": 10, "key_note": false, "name": "B", "key": 5}}, {"pk": 62, "model": "chordcharts.note", "fields": {"distance_from_root": 11, "key_note": true, "name": "B#", "key": 5}}, {"pk": 63, "model": "chordcharts.note", "fields": {"distance_from_root": 0, "key_note": true, "name": "Bb", "key": 6}}, {"pk": 64, "model": "chordcharts.note", "fields": {"distance_from_root": 1, "key_note": false, "name": "B", "key": 6}}, {"pk": 65, "model": "chordcharts.note", "fields": {"distance_from_root": 2, "key_note": true, "name": "C", "key": 6}}, {"pk": 66, "model": "chordcharts.note", "fields": {"distance_from_root": 3, "key_note": false, "name": "C#", "key": 6}}, {"pk": 67, "model": "chordcharts.note", "fields": {"distance_from_root": 4, "key_note": true, "name": "D", "key": 6}}, {"pk": 68, "model": "chordcharts.note", "fields": {"distance_from_root": 5, "key_note": true, "name": "Eb", "key": 6}}, {"pk": 69, "model": "chordcharts.note", "fields": {"distance_from_root": 6, "key_note": false, "name": "E", "key": 6}}, {"pk": 70, "model": "chordcharts.note", "fields": {"distance_from_root": 7, "key_note": true, "name": "F", "key": 6}}, {"pk": 71, "model": "chordcharts.note", "fields": {"distance_from_root": 8, "key_note": false, "name": "F#", "key": 6}}, {"pk": 72, "model": "chordcharts.note", "fields": {"distance_from_root": 9, "key_note": true, "name": "G", "key": 6}}, {"pk": 73, "model": "chordcharts.note", "fields": {"distance_from_root": 10, "key_note": false, "name": "Ab", "key": 6}}, {"pk": 74, "model": "chordcharts.note", "fields": {"distance_from_root": 11, "key_note": true, "name": "A", "key": 6}}, {"pk": 75, "model": "chordcharts.note", "fields": {"distance_from_root": 0, "key_note": true, "name": "D", "key": 7}}, {"pk": 76, "model": "chordcharts.note", "fields": {"distance_from_root": 1, "key_note": false, "name": "Eb", "key": 7}}, {"pk": 77, "model": "chordcharts.note", "fields": {"distance_from_root": 2, "key_note": true, "name": "E", "key": 7}}, {"pk": 78, "model": "chordcharts.note", "fields": {"distance_from_root": 3, "key_note": false, "name": "F", "key": 7}}, {"pk": 79, "model": "chordcharts.note", "fields": {"distance_from_root": 4, "key_note": true, "name": "F#", "key": 7}}, {"pk": 80, "model": "chordcharts.note", "fields": {"distance_from_root": 5, "key_note": true, "name": "G", "key": 7}}, {"pk": 81, "model": "chordcharts.note", "fields": {"distance_from_root": 6, "key_note": false, "name": "Ab", "key": 7}}, {"pk": 82, "model": "chordcharts.note", "fields": {"distance_from_root": 7, "key_note": true, "name": "A", "key": 7}}, {"pk": 83, "model": "chordcharts.note", "fields": {"distance_from_root": 8, "key_note": false, "name": "Bb", "key": 7}}, {"pk": 84, "model": "chordcharts.note", "fields": {"distance_from_root": 9, "key_note": true, "name": "B", "key": 7}}, {"pk": 85, "model": "chordcharts.note", "fields": {"distance_from_root": 10, "key_note": false, "name": "C", "key": 7}}, {"pk": 86, "model": "chordcharts.note", "fields": {"distance_from_root": 11, "key_note": true, "name": "C#", "key": 7}}, {"pk": 1, "model": "chordcharts.chordtype", "fields": {"chord_output": "", "symbol": "M", "name": "Major", "order": 0}}, {"pk": 2, "model": "chordcharts.chordtype", "fields": {"chord_output": "m", "symbol": "m", "name": "Minor", "order": 1}}, {"pk": 3, "model": "chordcharts.chordtype", "fields": {"chord_output": "7", "symbol": "7", "name": "Seventh", "order": 2}}, {"pk": 4, "model": "chordcharts.chordtype", "fields": {"chord_output": "\u25b37", "symbol": "\u25b37", "name": "Major Seventh", "order": 3}}, {"pk": 5, "model": "chordcharts.chordtype", "fields": {"chord_output": "-7", "symbol": "-7", "name": "Minor Seventh", "order": 4}}, {"pk": 6, "model": "chordcharts.chordtype", "fields": {"chord_output": "6", "symbol": "6", "name": "Sixth", "order": 5}}, {"pk": 7, "model": "chordcharts.chordtype", "fields": {"chord_output": "-6", "symbol": "-6", "name": "Minor Sixth", "order": 7}}, {"pk": 8, "model": "chordcharts.chordtype", "fields": {"chord_output": "6/9", "symbol": "6/9", "name": "Six Ninth", "order": 8}}, {"pk": 9, "model": "chordcharts.chordtype", "fields": {"chord_output": "\u25b36", "symbol": "\u25b36", "name": "Major Sixth", "order": 6}}, {"pk": 10, "model": "chordcharts.chordtype", "fields": {"chord_output": "\u00b0 ", "symbol": "\u00b0 ", "name": "Diminished", "order": 10}}, {"pk": 11, "model": "chordcharts.chordtype", "fields": {"chord_output": "0\u0338 ", "symbol": "0\u0338 ", "name": "Half Diminished", "order": 11}}, {"pk": 12, "model": "chordcharts.chordtype", "fields": {"chord_output": "-\u25b3", "symbol": "-\u25b3", "name": "Minor Major", "order": 19}}, {"pk": 13, "model": "chordcharts.chordtype", "fields": {"chord_output": "7+5", "symbol": "7+5", "name": "Augmented Seventh", "order": 12}}, {"pk": 14, "model": "chordcharts.chordtype", "fields": {"chord_output": "7#9", "symbol": "7#9", "name": "Seventh with Sharpened Ninth", "order": 15}}, {"pk": 15, "model": "chordcharts.chordtype", "fields": {"chord_output": "7b9", "symbol": "7b9", "name": "Seventh with Flattened Ninth", "order": 16}}, {"pk": 16, "model": "chordcharts.chordtype", "fields": {"chord_output": "7#5", "symbol": "7#5", "name": "Dominant Seventh with Sharpened Fifth", "order": 13}}, {"pk": 17, "model": "chordcharts.chordtype", "fields": {"chord_output": "7b5", "symbol": "7b5", "name": "Dominant Seventh with Flattened Fifth", "order": 14}}, {"pk": 18, "model": "chordcharts.chordtype", "fields": {"chord_output": "7#9#5", "symbol": "7#9#5", "name": "Seventh with Sharpened Ninth and Sharpened Fifth", "order": 20}}, {"pk": 19, "model": "chordcharts.chordtype", "fields": {"chord_output": "7b9#5", "symbol": "7b9#5", "name": "Seventh with Flattened Ninth and Sharpened Fifth", "order": 21}}, {"pk": 20, "model": "chordcharts.chordtype", "fields": {"chord_output": "13", "symbol": "13", "name": "Thirteenth", "order": 18}}, {"pk": 21, "model": "chordcharts.chordtype", "fields": {"chord_output": "11", "symbol": "11", "name": "Eleventh", "order": 17}}, {"pk": 22, "model": "chordcharts.chordtype", "fields": {"chord_output": "9", "symbol": "9", "name": "Dominant Ninth", "order": 9}}, {"pk": 1, "model": "chordcharts.chart", "fields": {"key": 1, "song": 1}}, {"pk": 2, "model": "chordcharts.section", "fields": {"key_distance_from_chart": 0, "alt_title": "Intro", "chart": 1, "number": 1}}, {"pk": 3, "model": "chordcharts.section", "fields": {"key_distance_from_chart": 0, "alt_title": "", "chart": 1, "number": 2}}, {"pk": 1, "model": "chordcharts.line", "fields": {"section": 2, "number": 1}}, {"pk": 2, "model": "chordcharts.line", "fields": {"section": 3, "number": 1}}, {"pk": 3, "model": "chordcharts.line", "fields": {"section": 3, "number": 2}}, {"pk": 1, "model": "chordcharts.measure", "fields": {"line": 1, "number": 1, "beat_schema": "2-2"}}, {"pk": 2, "model": "chordcharts.measure", "fields": {"line": 1, "number": 2, "beat_schema": "2-2"}}, {"pk": 3, "model": "chordcharts.measure", "fields": {"line": 1, "number": 3, "beat_schema": "2-2"}}, {"pk": 4, "model": "chordcharts.measure", "fields": {"line": 1, "number": 4, "beat_schema": "2-2"}}, {"pk": 5, "model": "chordcharts.measure", "fields": {"line": 2, "number": 1, "beat_schema": "4"}}, {"pk": 7, "model": "chordcharts.measure", "fields": {"line": 2, "number": 2, "beat_schema": "4"}}, {"pk": 8, "model": "chordcharts.measure", "fields": {"line": 2, "number": 3, "beat_schema": "4"}}, {"pk": 9, "model": "chordcharts.measure", "fields": {"line": 2, "number": 4, "beat_schema": "4"}}, {"pk": 10, "model": "chordcharts.measure", "fields": {"line": 2, "number": 5, "beat_schema": "4"}}, {"pk": 11, "model": "chordcharts.measure", "fields": {"line": 2, "number": 6, "beat_schema": "2-1-1"}}, {"pk": 12, "model": "chordcharts.measure", "fields": {"line": 2, "number": 7, "beat_schema": "4"}}, {"pk": 13, "model": "chordcharts.measure", "fields": {"line": 2, "number": 8, "beat_schema": "4"}}, {"pk": 14, "model": "chordcharts.measure", "fields": {"line": 3, "number": 1, "beat_schema": "4"}}, {"pk": 15, "model": "chordcharts.measure", "fields": {"line": 3, "number": 2, "beat_schema": "4"}}, {"pk": 16, "model": "chordcharts.measure", "fields": {"line": 3, "number": 3, "beat_schema": "4"}}, {"pk": 17, "model": "chordcharts.measure", "fields": {"line": 3, "number": 4, "beat_schema": "4"}}, {"pk": 18, "model": "chordcharts.measure", "fields": {"line": 3, "number": 5, "beat_schema": "4"}}, {"pk": 19, "model": "chordcharts.measure", "fields": {"line": 3, "number": 6, "beat_schema": "4"}}, {"pk": 20, "model": "chordcharts.measure", "fields": {"line": 3, "number": 7, "beat_schema": "4"}}, {"pk": 21, "model": "chordcharts.measure", "fields": {"line": 3, "number": 8, "beat_schema": "4"}}, {"pk": 1, "model": "chordcharts.chord", "fields": {"order": 1, "beats": 2, "measure": 1, "chord_pitch": 0, "alt_bass_pitch": 0, "alt_bass": false, "chord_type": 8}}, {"pk": 2, "model": "chordcharts.chord", "fields": {"order": 2, "beats": 2, "measure": 1, "chord_pitch": 9, "alt_bass_pitch": 0, "alt_bass": false, "chord_type": 5}}, {"pk": 3, "model": "chordcharts.chord", "fields": {"order": 1, "beats": 2, "measure": 2, "chord_pitch": 5, "alt_bass_pitch": 0, "alt_bass": false, "chord_type": 1}}, {"pk": 4, "model": "chordcharts.chord", "fields": {"order": 2, "beats": 2, "measure": 2, "chord_pitch": 7, "alt_bass_pitch": 0, "alt_bass": false, "chord_type": 1}}, {"pk": 5, "model": "chordcharts.chord", "fields": {"order": 1, "beats": 2, "measure": 3, "chord_pitch": 0, "alt_bass_pitch": 0, "alt_bass": false, "chord_type": 8}}, {"pk": 6, "model": "chordcharts.chord", "fields": {"order": 2, "beats": 2, "measure": 3, "chord_pitch": 9, "alt_bass_pitch": 0, "alt_bass": false, "chord_type": 5}}, {"pk": 7, "model": "chordcharts.chord", "fields": {"order": 1, "beats": 2, "measure": 4, "chord_pitch": 5, "alt_bass_pitch": 0, "alt_bass": false, "chord_type": 4}}, {"pk": 8, "model": "chordcharts.chord", "fields": {"order": 2, "beats": 2, "measure": 4, "chord_pitch": 7, "alt_bass_pitch": 0, "alt_bass": false, "chord_type": 4}}, {"pk": 9, "model": "chordcharts.chord", "fields": {"order": 1, "beats": 4, "measure": 5, "chord_pitch": 0, "alt_bass_pitch": 0, "alt_bass": false, "chord_type": 8}}, {"pk": 10, "model": "chordcharts.chord", "fields": {"order": 1, "beats": 4, "measure": 7, "chord_pitch": 0, "alt_bass_pitch": 0, "alt_bass": false, "chord_type": 8}}, {"pk": 11, "model": "chordcharts.chord", "fields": {"order": 1, "beats": 4, "measure": 8, "chord_pitch": 0, "alt_bass_pitch": 0, "alt_bass": false, "chord_type": 8}}, {"pk": 12, "model": "chordcharts.chord", "fields": {"order": 1, "beats": 4, "measure": 9, "chord_pitch": 5, "alt_bass_pitch": 0, "alt_bass": false, "chord_type": 22}}, {"pk": 13, "model": "chordcharts.chord", "fields": {"order": 1, "beats": 4, "measure": 10, "chord_pitch": 0, "alt_bass_pitch": 0, "alt_bass": false, "chord_type": 4}}, {"pk": 14, "model": "chordcharts.chord", "fields": {"order": 1, "beats": 2, "measure": 11, "chord_pitch": 0, "alt_bass_pitch": 0, "alt_bass": false, "chord_type": 4}}, {"pk": 15, "model": "chordcharts.chord", "fields": {"order": 2, "beats": 1, "measure": 11, "chord_pitch": 0, "alt_bass_pitch": 4, "alt_bass": true, "chord_type": 1}}, {"pk": 16, "model": "chordcharts.chord", "fields": {"order": 3, "beats": 1, "measure": 11, "chord_pitch": 3, "alt_bass_pitch": 0, "alt_bass": false, "chord_type": 10}}, {"pk": 17, "model": "chordcharts.chord", "fields": {"order": 1, "beats": 4, "measure": 12, "chord_pitch": 2, "alt_bass_pitch": 0, "alt_bass": false, "chord_type": 5}}, {"pk": 18, "model": "chordcharts.chord", "fields": {"order": 1, "beats": 4, "measure": 13, "chord_pitch": 9, "alt_bass_pitch": 0, "alt_bass": false, "chord_type": 22}}, {"pk": 19, "model": "chordcharts.chord", "fields": {"order": 1, "beats": 4, "measure": 14, "chord_pitch": 2, "alt_bass_pitch": 0, "alt_bass": false, "chord_type": 2}}, {"pk": 20, "model": "chordcharts.chord", "fields": {"order": 1, "beats": 4, "measure": 15, "chord_pitch": 2, "alt_bass_pitch": 0, "alt_bass": false, "chord_type": 12}}, {"pk": 21, "model": "chordcharts.chord", "fields": {"order": 1, "beats": 4, "measure": 16, "chord_pitch": 2, "alt_bass_pitch": 0, "alt_bass": false, "chord_type": 5}}, {"pk": 22, "model": "chordcharts.chord", "fields": {"order": 1, "beats": 4, "measure": 17, "chord_pitch": 7, "alt_bass_pitch": 0, "alt_bass": false, "chord_type": 3}}, {"pk": 23, "model": "chordcharts.chord", "fields": {"order": 1, "beats": 4, "measure": 18, "chord_pitch": 2, "alt_bass_pitch": 0, "alt_bass": false, "chord_type": 2}}, {"pk": 24, "model": "chordcharts.chord", "fields": {"order": 1, "beats": 4, "measure": 19, "chord_pitch": 7, "alt_bass_pitch": 0, "alt_bass": false, "chord_type": 3}}, {"pk": 25, "model": "chordcharts.chord", "fields": {"order": 1, "beats": 4, "measure": 20, "chord_pitch": 0, "alt_bass_pitch": 0, "alt_bass": false, "chord_type": 8}}, {"pk": 26, "model": "chordcharts.chord", "fields": {"order": 1, "beats": 4, "measure": 21, "chord_pitch": 0, "alt_bass_pitch": 0, "alt_bass": false, "chord_type": 8}}, {"pk": 1, "model": "songs.song", "fields": {"name": "J'attendrai", "slug": "jattendrai"}}]