[{"pk": 1, "fields": {"name": "permission", "app_label": "auth", "model": "permission"}, "model": "contenttypes.contenttype"}, {"pk": 2, "fields": {"name": "group", "app_label": "auth", "model": "group"}, "model": "contenttypes.contenttype"}, {"pk": 3, "fields": {"name": "user", "app_label": "auth", "model": "user"}, "model": "contenttypes.contenttype"}, {"pk": 4, "fields": {"name": "content type", "app_label": "contenttypes", "model": "contenttype"}, "model": "contenttypes.contenttype"}, {"pk": 5, "fields": {"name": "session", "app_label": "sessions", "model": "session"}, "model": "contenttypes.contenttype"}, {"pk": 6, "fields": {"name": "site", "app_label": "sites", "model": "site"}, "model": "contenttypes.contenttype"}, {"pk": 7, "fields": {"name": "log entry", "app_label": "admin", "model": "logentry"}, "model": "contenttypes.contenttype"}, {"pk": 8, "fields": {"name": "migration history", "app_label": "south", "model": "migrationhistory"}, "model": "contenttypes.contenttype"}, {"pk": 9, "fields": {"name": "song", "app_label": "songs", "model": "song"}, "model": "contenttypes.contenttype"}, {"pk": 10, "fields": {"name": "key", "app_label": "chordcharts", "model": "key"}, "model": "contenttypes.contenttype"}, {"pk": 11, "fields": {"name": "note", "app_label": "chordcharts", "model": "note"}, "model": "contenttypes.contenttype"}, {"pk": 12, "fields": {"name": "chord type", "app_label": "chordcharts", "model": "chordtype"}, "model": "contenttypes.contenttype"}, {"pk": 13, "fields": {"name": "chart", "app_label": "chordcharts", "model": "chart"}, "model": "contenttypes.contenttype"}, {"pk": 14, "fields": {"name": "section", "app_label": "chordcharts", "model": "section"}, "model": "contenttypes.contenttype"}, {"pk": 15, "fields": {"name": "line", "app_label": "chordcharts", "model": "line"}, "model": "contenttypes.contenttype"}, {"pk": 16, "fields": {"name": "measure", "app_label": "chordcharts", "model": "measure"}, "model": "contenttypes.contenttype"}, {"pk": 17, "fields": {"name": "chord", "app_label": "chordcharts", "model": "chord"}, "model": "contenttypes.contenttype"}, {"pk": 18, "fields": {"name": "time signature", "app_label": "chordcharts", "model": "timesignature"}, "model": "contenttypes.contenttype"}, {"pk": 19, "fields": {"name": "subsection", "app_label": "chordcharts", "model": "subsection"}, "model": "contenttypes.contenttype"}, {"pk": "0199ptmg9aezj68ef88woc6p51rqmllo", "fields": {"session_data": "NDkxNmMzNjZjNDc5OTQzNTg0N2YyZWQxMjNiOGY5MWY2OGQ5N2EyYzp7fQ==", "expire_date": "2014-05-28T16:38:45.937Z"}, "model": "sessions.session"}, {"pk": "0w36w7jyuxrb5ey5q0ig9wz08ec2gp3o", "fields": {"session_data": "MTdiMjgxYjUyNDU2ZTEwMjU5ZTA4ZjBlOWJhMDIwNDZkMzNkYTRlMDp7Il9hdXRoX3VzZXJfaGFzaCI6ImI1MDgwZjU0ZmU5OTlhZWJiYjM3ZDE3Y2I3ZTQyNTVhOWUxMGQ3MmEiLCJfYXV0aF91c2VyX2JhY2tlbmQiOiJkamFuZ28uY29udHJpYi5hdXRoLmJhY2tlbmRzLk1vZGVsQmFja2VuZCIsIl9hdXRoX3VzZXJfaWQiOjF9", "expire_date": "2014-05-26T07:04:26.726Z"}, "model": "sessions.session"}, {"pk": "2dq9z6c555d0f2eppt6zyy44db90dz3a", "fields": {"session_data": "MTdiMjgxYjUyNDU2ZTEwMjU5ZTA4ZjBlOWJhMDIwNDZkMzNkYTRlMDp7Il9hdXRoX3VzZXJfaGFzaCI6ImI1MDgwZjU0ZmU5OTlhZWJiYjM3ZDE3Y2I3ZTQyNTVhOWUxMGQ3MmEiLCJfYXV0aF91c2VyX2JhY2tlbmQiOiJkamFuZ28uY29udHJpYi5hdXRoLmJhY2tlbmRzLk1vZGVsQmFja2VuZCIsIl9hdXRoX3VzZXJfaWQiOjF9", "expire_date": "2014-07-09T11:01:28.699Z"}, "model": "sessions.session"}, {"pk": "2qahwe4r36xh6eungqaj45jr04pq2hcb", "fields": {"session_data": "ZTY0NzE4M2ZmNmE2ZDUwZThhZjQ3NThjZGE2OGE4ZDNlYzQ2N2Q4MzqAAn1xAShVEl9hdXRoX3VzZXJfYmFja2VuZHECVSlkamFuZ28uY29udHJpYi5hdXRoLmJhY2tlbmRzLk1vZGVsQmFja2VuZHEDVQ1fYXV0aF91c2VyX2lkcQRLAXUu", "expire_date": "2013-08-23T14:38:22.068Z"}, "model": "sessions.session"}, {"pk": "3szln8yzvonx80tiaz9td9wepbya43xh", "fields": {"session_data": "N2MyZWUzMTAzM2E3OTIxY2JmNDA2M2M0NjdlZTJhOWUwZGM5MjhlODp7Il9hdXRoX3VzZXJfYmFja2VuZCI6ImRqYW5nby5jb250cmliLmF1dGguYmFja2VuZHMuTW9kZWxCYWNrZW5kIiwiX2F1dGhfdXNlcl9pZCI6MSwiX2F1dGhfdXNlcl9oYXNoIjoiYjUwODBmNTRmZTk5OWFlYmJiMzdkMTdjYjdlNDI1NWE5ZTEwZDcyYSJ9", "expire_date": "2014-05-21T16:17:37.351Z"}, "model": "sessions.session"}, {"pk": "5yjgy4mrm20q8yg59o5um63p1irjgvia", "fields": {"session_data": "MWFmMzU0MTQ3YWE5MzI3MDQ0ZjI3M2UxM2Q4MmJjYzQ2ZjBmZDllNzp7Il9hdXRoX3VzZXJfYmFja2VuZCI6ImRqYW5nby5jb250cmliLmF1dGguYmFja2VuZHMuTW9kZWxCYWNrZW5kIiwiX2F1dGhfdXNlcl9pZCI6MX0=", "expire_date": "2014-05-13T15:55:36.861Z"}, "model": "sessions.session"}, {"pk": "acjgm83a4ynins79szznf6if7adfe6pv", "fields": {"session_data": "MWFmMzU0MTQ3YWE5MzI3MDQ0ZjI3M2UxM2Q4MmJjYzQ2ZjBmZDllNzp7Il9hdXRoX3VzZXJfYmFja2VuZCI6ImRqYW5nby5jb250cmliLmF1dGguYmFja2VuZHMuTW9kZWxCYWNrZW5kIiwiX2F1dGhfdXNlcl9pZCI6MX0=", "expire_date": "2014-05-10T15:49:53.109Z"}, "model": "sessions.session"}, {"pk": "b19ajpudx1ogdsa41z3h8m6zd1dp2n83", "fields": {"session_data": "ZTY0NzE4M2ZmNmE2ZDUwZThhZjQ3NThjZGE2OGE4ZDNlYzQ2N2Q4MzqAAn1xAShVEl9hdXRoX3VzZXJfYmFja2VuZHECVSlkamFuZ28uY29udHJpYi5hdXRoLmJhY2tlbmRzLk1vZGVsQmFja2VuZHEDVQ1fYXV0aF91c2VyX2lkcQRLAXUu", "expire_date": "2014-04-21T15:54:22.972Z"}, "model": "sessions.session"}, {"pk": "ceube4ce376unypzt8j9hp3ynxhnq69n", "fields": {"session_data": "NDkxNmMzNjZjNDc5OTQzNTg0N2YyZWQxMjNiOGY5MWY2OGQ5N2EyYzp7fQ==", "expire_date": "2014-05-23T06:55:32.775Z"}, "model": "sessions.session"}, {"pk": "g58jz0vat75lrucs54cjmj9e27cyg16c", "fields": {"session_data": "ZTY0NzE4M2ZmNmE2ZDUwZThhZjQ3NThjZGE2OGE4ZDNlYzQ2N2Q4MzqAAn1xAShVEl9hdXRoX3VzZXJfYmFja2VuZHECVSlkamFuZ28uY29udHJpYi5hdXRoLmJhY2tlbmRzLk1vZGVsQmFja2VuZHEDVQ1fYXV0aF91c2VyX2lkcQRLAXUu", "expire_date": "2013-08-23T06:50:29.681Z"}, "model": "sessions.session"}, {"pk": "h5xikcuft46q5k6bnl0t9d43ndf0deh5", "fields": {"session_data": "NDkxNmMzNjZjNDc5OTQzNTg0N2YyZWQxMjNiOGY5MWY2OGQ5N2EyYzp7fQ==", "expire_date": "2014-05-21T07:44:55.185Z"}, "model": "sessions.session"}, {"pk": "msi0nhbjlsa68jkcw6ocxf5739hb1prx", "fields": {"session_data": "ZTY0NzE4M2ZmNmE2ZDUwZThhZjQ3NThjZGE2OGE4ZDNlYzQ2N2Q4MzqAAn1xAShVEl9hdXRoX3VzZXJfYmFja2VuZHECVSlkamFuZ28uY29udHJpYi5hdXRoLmJhY2tlbmRzLk1vZGVsQmFja2VuZHEDVQ1fYXV0aF91c2VyX2lkcQRLAXUu", "expire_date": "2013-09-01T19:17:28.626Z"}, "model": "sessions.session"}, {"pk": "pfv5akrhscttogb3cy48o9hvck6gww9h", "fields": {"session_data": "Y2YyMWQ5OWVjOTc3NzRlMjM3MDI3ZmFlYjAwNTIxMmI2NGNhMWE3NDp7Il9hdXRoX3VzZXJfaWQiOjEsIl9hdXRoX3VzZXJfaGFzaCI6ImI1MDgwZjU0ZmU5OTlhZWJiYjM3ZDE3Y2I3ZTQyNTVhOWUxMGQ3MmEiLCJfYXV0aF91c2VyX2JhY2tlbmQiOiJkamFuZ28uY29udHJpYi5hdXRoLmJhY2tlbmRzLk1vZGVsQmFja2VuZCJ9", "expire_date": "2014-06-09T16:16:24.944Z"}, "model": "sessions.session"}, {"pk": "pvgo2aqn02uwjt5nuu8godnn7cw7ipfn", "fields": {"session_data": "ZDVhM2NhZjJkOWFkOGU3YzkxNDhmMzc2ZmRhNzk2YmNmZWUxZmZjNDp7Il9hdXRoX3VzZXJfaWQiOjEsIl9hdXRoX3VzZXJfYmFja2VuZCI6ImRqYW5nby5jb250cmliLmF1dGguYmFja2VuZHMuTW9kZWxCYWNrZW5kIiwiX2F1dGhfdXNlcl9oYXNoIjoiYjUwODBmNTRmZTk5OWFlYmJiMzdkMTdjYjdlNDI1NWE5ZTEwZDcyYSJ9", "expire_date": "2014-07-03T14:21:36.997Z"}, "model": "sessions.session"}, {"pk": "wcskd4uzklh9fz586u2h9at53ldrz62h", "fields": {"session_data": "MWI3ZjQ1N2U3MjYzYjE4YTZlMjg0NGJkMjdiYzM0MWVmMmQ4NzE2Yjp7Il9hdXRoX3VzZXJfaGFzaCI6ImI1MDgwZjU0ZmU5OTlhZWJiYjM3ZDE3Y2I3ZTQyNTVhOWUxMGQ3MmEiLCJfYXV0aF91c2VyX2lkIjoxLCJfYXV0aF91c2VyX2JhY2tlbmQiOiJkamFuZ28uY29udHJpYi5hdXRoLmJhY2tlbmRzLk1vZGVsQmFja2VuZCJ9", "expire_date": "2014-06-16T18:43:45.830Z"}, "model": "sessions.session"}, {"pk": "zk862aha401kl878cca7x528dd81r8sg", "fields": {"session_data": "Y2YyMWQ5OWVjOTc3NzRlMjM3MDI3ZmFlYjAwNTIxMmI2NGNhMWE3NDp7Il9hdXRoX3VzZXJfaWQiOjEsIl9hdXRoX3VzZXJfaGFzaCI6ImI1MDgwZjU0ZmU5OTlhZWJiYjM3ZDE3Y2I3ZTQyNTVhOWUxMGQ3MmEiLCJfYXV0aF91c2VyX2JhY2tlbmQiOiJkamFuZ28uY29udHJpYi5hdXRoLmJhY2tlbmRzLk1vZGVsQmFja2VuZCJ9", "expire_date": "2014-05-31T11:49:32.141Z"}, "model": "sessions.session"}, {"pk": "zp3ogh0dt2rv3bhm1jr2d1gx53v4z8j9", "fields": {"session_data": "ZTY0NzE4M2ZmNmE2ZDUwZThhZjQ3NThjZGE2OGE4ZDNlYzQ2N2Q4MzqAAn1xAShVEl9hdXRoX3VzZXJfYmFja2VuZHECVSlkamFuZ28uY29udHJpYi5hdXRoLmJhY2tlbmRzLk1vZGVsQmFja2VuZHEDVQ1fYXV0aF91c2VyX2lkcQRLAXUu", "expire_date": "2014-04-29T21:22:10.982Z"}, "model": "sessions.session"}, {"pk": 1, "fields": {"name": "example.com", "domain": "example.com"}, "model": "sites.site"}, {"pk": 3, "fields": {"name": "I'll Be Seeing You", "slug": "ill-be-seeing-you"}, "model": "songs.song"}, {"pk": 4, "fields": {"name": "I Love Paris", "slug": "i-love-paris"}, "model": "songs.song"}, {"pk": 5, "fields": {"name": "All By Myself", "slug": "all-by-myself"}, "model": "songs.song"}, {"pk": 6, "fields": {"name": "I've Got My Love To Keep Me Warm", "slug": "ive-got-my-love-keep-me-warm"}, "model": "songs.song"}, {"pk": 7, "fields": {"name": "My Girl's Pussy", "slug": "my-girls-pussy"}, "model": "songs.song"}, {"pk": 8, "fields": {"name": "Who Loves You", "slug": "who-loves-you"}, "model": "songs.song"}, {"pk": 11, "fields": {"name": "Aina Kaulana", "slug": "aina-kaulana"}, "model": "songs.song"}, {"pk": 24, "fields": {"name": "Singin' in the Bathtub", "slug": "singin-in-the-bathtub"}, "model": "songs.song"}, {"pk": 35, "fields": {"name": "J'attendrai", "slug": "jattendrai"}, "model": "songs.song"}, {"pk": 36, "fields": {"name": "It Don't Mean a Thing (If It Ain't Got That Swing)", "slug": "it-dont-mean-a-thing-if-it-aint-got-that-swing"}, "model": "songs.song"}, {"pk": 38, "fields": {"name": "I'll See You In My Dreams", "slug": "ill-see-you-in-my-dreams"}, "model": "songs.song"}, {"pk": 40, "fields": {"name": "test zorz", "slug": "test-zorz"}, "model": "songs.song"}, {"pk": 41, "fields": {"name": "Testrr", "slug": "testrr"}, "model": "songs.song"}, {"pk": 44, "fields": {"name": "Test", "slug": "test"}, "model": "songs.song"}, {"pk": 46, "fields": {"name": "On the Beach at Waikiki", "slug": "on-the-beach-at-waikiki"}, "model": "songs.song"}, {"pk": 51, "fields": {"name": "Testzzorz", "slug": "testzzorz"}, "model": "songs.song"}, {"pk": 1, "fields": {"name": "C Major", "distance_from_c": 0, "tonic": "C", "slug": "c-major", "tonality": 1, "order": 1}, "model": "chordcharts.key"}, {"pk": 2, "fields": {"name": "F Major", "distance_from_c": 5, "tonic": "F", "slug": "f-major", "tonality": 1, "order": 6}, "model": "chordcharts.key"}, {"pk": 3, "fields": {"name": "G Major", "distance_from_c": 7, "tonic": "G", "slug": "g-major", "tonality": 1, "order": 8}, "model": "chordcharts.key"}, {"pk": 4, "fields": {"name": "A Major", "distance_from_c": 9, "tonic": "A", "slug": "a-major", "tonality": 1, "order": 10}, "model": "chordcharts.key"}, {"pk": 5, "fields": {"name": "C# Major", "distance_from_c": 1, "tonic": "C#", "slug": "c-sharp-major", "tonality": 1, "order": 2}, "model": "chordcharts.key"}, {"pk": 6, "fields": {"name": "B\u266d Major", "distance_from_c": 10, "tonic": "B\u266d", "slug": "b-flat-major", "tonality": 1, "order": 11}, "model": "chordcharts.key"}, {"pk": 7, "fields": {"name": "D Major", "distance_from_c": 2, "tonic": "D", "slug": "d-major", "tonality": 1, "order": 3}, "model": "chordcharts.key"}, {"pk": 8, "fields": {"name": "E Major", "distance_from_c": 4, "tonic": "E", "slug": "e-major", "tonality": 1, "order": 5}, "model": "chordcharts.key"}, {"pk": 9, "fields": {"name": "B Major", "distance_from_c": 11, "tonic": "B", "slug": "b-major", "tonality": 1, "order": 12}, "model": "chordcharts.key"}, {"pk": 10, "fields": {"name": "C Minor", "distance_from_c": 0, "tonic": "C", "slug": "c-minor", "tonality": 2, "order": 1}, "model": "chordcharts.key"}, {"pk": 11, "fields": {"name": "E\u266d Major", "distance_from_c": 3, "tonic": "E\u266d", "slug": "e-flat-major", "tonality": 1, "order": 4}, "model": "chordcharts.key"}, {"pk": 12, "fields": {"name": "F# Major", "distance_from_c": 6, "tonic": "F#", "slug": "f-sharp-major", "tonality": 1, "order": 7}, "model": "chordcharts.key"}, {"pk": 13, "fields": {"name": "A\u266d Major", "distance_from_c": 8, "tonic": "A\u266d", "slug": "a-flat-major", "tonality": 1, "order": 9}, "model": "chordcharts.key"}, {"pk": 14, "fields": {"name": "C# Minor", "distance_from_c": 1, "tonic": "C#", "slug": "c-sharp-minor", "tonality": 2, "order": 2}, "model": "chordcharts.key"}, {"pk": 15, "fields": {"name": "D Minor", "distance_from_c": 2, "tonic": "D", "slug": "d-minor", "tonality": 2, "order": 3}, "model": "chordcharts.key"}, {"pk": 16, "fields": {"name": "G Minor", "distance_from_c": 7, "tonic": "G", "slug": "g-minor", "tonality": 2, "order": 8}, "model": "chordcharts.key"}, {"pk": 2, "fields": {"name": "C", "key_note": true, "key": 1, "distance_from_root": 0}, "model": "chordcharts.note"}, {"pk": 3, "fields": {"name": "C#", "key_note": false, "key": 1, "distance_from_root": 1}, "model": "chordcharts.note"}, {"pk": 4, "fields": {"name": "D", "key_note": true, "key": 1, "distance_from_root": 2}, "model": "chordcharts.note"}, {"pk": 5, "fields": {"name": "E\u266d", "key_note": false, "key": 1, "distance_from_root": 3}, "model": "chordcharts.note"}, {"pk": 6, "fields": {"name": "E", "key_note": true, "key": 1, "distance_from_root": 4}, "model": "chordcharts.note"}, {"pk": 7, "fields": {"name": "F", "key_note": true, "key": 1, "distance_from_root": 5}, "model": "chordcharts.note"}, {"pk": 8, "fields": {"name": "F#", "key_note": false, "key": 1, "distance_from_root": 6}, "model": "chordcharts.note"}, {"pk": 9, "fields": {"name": "F", "key_note": true, "key": 2, "distance_from_root": 0}, "model": "chordcharts.note"}, {"pk": 10, "fields": {"name": "F#", "key_note": false, "key": 2, "distance_from_root": 1}, "model": "chordcharts.note"}, {"pk": 11, "fields": {"name": "G", "key_note": true, "key": 2, "distance_from_root": 2}, "model": "chordcharts.note"}, {"pk": 12, "fields": {"name": "A\u266d", "key_note": false, "key": 2, "distance_from_root": 3}, "model": "chordcharts.note"}, {"pk": 13, "fields": {"name": "A", "key_note": true, "key": 2, "distance_from_root": 4}, "model": "chordcharts.note"}, {"pk": 14, "fields": {"name": "B\u266d", "key_note": true, "key": 2, "distance_from_root": 5}, "model": "chordcharts.note"}, {"pk": 15, "fields": {"name": "B", "key_note": false, "key": 2, "distance_from_root": 6}, "model": "chordcharts.note"}, {"pk": 16, "fields": {"name": "G", "key_note": true, "key": 1, "distance_from_root": 7}, "model": "chordcharts.note"}, {"pk": 17, "fields": {"name": "A\u266d", "key_note": false, "key": 1, "distance_from_root": 8}, "model": "chordcharts.note"}, {"pk": 18, "fields": {"name": "A", "key_note": true, "key": 1, "distance_from_root": 9}, "model": "chordcharts.note"}, {"pk": 19, "fields": {"name": "B\u266d", "key_note": false, "key": 1, "distance_from_root": 10}, "model": "chordcharts.note"}, {"pk": 20, "fields": {"name": "B", "key_note": true, "key": 1, "distance_from_root": 11}, "model": "chordcharts.note"}, {"pk": 21, "fields": {"name": "C", "key_note": true, "key": 2, "distance_from_root": 7}, "model": "chordcharts.note"}, {"pk": 22, "fields": {"name": "C#", "key_note": false, "key": 2, "distance_from_root": 8}, "model": "chordcharts.note"}, {"pk": 23, "fields": {"name": "D", "key_note": true, "key": 2, "distance_from_root": 9}, "model": "chordcharts.note"}, {"pk": 24, "fields": {"name": "E\u266d", "key_note": false, "key": 2, "distance_from_root": 10}, "model": "chordcharts.note"}, {"pk": 25, "fields": {"name": "E", "key_note": true, "key": 2, "distance_from_root": 11}, "model": "chordcharts.note"}, {"pk": 26, "fields": {"name": "G", "key_note": true, "key": 3, "distance_from_root": 0}, "model": "chordcharts.note"}, {"pk": 27, "fields": {"name": "A\u266d", "key_note": false, "key": 3, "distance_from_root": 1}, "model": "chordcharts.note"}, {"pk": 28, "fields": {"name": "A", "key_note": true, "key": 3, "distance_from_root": 2}, "model": "chordcharts.note"}, {"pk": 29, "fields": {"name": "B\u266d", "key_note": false, "key": 3, "distance_from_root": 3}, "model": "chordcharts.note"}, {"pk": 30, "fields": {"name": "B", "key_note": true, "key": 3, "distance_from_root": 4}, "model": "chordcharts.note"}, {"pk": 31, "fields": {"name": "C", "key_note": true, "key": 3, "distance_from_root": 5}, "model": "chordcharts.note"}, {"pk": 32, "fields": {"name": "C#", "key_note": false, "key": 3, "distance_from_root": 6}, "model": "chordcharts.note"}, {"pk": 33, "fields": {"name": "D", "key_note": true, "key": 3, "distance_from_root": 7}, "model": "chordcharts.note"}, {"pk": 34, "fields": {"name": "E\u266d", "key_note": false, "key": 3, "distance_from_root": 8}, "model": "chordcharts.note"}, {"pk": 35, "fields": {"name": "E", "key_note": true, "key": 3, "distance_from_root": 9}, "model": "chordcharts.note"}, {"pk": 36, "fields": {"name": "F", "key_note": false, "key": 3, "distance_from_root": 10}, "model": "chordcharts.note"}, {"pk": 37, "fields": {"name": "F#", "key_note": true, "key": 3, "distance_from_root": 11}, "model": "chordcharts.note"}, {"pk": 38, "fields": {"name": "A", "key_note": true, "key": 4, "distance_from_root": 0}, "model": "chordcharts.note"}, {"pk": 39, "fields": {"name": "B\u266d", "key_note": false, "key": 4, "distance_from_root": 1}, "model": "chordcharts.note"}, {"pk": 40, "fields": {"name": "B", "key_note": true, "key": 4, "distance_from_root": 2}, "model": "chordcharts.note"}, {"pk": 41, "fields": {"name": "C", "key_note": false, "key": 4, "distance_from_root": 3}, "model": "chordcharts.note"}, {"pk": 42, "fields": {"name": "C#", "key_note": true, "key": 4, "distance_from_root": 4}, "model": "chordcharts.note"}, {"pk": 43, "fields": {"name": "D", "key_note": true, "key": 4, "distance_from_root": 5}, "model": "chordcharts.note"}, {"pk": 44, "fields": {"name": "E\u266d", "key_note": false, "key": 4, "distance_from_root": 6}, "model": "chordcharts.note"}, {"pk": 45, "fields": {"name": "E", "key_note": true, "key": 4, "distance_from_root": 7}, "model": "chordcharts.note"}, {"pk": 46, "fields": {"name": "F", "key_note": false, "key": 4, "distance_from_root": 8}, "model": "chordcharts.note"}, {"pk": 47, "fields": {"name": "F#", "key_note": true, "key": 4, "distance_from_root": 9}, "model": "chordcharts.note"}, {"pk": 48, "fields": {"name": "G", "key_note": false, "key": 4, "distance_from_root": 10}, "model": "chordcharts.note"}, {"pk": 49, "fields": {"name": "G#", "key_note": true, "key": 4, "distance_from_root": 11}, "model": "chordcharts.note"}, {"pk": 50, "fields": {"name": "C#", "key_note": true, "key": 5, "distance_from_root": 0}, "model": "chordcharts.note"}, {"pk": 51, "fields": {"name": "D", "key_note": false, "key": 5, "distance_from_root": 1}, "model": "chordcharts.note"}, {"pk": 52, "fields": {"name": "D#", "key_note": true, "key": 5, "distance_from_root": 2}, "model": "chordcharts.note"}, {"pk": 53, "fields": {"name": "E", "key_note": false, "key": 5, "distance_from_root": 3}, "model": "chordcharts.note"}, {"pk": 54, "fields": {"name": "E#", "key_note": true, "key": 5, "distance_from_root": 4}, "model": "chordcharts.note"}, {"pk": 56, "fields": {"name": "F#", "key_note": true, "key": 5, "distance_from_root": 5}, "model": "chordcharts.note"}, {"pk": 57, "fields": {"name": "G", "key_note": false, "key": 5, "distance_from_root": 6}, "model": "chordcharts.note"}, {"pk": 58, "fields": {"name": "G#", "key_note": true, "key": 5, "distance_from_root": 7}, "model": "chordcharts.note"}, {"pk": 59, "fields": {"name": "A", "key_note": false, "key": 5, "distance_from_root": 8}, "model": "chordcharts.note"}, {"pk": 60, "fields": {"name": "A#", "key_note": true, "key": 5, "distance_from_root": 9}, "model": "chordcharts.note"}, {"pk": 61, "fields": {"name": "B", "key_note": false, "key": 5, "distance_from_root": 10}, "model": "chordcharts.note"}, {"pk": 62, "fields": {"name": "B#", "key_note": true, "key": 5, "distance_from_root": 11}, "model": "chordcharts.note"}, {"pk": 63, "fields": {"name": "B\u266d", "key_note": true, "key": 6, "distance_from_root": 0}, "model": "chordcharts.note"}, {"pk": 64, "fields": {"name": "B", "key_note": false, "key": 6, "distance_from_root": 1}, "model": "chordcharts.note"}, {"pk": 65, "fields": {"name": "C", "key_note": true, "key": 6, "distance_from_root": 2}, "model": "chordcharts.note"}, {"pk": 66, "fields": {"name": "C#", "key_note": false, "key": 6, "distance_from_root": 3}, "model": "chordcharts.note"}, {"pk": 67, "fields": {"name": "D", "key_note": true, "key": 6, "distance_from_root": 4}, "model": "chordcharts.note"}, {"pk": 68, "fields": {"name": "E\u266d", "key_note": true, "key": 6, "distance_from_root": 5}, "model": "chordcharts.note"}, {"pk": 69, "fields": {"name": "E", "key_note": false, "key": 6, "distance_from_root": 6}, "model": "chordcharts.note"}, {"pk": 70, "fields": {"name": "F", "key_note": true, "key": 6, "distance_from_root": 7}, "model": "chordcharts.note"}, {"pk": 71, "fields": {"name": "F#", "key_note": false, "key": 6, "distance_from_root": 8}, "model": "chordcharts.note"}, {"pk": 72, "fields": {"name": "G", "key_note": true, "key": 6, "distance_from_root": 9}, "model": "chordcharts.note"}, {"pk": 73, "fields": {"name": "A\u266d", "key_note": false, "key": 6, "distance_from_root": 10}, "model": "chordcharts.note"}, {"pk": 74, "fields": {"name": "A", "key_note": true, "key": 6, "distance_from_root": 11}, "model": "chordcharts.note"}, {"pk": 75, "fields": {"name": "D", "key_note": true, "key": 7, "distance_from_root": 0}, "model": "chordcharts.note"}, {"pk": 76, "fields": {"name": "E\u266d", "key_note": false, "key": 7, "distance_from_root": 1}, "model": "chordcharts.note"}, {"pk": 77, "fields": {"name": "E", "key_note": true, "key": 7, "distance_from_root": 2}, "model": "chordcharts.note"}, {"pk": 78, "fields": {"name": "F", "key_note": false, "key": 7, "distance_from_root": 3}, "model": "chordcharts.note"}, {"pk": 79, "fields": {"name": "F#", "key_note": true, "key": 7, "distance_from_root": 4}, "model": "chordcharts.note"}, {"pk": 80, "fields": {"name": "G", "key_note": true, "key": 7, "distance_from_root": 5}, "model": "chordcharts.note"}, {"pk": 81, "fields": {"name": "A\u266d", "key_note": false, "key": 7, "distance_from_root": 6}, "model": "chordcharts.note"}, {"pk": 82, "fields": {"name": "A", "key_note": true, "key": 7, "distance_from_root": 7}, "model": "chordcharts.note"}, {"pk": 83, "fields": {"name": "B\u266d", "key_note": false, "key": 7, "distance_from_root": 8}, "model": "chordcharts.note"}, {"pk": 84, "fields": {"name": "B", "key_note": true, "key": 7, "distance_from_root": 9}, "model": "chordcharts.note"}, {"pk": 85, "fields": {"name": "C", "key_note": false, "key": 7, "distance_from_root": 10}, "model": "chordcharts.note"}, {"pk": 86, "fields": {"name": "C#", "key_note": true, "key": 7, "distance_from_root": 11}, "model": "chordcharts.note"}, {"pk": 87, "fields": {"name": "E", "key_note": true, "key": 8, "distance_from_root": 0}, "model": "chordcharts.note"}, {"pk": 88, "fields": {"name": "F", "key_note": false, "key": 8, "distance_from_root": 1}, "model": "chordcharts.note"}, {"pk": 89, "fields": {"name": "F#", "key_note": true, "key": 8, "distance_from_root": 2}, "model": "chordcharts.note"}, {"pk": 90, "fields": {"name": "G", "key_note": false, "key": 8, "distance_from_root": 3}, "model": "chordcharts.note"}, {"pk": 91, "fields": {"name": "A\u266d", "key_note": true, "key": 8, "distance_from_root": 4}, "model": "chordcharts.note"}, {"pk": 92, "fields": {"name": "A", "key_note": true, "key": 8, "distance_from_root": 5}, "model": "chordcharts.note"}, {"pk": 93, "fields": {"name": "B\u266d", "key_note": false, "key": 8, "distance_from_root": 6}, "model": "chordcharts.note"}, {"pk": 94, "fields": {"name": "B", "key_note": true, "key": 8, "distance_from_root": 7}, "model": "chordcharts.note"}, {"pk": 95, "fields": {"name": "C", "key_note": false, "key": 8, "distance_from_root": 8}, "model": "chordcharts.note"}, {"pk": 96, "fields": {"name": "C#", "key_note": true, "key": 8, "distance_from_root": 9}, "model": "chordcharts.note"}, {"pk": 97, "fields": {"name": "D", "key_note": true, "key": 8, "distance_from_root": 10}, "model": "chordcharts.note"}, {"pk": 98, "fields": {"name": "E\u266d", "key_note": true, "key": 8, "distance_from_root": 11}, "model": "chordcharts.note"}, {"pk": 99, "fields": {"name": "E\u266d", "key_note": true, "key": 11, "distance_from_root": 0}, "model": "chordcharts.note"}, {"pk": 100, "fields": {"name": "E", "key_note": false, "key": 11, "distance_from_root": 1}, "model": "chordcharts.note"}, {"pk": 101, "fields": {"name": "F", "key_note": true, "key": 11, "distance_from_root": 2}, "model": "chordcharts.note"}, {"pk": 102, "fields": {"name": "F#", "key_note": false, "key": 11, "distance_from_root": 3}, "model": "chordcharts.note"}, {"pk": 103, "fields": {"name": "G", "key_note": true, "key": 11, "distance_from_root": 4}, "model": "chordcharts.note"}, {"pk": 104, "fields": {"name": "A\u266d", "key_note": true, "key": 11, "distance_from_root": 5}, "model": "chordcharts.note"}, {"pk": 105, "fields": {"name": "A", "key_note": false, "key": 11, "distance_from_root": 6}, "model": "chordcharts.note"}, {"pk": 106, "fields": {"name": "B\u266d", "key_note": true, "key": 11, "distance_from_root": 7}, "model": "chordcharts.note"}, {"pk": 107, "fields": {"name": "B", "key_note": false, "key": 11, "distance_from_root": 8}, "model": "chordcharts.note"}, {"pk": 108, "fields": {"name": "C", "key_note": true, "key": 11, "distance_from_root": 9}, "model": "chordcharts.note"}, {"pk": 109, "fields": {"name": "C#", "key_note": false, "key": 11, "distance_from_root": 10}, "model": "chordcharts.note"}, {"pk": 110, "fields": {"name": "D", "key_note": true, "key": 11, "distance_from_root": 11}, "model": "chordcharts.note"}, {"pk": 111, "fields": {"name": "F#", "key_note": true, "key": 12, "distance_from_root": 0}, "model": "chordcharts.note"}, {"pk": 112, "fields": {"name": "G", "key_note": false, "key": 12, "distance_from_root": 1}, "model": "chordcharts.note"}, {"pk": 113, "fields": {"name": "G#", "key_note": true, "key": 12, "distance_from_root": 2}, "model": "chordcharts.note"}, {"pk": 114, "fields": {"name": "A", "key_note": false, "key": 12, "distance_from_root": 3}, "model": "chordcharts.note"}, {"pk": 115, "fields": {"name": "A#", "key_note": true, "key": 12, "distance_from_root": 4}, "model": "chordcharts.note"}, {"pk": 116, "fields": {"name": "B", "key_note": true, "key": 12, "distance_from_root": 5}, "model": "chordcharts.note"}, {"pk": 117, "fields": {"name": "C", "key_note": false, "key": 12, "distance_from_root": 6}, "model": "chordcharts.note"}, {"pk": 118, "fields": {"name": "C#", "key_note": true, "key": 12, "distance_from_root": 7}, "model": "chordcharts.note"}, {"pk": 119, "fields": {"name": "D", "key_note": false, "key": 12, "distance_from_root": 8}, "model": "chordcharts.note"}, {"pk": 120, "fields": {"name": "D#", "key_note": true, "key": 12, "distance_from_root": 9}, "model": "chordcharts.note"}, {"pk": 121, "fields": {"name": "E", "key_note": false, "key": 12, "distance_from_root": 10}, "model": "chordcharts.note"}, {"pk": 122, "fields": {"name": "E#", "key_note": true, "key": 12, "distance_from_root": 11}, "model": "chordcharts.note"}, {"pk": 123, "fields": {"name": "A\u266d", "key_note": true, "key": 13, "distance_from_root": 0}, "model": "chordcharts.note"}, {"pk": 124, "fields": {"name": "A", "key_note": false, "key": 13, "distance_from_root": 1}, "model": "chordcharts.note"}, {"pk": 125, "fields": {"name": "B\u266d", "key_note": true, "key": 13, "distance_from_root": 2}, "model": "chordcharts.note"}, {"pk": 126, "fields": {"name": "B", "key_note": false, "key": 13, "distance_from_root": 3}, "model": "chordcharts.note"}, {"pk": 127, "fields": {"name": "C", "key_note": true, "key": 13, "distance_from_root": 4}, "model": "chordcharts.note"}, {"pk": 128, "fields": {"name": "D\u266d", "key_note": true, "key": 13, "distance_from_root": 5}, "model": "chordcharts.note"}, {"pk": 129, "fields": {"name": "D", "key_note": false, "key": 13, "distance_from_root": 6}, "model": "chordcharts.note"}, {"pk": 130, "fields": {"name": "E\u266d", "key_note": true, "key": 13, "distance_from_root": 7}, "model": "chordcharts.note"}, {"pk": 131, "fields": {"name": "E", "key_note": false, "key": 13, "distance_from_root": 8}, "model": "chordcharts.note"}, {"pk": 132, "fields": {"name": "F", "key_note": true, "key": 13, "distance_from_root": 9}, "model": "chordcharts.note"}, {"pk": 133, "fields": {"name": "F#", "key_note": false, "key": 13, "distance_from_root": 10}, "model": "chordcharts.note"}, {"pk": 134, "fields": {"name": "G", "key_note": true, "key": 13, "distance_from_root": 11}, "model": "chordcharts.note"}, {"pk": 135, "fields": {"name": "B", "key_note": true, "key": 9, "distance_from_root": 0}, "model": "chordcharts.note"}, {"pk": 136, "fields": {"name": "C", "key_note": false, "key": 9, "distance_from_root": 1}, "model": "chordcharts.note"}, {"pk": 137, "fields": {"name": "C#", "key_note": true, "key": 9, "distance_from_root": 2}, "model": "chordcharts.note"}, {"pk": 138, "fields": {"name": "D", "key_note": false, "key": 9, "distance_from_root": 3}, "model": "chordcharts.note"}, {"pk": 139, "fields": {"name": "D#", "key_note": true, "key": 9, "distance_from_root": 4}, "model": "chordcharts.note"}, {"pk": 140, "fields": {"name": "E", "key_note": true, "key": 9, "distance_from_root": 5}, "model": "chordcharts.note"}, {"pk": 141, "fields": {"name": "F", "key_note": false, "key": 9, "distance_from_root": 6}, "model": "chordcharts.note"}, {"pk": 142, "fields": {"name": "F#", "key_note": true, "key": 9, "distance_from_root": 7}, "model": "chordcharts.note"}, {"pk": 143, "fields": {"name": "G", "key_note": false, "key": 9, "distance_from_root": 8}, "model": "chordcharts.note"}, {"pk": 144, "fields": {"name": "G#", "key_note": true, "key": 9, "distance_from_root": 9}, "model": "chordcharts.note"}, {"pk": 145, "fields": {"name": "A", "key_note": false, "key": 9, "distance_from_root": 10}, "model": "chordcharts.note"}, {"pk": 146, "fields": {"name": "A#", "key_note": true, "key": 9, "distance_from_root": 11}, "model": "chordcharts.note"}, {"pk": 147, "fields": {"name": "C", "key_note": true, "key": 10, "distance_from_root": 0}, "model": "chordcharts.note"}, {"pk": 148, "fields": {"name": "C#", "key_note": false, "key": 10, "distance_from_root": 1}, "model": "chordcharts.note"}, {"pk": 149, "fields": {"name": "D", "key_note": true, "key": 10, "distance_from_root": 2}, "model": "chordcharts.note"}, {"pk": 150, "fields": {"name": "E\u266d", "key_note": true, "key": 10, "distance_from_root": 3}, "model": "chordcharts.note"}, {"pk": 151, "fields": {"name": "E", "key_note": false, "key": 10, "distance_from_root": 4}, "model": "chordcharts.note"}, {"pk": 152, "fields": {"name": "F", "key_note": true, "key": 10, "distance_from_root": 5}, "model": "chordcharts.note"}, {"pk": 153, "fields": {"name": "F#", "key_note": false, "key": 10, "distance_from_root": 6}, "model": "chordcharts.note"}, {"pk": 154, "fields": {"name": "G", "key_note": true, "key": 10, "distance_from_root": 7}, "model": "chordcharts.note"}, {"pk": 155, "fields": {"name": "A\u266d", "key_note": true, "key": 10, "distance_from_root": 8}, "model": "chordcharts.note"}, {"pk": 156, "fields": {"name": "A", "key_note": false, "key": 10, "distance_from_root": 9}, "model": "chordcharts.note"}, {"pk": 157, "fields": {"name": "B\u266d", "key_note": true, "key": 10, "distance_from_root": 10}, "model": "chordcharts.note"}, {"pk": 158, "fields": {"name": "B", "key_note": false, "key": 10, "distance_from_root": 11}, "model": "chordcharts.note"}, {"pk": 159, "fields": {"name": "C#", "key_note": true, "key": 14, "distance_from_root": 0}, "model": "chordcharts.note"}, {"pk": 160, "fields": {"name": "D", "key_note": false, "key": 14, "distance_from_root": 1}, "model": "chordcharts.note"}, {"pk": 161, "fields": {"name": "D#", "key_note": true, "key": 14, "distance_from_root": 2}, "model": "chordcharts.note"}, {"pk": 162, "fields": {"name": "E", "key_note": true, "key": 14, "distance_from_root": 3}, "model": "chordcharts.note"}, {"pk": 163, "fields": {"name": "F", "key_note": false, "key": 14, "distance_from_root": 4}, "model": "chordcharts.note"}, {"pk": 164, "fields": {"name": "F#", "key_note": true, "key": 14, "distance_from_root": 5}, "model": "chordcharts.note"}, {"pk": 165, "fields": {"name": "G", "key_note": false, "key": 14, "distance_from_root": 6}, "model": "chordcharts.note"}, {"pk": 166, "fields": {"name": "G#", "key_note": true, "key": 14, "distance_from_root": 7}, "model": "chordcharts.note"}, {"pk": 167, "fields": {"name": "A", "key_note": true, "key": 14, "distance_from_root": 8}, "model": "chordcharts.note"}, {"pk": 168, "fields": {"name": "B\u266d", "key_note": false, "key": 14, "distance_from_root": 9}, "model": "chordcharts.note"}, {"pk": 169, "fields": {"name": "B", "key_note": true, "key": 14, "distance_from_root": 10}, "model": "chordcharts.note"}, {"pk": 170, "fields": {"name": "C", "key_note": false, "key": 14, "distance_from_root": 11}, "model": "chordcharts.note"}, {"pk": 171, "fields": {"name": "D", "key_note": true, "key": 15, "distance_from_root": 0}, "model": "chordcharts.note"}, {"pk": 172, "fields": {"name": "D#", "key_note": false, "key": 15, "distance_from_root": 1}, "model": "chordcharts.note"}, {"pk": 173, "fields": {"name": "E", "key_note": true, "key": 15, "distance_from_root": 2}, "model": "chordcharts.note"}, {"pk": 174, "fields": {"name": "F", "key_note": true, "key": 15, "distance_from_root": 3}, "model": "chordcharts.note"}, {"pk": 175, "fields": {"name": "F#", "key_note": false, "key": 15, "distance_from_root": 4}, "model": "chordcharts.note"}, {"pk": 176, "fields": {"name": "G", "key_note": true, "key": 15, "distance_from_root": 5}, "model": "chordcharts.note"}, {"pk": 177, "fields": {"name": "A\u266d", "key_note": false, "key": 15, "distance_from_root": 6}, "model": "chordcharts.note"}, {"pk": 178, "fields": {"name": "A", "key_note": true, "key": 15, "distance_from_root": 7}, "model": "chordcharts.note"}, {"pk": 179, "fields": {"name": "B\u266d", "key_note": true, "key": 15, "distance_from_root": 8}, "model": "chordcharts.note"}, {"pk": 180, "fields": {"name": "B", "key_note": false, "key": 15, "distance_from_root": 9}, "model": "chordcharts.note"}, {"pk": 181, "fields": {"name": "C", "key_note": true, "key": 15, "distance_from_root": 10}, "model": "chordcharts.note"}, {"pk": 182, "fields": {"name": "C#", "key_note": false, "key": 15, "distance_from_root": 11}, "model": "chordcharts.note"}, {"pk": 183, "fields": {"name": "G", "key_note": true, "key": 16, "distance_from_root": 0}, "model": "chordcharts.note"}, {"pk": 184, "fields": {"name": "G#", "key_note": false, "key": 16, "distance_from_root": 1}, "model": "chordcharts.note"}, {"pk": 185, "fields": {"name": "A", "key_note": true, "key": 16, "distance_from_root": 2}, "model": "chordcharts.note"}, {"pk": 186, "fields": {"name": "B\u266d", "key_note": true, "key": 16, "distance_from_root": 3}, "model": "chordcharts.note"}, {"pk": 187, "fields": {"name": "B", "key_note": false, "key": 16, "distance_from_root": 4}, "model": "chordcharts.note"}, {"pk": 188, "fields": {"name": "C", "key_note": true, "key": 16, "distance_from_root": 5}, "model": "chordcharts.note"}, {"pk": 189, "fields": {"name": "C#", "key_note": false, "key": 16, "distance_from_root": 6}, "model": "chordcharts.note"}, {"pk": 190, "fields": {"name": "D", "key_note": true, "key": 16, "distance_from_root": 7}, "model": "chordcharts.note"}, {"pk": 191, "fields": {"name": "E\u266d", "key_note": true, "key": 16, "distance_from_root": 8}, "model": "chordcharts.note"}, {"pk": 192, "fields": {"name": "E", "key_note": false, "key": 16, "distance_from_root": 9}, "model": "chordcharts.note"}, {"pk": 193, "fields": {"name": "F", "key_note": true, "key": 16, "distance_from_root": 10}, "model": "chordcharts.note"}, {"pk": 194, "fields": {"name": "F#", "key_note": false, "key": 16, "distance_from_root": 11}, "model": "chordcharts.note"}, {"pk": 1, "fields": {"name": "Major", "order": 0, "chord_output": "", "symbol": "M"}, "model": "chordcharts.chordtype"}, {"pk": 2, "fields": {"name": "Minor", "order": 1, "chord_output": "m", "symbol": "m"}, "model": "chordcharts.chordtype"}, {"pk": 3, "fields": {"name": "Seventh", "order": 2, "chord_output": "7", "symbol": "7"}, "model": "chordcharts.chordtype"}, {"pk": 4, "fields": {"name": "Major Seventh", "order": 3, "chord_output": "\u25b37", "symbol": "\u25b37"}, "model": "chordcharts.chordtype"}, {"pk": 5, "fields": {"name": "Minor Seventh", "order": 4, "chord_output": "-7", "symbol": "-7"}, "model": "chordcharts.chordtype"}, {"pk": 6, "fields": {"name": "Sixth", "order": 5, "chord_output": "6", "symbol": "6"}, "model": "chordcharts.chordtype"}, {"pk": 7, "fields": {"name": "Minor Sixth", "order": 7, "chord_output": "-6", "symbol": "-6"}, "model": "chordcharts.chordtype"}, {"pk": 8, "fields": {"name": "Six Ninth", "order": 8, "chord_output": "6/9", "symbol": "6/9"}, "model": "chordcharts.chordtype"}, {"pk": 9, "fields": {"name": "Major Sixth", "order": 6, "chord_output": "\u25b36", "symbol": "\u25b36"}, "model": "chordcharts.chordtype"}, {"pk": 10, "fields": {"name": "Diminished", "order": 11, "chord_output": "\u00b0", "symbol": "\u00b0"}, "model": "chordcharts.chordtype"}, {"pk": 11, "fields": {"name": "Half Diminished", "order": 13, "chord_output": "0\u0338 ", "symbol": "0\u0338 "}, "model": "chordcharts.chordtype"}, {"pk": 12, "fields": {"name": "Minor Major", "order": 20, "chord_output": "-\u25b3", "symbol": "-\u25b3"}, "model": "chordcharts.chordtype"}, {"pk": 13, "fields": {"name": "Augmented Seventh", "order": 12, "chord_output": "7+5", "symbol": "7+5"}, "model": "chordcharts.chordtype"}, {"pk": 14, "fields": {"name": "Seventh with Sharpened Ninth", "order": 16, "chord_output": "7#9", "symbol": "7#9"}, "model": "chordcharts.chordtype"}, {"pk": 15, "fields": {"name": "Seventh with Flattened Ninth", "order": 17, "chord_output": "7b9", "symbol": "7b9"}, "model": "chordcharts.chordtype"}, {"pk": 16, "fields": {"name": "Dominant Seventh with Sharpened Fifth", "order": 14, "chord_output": "7#5", "symbol": "7#5"}, "model": "chordcharts.chordtype"}, {"pk": 17, "fields": {"name": "Dominant Seventh with Flattened Fifth", "order": 15, "chord_output": "7b5", "symbol": "7b5"}, "model": "chordcharts.chordtype"}, {"pk": 18, "fields": {"name": "Seventh with Sharpened Ninth and Sharpened Fifth", "order": 22, "chord_output": "7#9#5", "symbol": "7#9#5"}, "model": "chordcharts.chordtype"}, {"pk": 19, "fields": {"name": "Seventh with Flattened Ninth and Sharpened Fifth", "order": 21, "chord_output": "7b9#5", "symbol": "7b9#5"}, "model": "chordcharts.chordtype"}, {"pk": 20, "fields": {"name": "Thirteenth", "order": 19, "chord_output": "13", "symbol": "13"}, "model": "chordcharts.chordtype"}, {"pk": 21, "fields": {"name": "Eleventh", "order": 18, "chord_output": "11", "symbol": "11"}, "model": "chordcharts.chordtype"}, {"pk": 22, "fields": {"name": "Dominant Ninth", "order": 9, "chord_output": "9", "symbol": "9"}, "model": "chordcharts.chordtype"}, {"pk": 23, "fields": {"name": "Minor Ninth", "order": 10, "chord_output": "-9", "symbol": "-9"}, "model": "chordcharts.chordtype"}, {"pk": 1, "fields": {"song": 35, "video_url": "", "short_description": "", "lyrics_url": ""}, "model": "chordcharts.chart"}, {"pk": 2, "fields": {"song": 38, "video_url": "", "short_description": "", "lyrics_url": ""}, "model": "chordcharts.chart"}, {"pk": 3, "fields": {"song": 3, "video_url": "", "short_description": "", "lyrics_url": ""}, "model": "chordcharts.chart"}, {"pk": 4, "fields": {"song": 4, "video_url": "", "short_description": "", "lyrics_url": ""}, "model": "chordcharts.chart"}, {"pk": 5, "fields": {"song": 5, "video_url": "", "short_description": "", "lyrics_url": ""}, "model": "chordcharts.chart"}, {"pk": 6, "fields": {"song": 6, "video_url": "", "short_description": "", "lyrics_url": ""}, "model": "chordcharts.chart"}, {"pk": 7, "fields": {"song": 7, "video_url": "", "short_description": "", "lyrics_url": ""}, "model": "chordcharts.chart"}, {"pk": 8, "fields": {"song": 8, "video_url": "", "short_description": "", "lyrics_url": ""}, "model": "chordcharts.chart"}, {"pk": 19, "fields": {"song": 11, "video_url": "jo", "short_description": "jo", "lyrics_url": "jo"}, "model": "chordcharts.chart"}, {"pk": 27, "fields": {"song": 24, "video_url": "http://fixyt.com/watch?v=E01lGq7aWGY", "short_description": "Robert Crumb version", "lyrics_url": ""}, "model": "chordcharts.chart"}, {"pk": 39, "fields": {"song": 36, "video_url": "http://fixyt.com/watch?v=jvAtxDqTAzs", "short_description": "Rosenberg Trio version", "lyrics_url": "http://www.lyricsdepot.com/ella-fitzgerald/it-dont-mean-a-thing-if-it-aint-got-that-swing.html"}, "model": "chordcharts.chart"}, {"pk": 45, "fields": {"song": 46, "video_url": "", "short_description": "", "lyrics_url": ""}, "model": "chordcharts.chart"}, {"pk": 1, "fields": {"beat_unit": 4, "beats": 4}, "model": "chordcharts.timesignature"}, {"pk": 2, "fields": {"beat_unit": 3, "beats": 4}, "model": "chordcharts.timesignature"}, {"pk": 3, "fields": {"beat_unit": 8, "beats": 6}, "model": "chordcharts.timesignature"}, {"pk": 4, "fields": {"beat_unit": 2, "beats": 2}, "model": "chordcharts.timesignature"}, {"pk": 2, "fields": {"alt_name": "Intro", "number": 1, "show_sidebar": false, "key": 1, "chart": 1, "time_signature": 1}, "model": "chordcharts.section"}, {"pk": 3, "fields": {"alt_name": "", "number": 2, "show_sidebar": false, "key": 1, "chart": 1, "time_signature": 1}, "model": "chordcharts.section"}, {"pk": 4, "fields": {"alt_name": "", "number": 3, "show_sidebar": false, "key": 1, "chart": 1, "time_signature": 1}, "model": "chordcharts.section"}, {"pk": 151, "fields": {"alt_name": "Intro", "number": 1, "show_sidebar": false, "key": 2, "chart": 2, "time_signature": 1}, "model": "chordcharts.section"}, {"pk": 152, "fields": {"alt_name": "Chorus", "number": 2, "show_sidebar": true, "key": 2, "chart": 2, "time_signature": 1}, "model": "chordcharts.section"}, {"pk": 153, "fields": {"alt_name": "", "number": 1, "show_sidebar": true, "key": 3, "chart": 3, "time_signature": 1}, "model": "chordcharts.section"}, {"pk": 154, "fields": {"alt_name": "", "number": 1, "show_sidebar": false, "key": 3, "chart": 4, "time_signature": 1}, "model": "chordcharts.section"}, {"pk": 155, "fields": {"alt_name": "", "number": 2, "show_sidebar": false, "key": 3, "chart": 4, "time_signature": 1}, "model": "chordcharts.section"}, {"pk": 156, "fields": {"alt_name": "", "number": 1, "show_sidebar": true, "key": 8, "chart": 5, "time_signature": 1}, "model": "chordcharts.section"}, {"pk": 243, "fields": {"alt_name": "Intro", "number": 1, "show_sidebar": false, "key": 3, "chart": 7, "time_signature": 1}, "model": "chordcharts.section"}, {"pk": 244, "fields": {"alt_name": "", "number": 2, "show_sidebar": true, "key": 3, "chart": 7, "time_signature": 1}, "model": "chordcharts.section"}, {"pk": 245, "fields": {"alt_name": "", "number": 3, "show_sidebar": true, "key": 3, "chart": 7, "time_signature": 1}, "model": "chordcharts.section"}, {"pk": 246, "fields": {"alt_name": "Bridge", "number": 4, "show_sidebar": false, "key": 3, "chart": 7, "time_signature": 1}, "model": "chordcharts.section"}, {"pk": 249, "fields": {"alt_name": "", "number": 1, "show_sidebar": true, "key": 6, "chart": 6, "time_signature": 1}, "model": "chordcharts.section"}, {"pk": 303, "fields": {"alt_name": "", "number": 1, "show_sidebar": true, "key": 1, "chart": 8, "time_signature": 1}, "model": "chordcharts.section"}, {"pk": 304, "fields": {"alt_name": "", "number": 1, "show_sidebar": false, "key": 13, "chart": 19, "time_signature": 1}, "model": "chordcharts.section"}, {"pk": 320, "fields": {"alt_name": "Intro", "number": 1, "show_sidebar": false, "key": 2, "chart": 27, "time_signature": 1}, "model": "chordcharts.section"}, {"pk": 321, "fields": {"alt_name": "", "number": 2, "show_sidebar": false, "key": 2, "chart": 27, "time_signature": 1}, "model": "chordcharts.section"}, {"pk": 323, "fields": {"alt_name": "Bridge", "number": 3, "show_sidebar": false, "key": 2, "chart": 27, "time_signature": 1}, "model": "chordcharts.section"}, {"pk": 324, "fields": {"alt_name": "Second bridge", "number": 4, "show_sidebar": false, "key": 2, "chart": 27, "time_signature": 1}, "model": "chordcharts.section"}, {"pk": 336, "fields": {"alt_name": "Intro", "number": 1, "show_sidebar": false, "key": 16, "chart": 39, "time_signature": 1}, "model": "chordcharts.section"}, {"pk": 337, "fields": {"alt_name": "", "number": 2, "show_sidebar": false, "key": 16, "chart": 39, "time_signature": 1}, "model": "chordcharts.section"}, {"pk": 343, "fields": {"alt_name": "", "number": 1, "show_sidebar": false, "key": 4, "chart": 45, "time_signature": 1}, "model": "chordcharts.section"}, {"pk": 344, "fields": {"alt_name": "", "number": 2, "show_sidebar": false, "key": 4, "chart": 45, "time_signature": 1}, "model": "chordcharts.section"}, {"pk": 1, "fields": {"number": 1, "letter": "A", "section": 2}, "model": "chordcharts.line"}, {"pk": 2, "fields": {"number": 1, "letter": "A", "section": 3}, "model": "chordcharts.line"}, {"pk": 3, "fields": {"number": 2, "letter": "A", "section": 3}, "model": "chordcharts.line"}, {"pk": 4, "fields": {"number": 3, "letter": "B", "section": 3}, "model": "chordcharts.line"}, {"pk": 5, "fields": {"number": 4, "letter": "B", "section": 3}, "model": "chordcharts.line"}, {"pk": 6, "fields": {"number": 1, "letter": "A", "section": 4}, "model": "chordcharts.line"}, {"pk": 7, "fields": {"number": 2, "letter": "A", "section": 4}, "model": "chordcharts.line"}, {"pk": 140, "fields": {"number": 1, "letter": "A", "section": 151}, "model": "chordcharts.line"}, {"pk": 141, "fields": {"number": 2, "letter": "A", "section": 151}, "model": "chordcharts.line"}, {"pk": 142, "fields": {"number": 1, "letter": "A", "section": 152}, "model": "chordcharts.line"}, {"pk": 143, "fields": {"number": 2, "letter": "B", "section": 152}, "model": "chordcharts.line"}, {"pk": 144, "fields": {"number": 3, "letter": "A", "section": 152}, "model": "chordcharts.line"}, {"pk": 145, "fields": {"number": 4, "letter": "C", "section": 152}, "model": "chordcharts.line"}, {"pk": 146, "fields": {"number": 1, "letter": "A", "section": 153}, "model": "chordcharts.line"}, {"pk": 147, "fields": {"number": 2, "letter": "B", "section": 153}, "model": "chordcharts.line"}, {"pk": 148, "fields": {"number": 3, "letter": "A", "section": 153}, "model": "chordcharts.line"}, {"pk": 149, "fields": {"number": 4, "letter": "C", "section": 153}, "model": "chordcharts.line"}, {"pk": 150, "fields": {"number": 1, "letter": "A", "section": 154}, "model": "chordcharts.line"}, {"pk": 151, "fields": {"number": 2, "letter": "A", "section": 154}, "model": "chordcharts.line"}, {"pk": 152, "fields": {"number": 1, "letter": "A", "section": 155}, "model": "chordcharts.line"}, {"pk": 153, "fields": {"number": 2, "letter": "A", "section": 155}, "model": "chordcharts.line"}, {"pk": 154, "fields": {"number": 1, "letter": "A", "section": 156}, "model": "chordcharts.line"}, {"pk": 161, "fields": {"number": 2, "letter": "B", "section": 156}, "model": "chordcharts.line"}, {"pk": 162, "fields": {"number": 3, "letter": "A", "section": 156}, "model": "chordcharts.line"}, {"pk": 163, "fields": {"number": 4, "letter": "C", "section": 156}, "model": "chordcharts.line"}, {"pk": 300, "fields": {"number": 1, "letter": "A", "section": 243}, "model": "chordcharts.line"}, {"pk": 301, "fields": {"number": 1, "letter": "A", "section": 244}, "model": "chordcharts.line"}, {"pk": 302, "fields": {"number": 2, "letter": "A", "section": 244}, "model": "chordcharts.line"}, {"pk": 303, "fields": {"number": 3, "letter": "B", "section": 244}, "model": "chordcharts.line"}, {"pk": 304, "fields": {"number": 4, "letter": "A", "section": 244}, "model": "chordcharts.line"}, {"pk": 306, "fields": {"number": 1, "letter": "A", "section": 245}, "model": "chordcharts.line"}, {"pk": 307, "fields": {"number": 2, "letter": "A", "section": 245}, "model": "chordcharts.line"}, {"pk": 308, "fields": {"number": 3, "letter": "B", "section": 245}, "model": "chordcharts.line"}, {"pk": 309, "fields": {"number": 4, "letter": "A", "section": 245}, "model": "chordcharts.line"}, {"pk": 310, "fields": {"number": 1, "letter": "A", "section": 246}, "model": "chordcharts.line"}, {"pk": 314, "fields": {"number": 1, "letter": "A", "section": 249}, "model": "chordcharts.line"}, {"pk": 315, "fields": {"number": 2, "letter": "A", "section": 249}, "model": "chordcharts.line"}, {"pk": 316, "fields": {"number": 3, "letter": "A", "section": 249}, "model": "chordcharts.line"}, {"pk": 317, "fields": {"number": 4, "letter": "A", "section": 249}, "model": "chordcharts.line"}, {"pk": 318, "fields": {"number": 5, "letter": "B", "section": 249}, "model": "chordcharts.line"}, {"pk": 319, "fields": {"number": 6, "letter": "A", "section": 249}, "model": "chordcharts.line"}, {"pk": 320, "fields": {"number": 7, "letter": "A", "section": 249}, "model": "chordcharts.line"}, {"pk": 380, "fields": {"number": 1, "letter": "A", "section": 303}, "model": "chordcharts.line"}, {"pk": 381, "fields": {"number": 2, "letter": "B", "section": 303}, "model": "chordcharts.line"}, {"pk": 382, "fields": {"number": 3, "letter": "A", "section": 303}, "model": "chordcharts.line"}, {"pk": 383, "fields": {"number": 4, "letter": "C", "section": 303}, "model": "chordcharts.line"}, {"pk": 384, "fields": {"number": 1, "letter": "A", "section": 304}, "model": "chordcharts.line"}, {"pk": 385, "fields": {"number": 2, "letter": "A", "section": 304}, "model": "chordcharts.line"}, {"pk": 410, "fields": {"number": 1, "letter": "A", "section": 320}, "model": "chordcharts.line"}, {"pk": 411, "fields": {"number": 1, "letter": "A", "section": 321}, "model": "chordcharts.line"}, {"pk": 412, "fields": {"number": 2, "letter": "A", "section": 321}, "model": "chordcharts.line"}, {"pk": 414, "fields": {"number": 3, "letter": "A", "section": 321}, "model": "chordcharts.line"}, {"pk": 415, "fields": {"number": 4, "letter": "A", "section": 321}, "model": "chordcharts.line"}, {"pk": 416, "fields": {"number": 1, "letter": "A", "section": 323}, "model": "chordcharts.line"}, {"pk": 417, "fields": {"number": 1, "letter": "A", "section": 324}, "model": "chordcharts.line"}, {"pk": 418, "fields": {"number": 2, "letter": "A", "section": 323}, "model": "chordcharts.line"}, {"pk": 436, "fields": {"number": 2, "letter": "A", "section": 336}, "model": "chordcharts.line"}, {"pk": 437, "fields": {"number": 2, "letter": "A", "section": 337}, "model": "chordcharts.line"}, {"pk": 442, "fields": {"number": 1, "letter": "A", "section": 343}, "model": "chordcharts.line"}, {"pk": 443, "fields": {"number": 2, "letter": "A", "section": 343}, "model": "chordcharts.line"}, {"pk": 444, "fields": {"number": 1, "letter": "A", "section": 344}, "model": "chordcharts.line"}, {"pk": 445, "fields": {"number": 2, "letter": "A", "section": 344}, "model": "chordcharts.line"}, {"pk": 446, "fields": {"number": 3, "letter": "A", "section": 344}, "model": "chordcharts.line"}, {"pk": 447, "fields": {"number": 4, "letter": "A", "section": 344}, "model": "chordcharts.line"}, {"pk": 450, "fields": {"number": 7, "letter": "A", "section": 344}, "model": "chordcharts.line"}, {"pk": 451, "fields": {"number": 8, "letter": "A", "section": 344}, "model": "chordcharts.line"}, {"pk": 1, "fields": {"number": 1, "beat_schema": "2-2", "line": 1}, "model": "chordcharts.measure"}, {"pk": 2, "fields": {"number": 2, "beat_schema": "2-2", "line": 1}, "model": "chordcharts.measure"}, {"pk": 3, "fields": {"number": 3, "beat_schema": "2-2", "line": 1}, "model": "chordcharts.measure"}, {"pk": 4, "fields": {"number": 4, "beat_schema": "2-2", "line": 1}, "model": "chordcharts.measure"}, {"pk": 5, "fields": {"number": 1, "beat_schema": "4", "line": 2}, "model": "chordcharts.measure"}, {"pk": 7, "fields": {"number": 2, "beat_schema": "4", "line": 2}, "model": "chordcharts.measure"}, {"pk": 8, "fields": {"number": 3, "beat_schema": "4", "line": 2}, "model": "chordcharts.measure"}, {"pk": 9, "fields": {"number": 4, "beat_schema": "4", "line": 2}, "model": "chordcharts.measure"}, {"pk": 10, "fields": {"number": 5, "beat_schema": "4", "line": 2}, "model": "chordcharts.measure"}, {"pk": 11, "fields": {"number": 6, "beat_schema": "2-1-1", "line": 2}, "model": "chordcharts.measure"}, {"pk": 12, "fields": {"number": 7, "beat_schema": "4", "line": 2}, "model": "chordcharts.measure"}, {"pk": 13, "fields": {"number": 8, "beat_schema": "4", "line": 2}, "model": "chordcharts.measure"}, {"pk": 14, "fields": {"number": 1, "beat_schema": "4", "line": 3}, "model": "chordcharts.measure"}, {"pk": 15, "fields": {"number": 2, "beat_schema": "4", "line": 3}, "model": "chordcharts.measure"}, {"pk": 16, "fields": {"number": 3, "beat_schema": "4", "line": 3}, "model": "chordcharts.measure"}, {"pk": 17, "fields": {"number": 4, "beat_schema": "4", "line": 3}, "model": "chordcharts.measure"}, {"pk": 18, "fields": {"number": 5, "beat_schema": "4", "line": 3}, "model": "chordcharts.measure"}, {"pk": 19, "fields": {"number": 6, "beat_schema": "4", "line": 3}, "model": "chordcharts.measure"}, {"pk": 20, "fields": {"number": 7, "beat_schema": "4", "line": 3}, "model": "chordcharts.measure"}, {"pk": 21, "fields": {"number": 8, "beat_schema": "4", "line": 3}, "model": "chordcharts.measure"}, {"pk": 22, "fields": {"number": 1, "beat_schema": "4", "line": 4}, "model": "chordcharts.measure"}, {"pk": 23, "fields": {"number": 2, "beat_schema": "4", "line": 4}, "model": "chordcharts.measure"}, {"pk": 24, "fields": {"number": 3, "beat_schema": "4", "line": 4}, "model": "chordcharts.measure"}, {"pk": 25, "fields": {"number": 4, "beat_schema": "4", "line": 4}, "model": "chordcharts.measure"}, {"pk": 26, "fields": {"number": 5, "beat_schema": "4", "line": 4}, "model": "chordcharts.measure"}, {"pk": 27, "fields": {"number": 6, "beat_schema": "2-1-1", "line": 4}, "model": "chordcharts.measure"}, {"pk": 28, "fields": {"number": 7, "beat_schema": "4", "line": 4}, "model": "chordcharts.measure"}, {"pk": 29, "fields": {"number": 8, "beat_schema": "4", "line": 4}, "model": "chordcharts.measure"}, {"pk": 30, "fields": {"number": 4, "beat_schema": "4", "line": 5}, "model": "chordcharts.measure"}, {"pk": 31, "fields": {"number": 4, "beat_schema": "4", "line": 5}, "model": "chordcharts.measure"}, {"pk": 32, "fields": {"number": 1, "beat_schema": "2-2", "line": 6}, "model": "chordcharts.measure"}, {"pk": 33, "fields": {"number": 2, "beat_schema": "2-2", "line": 6}, "model": "chordcharts.measure"}, {"pk": 34, "fields": {"number": 3, "beat_schema": "2-2", "line": 6}, "model": "chordcharts.measure"}, {"pk": 35, "fields": {"number": 4, "beat_schema": "2-2", "line": 6}, "model": "chordcharts.measure"}, {"pk": 36, "fields": {"number": 5, "beat_schema": "2-2", "line": 6}, "model": "chordcharts.measure"}, {"pk": 37, "fields": {"number": 6, "beat_schema": "4", "line": 6}, "model": "chordcharts.measure"}, {"pk": 38, "fields": {"number": 7, "beat_schema": "4", "line": 6}, "model": "chordcharts.measure"}, {"pk": 39, "fields": {"number": 8, "beat_schema": "4", "line": 6}, "model": "chordcharts.measure"}, {"pk": 40, "fields": {"number": 1, "beat_schema": "2-2", "line": 7}, "model": "chordcharts.measure"}, {"pk": 41, "fields": {"number": 2, "beat_schema": "2-2", "line": 7}, "model": "chordcharts.measure"}, {"pk": 42, "fields": {"number": 3, "beat_schema": "2-2", "line": 7}, "model": "chordcharts.measure"}, {"pk": 43, "fields": {"number": 4, "beat_schema": "2-2", "line": 7}, "model": "chordcharts.measure"}, {"pk": 44, "fields": {"number": 5, "beat_schema": "4", "line": 7}, "model": "chordcharts.measure"}, {"pk": 45, "fields": {"number": 6, "beat_schema": "4", "line": 7}, "model": "chordcharts.measure"}, {"pk": 46, "fields": {"number": 7, "beat_schema": "4", "line": 7}, "model": "chordcharts.measure"}, {"pk": 47, "fields": {"number": 8, "beat_schema": "4", "line": 7}, "model": "chordcharts.measure"}, {"pk": 111, "fields": {"number": 1, "beat_schema": "4", "line": 140}, "model": "chordcharts.measure"}, {"pk": 112, "fields": {"number": 2, "beat_schema": "4", "line": 140}, "model": "chordcharts.measure"}, {"pk": 113, "fields": {"number": 3, "beat_schema": "4", "line": 140}, "model": "chordcharts.measure"}, {"pk": 114, "fields": {"number": 4, "beat_schema": "4", "line": 140}, "model": "chordcharts.measure"}, {"pk": 115, "fields": {"number": 5, "beat_schema": "4", "line": 140}, "model": "chordcharts.measure"}, {"pk": 116, "fields": {"number": 6, "beat_schema": "2-2", "line": 140}, "model": "chordcharts.measure"}, {"pk": 117, "fields": {"number": 7, "beat_schema": "4", "line": 140}, "model": "chordcharts.measure"}, {"pk": 118, "fields": {"number": 8, "beat_schema": "4", "line": 140}, "model": "chordcharts.measure"}, {"pk": 119, "fields": {"number": 1, "beat_schema": "2-2", "line": 141}, "model": "chordcharts.measure"}, {"pk": 120, "fields": {"number": 2, "beat_schema": "4", "line": 141}, "model": "chordcharts.measure"}, {"pk": 121, "fields": {"number": 3, "beat_schema": "2-2", "line": 141}, "model": "chordcharts.measure"}, {"pk": 122, "fields": {"number": 4, "beat_schema": "4", "line": 141}, "model": "chordcharts.measure"}, {"pk": 123, "fields": {"number": 5, "beat_schema": "2-2", "line": 141}, "model": "chordcharts.measure"}, {"pk": 124, "fields": {"number": 6, "beat_schema": "2-2", "line": 141}, "model": "chordcharts.measure"}, {"pk": 125, "fields": {"number": 7, "beat_schema": "4", "line": 141}, "model": "chordcharts.measure"}, {"pk": 126, "fields": {"number": 8, "beat_schema": "4", "line": 141}, "model": "chordcharts.measure"}, {"pk": 127, "fields": {"number": 1, "beat_schema": "4", "line": 142}, "model": "chordcharts.measure"}, {"pk": 128, "fields": {"number": 2, "beat_schema": "4", "line": 142}, "model": "chordcharts.measure"}, {"pk": 129, "fields": {"number": 3, "beat_schema": "4", "line": 142}, "model": "chordcharts.measure"}, {"pk": 130, "fields": {"number": 4, "beat_schema": "4", "line": 142}, "model": "chordcharts.measure"}, {"pk": 131, "fields": {"number": 5, "beat_schema": "4", "line": 142}, "model": "chordcharts.measure"}, {"pk": 132, "fields": {"number": 6, "beat_schema": "4", "line": 142}, "model": "chordcharts.measure"}, {"pk": 133, "fields": {"number": 7, "beat_schema": "4", "line": 142}, "model": "chordcharts.measure"}, {"pk": 134, "fields": {"number": 8, "beat_schema": "2-1-1", "line": 142}, "model": "chordcharts.measure"}, {"pk": 135, "fields": {"number": 1, "beat_schema": "4", "line": 143}, "model": "chordcharts.measure"}, {"pk": 136, "fields": {"number": 2, "beat_schema": "4", "line": 143}, "model": "chordcharts.measure"}, {"pk": 137, "fields": {"number": 3, "beat_schema": "4", "line": 143}, "model": "chordcharts.measure"}, {"pk": 138, "fields": {"number": 4, "beat_schema": "4", "line": 143}, "model": "chordcharts.measure"}, {"pk": 139, "fields": {"number": 5, "beat_schema": "4", "line": 143}, "model": "chordcharts.measure"}, {"pk": 140, "fields": {"number": 6, "beat_schema": "4", "line": 143}, "model": "chordcharts.measure"}, {"pk": 141, "fields": {"number": 7, "beat_schema": "4", "line": 143}, "model": "chordcharts.measure"}, {"pk": 142, "fields": {"number": 8, "beat_schema": "4", "line": 143}, "model": "chordcharts.measure"}, {"pk": 143, "fields": {"number": 1, "beat_schema": "4", "line": 144}, "model": "chordcharts.measure"}, {"pk": 144, "fields": {"number": 2, "beat_schema": "4", "line": 144}, "model": "chordcharts.measure"}, {"pk": 145, "fields": {"number": 3, "beat_schema": "4", "line": 144}, "model": "chordcharts.measure"}, {"pk": 146, "fields": {"number": 4, "beat_schema": "4", "line": 144}, "model": "chordcharts.measure"}, {"pk": 147, "fields": {"number": 5, "beat_schema": "4", "line": 144}, "model": "chordcharts.measure"}, {"pk": 148, "fields": {"number": 6, "beat_schema": "4", "line": 144}, "model": "chordcharts.measure"}, {"pk": 149, "fields": {"number": 7, "beat_schema": "4", "line": 144}, "model": "chordcharts.measure"}, {"pk": 150, "fields": {"number": 8, "beat_schema": "2-1-1", "line": 144}, "model": "chordcharts.measure"}, {"pk": 151, "fields": {"number": 1, "beat_schema": "4", "line": 145}, "model": "chordcharts.measure"}, {"pk": 152, "fields": {"number": 2, "beat_schema": "4", "line": 145}, "model": "chordcharts.measure"}, {"pk": 153, "fields": {"number": 3, "beat_schema": "4", "line": 145}, "model": "chordcharts.measure"}, {"pk": 154, "fields": {"number": 4, "beat_schema": "4", "line": 145}, "model": "chordcharts.measure"}, {"pk": 155, "fields": {"number": 5, "beat_schema": "4", "line": 145}, "model": "chordcharts.measure"}, {"pk": 156, "fields": {"number": 6, "beat_schema": "4", "line": 145}, "model": "chordcharts.measure"}, {"pk": 157, "fields": {"number": 7, "beat_schema": "4", "line": 145}, "model": "chordcharts.measure"}, {"pk": 158, "fields": {"number": 8, "beat_schema": "4", "line": 145}, "model": "chordcharts.measure"}, {"pk": 159, "fields": {"number": 1, "beat_schema": "4", "line": 146}, "model": "chordcharts.measure"}, {"pk": 160, "fields": {"number": 2, "beat_schema": "4", "line": 146}, "model": "chordcharts.measure"}, {"pk": 161, "fields": {"number": 3, "beat_schema": "2-2", "line": 146}, "model": "chordcharts.measure"}, {"pk": 162, "fields": {"number": 4, "beat_schema": "4", "line": 146}, "model": "chordcharts.measure"}, {"pk": 163, "fields": {"number": 5, "beat_schema": "2-2", "line": 146}, "model": "chordcharts.measure"}, {"pk": 164, "fields": {"number": 6, "beat_schema": "2-2", "line": 146}, "model": "chordcharts.measure"}, {"pk": 165, "fields": {"number": 7, "beat_schema": "4", "line": 146}, "model": "chordcharts.measure"}, {"pk": 166, "fields": {"number": 8, "beat_schema": "2-2", "line": 146}, "model": "chordcharts.measure"}, {"pk": 167, "fields": {"number": 1, "beat_schema": "4", "line": 147}, "model": "chordcharts.measure"}, {"pk": 168, "fields": {"number": 2, "beat_schema": "4", "line": 147}, "model": "chordcharts.measure"}, {"pk": 169, "fields": {"number": 3, "beat_schema": "4", "line": 147}, "model": "chordcharts.measure"}, {"pk": 170, "fields": {"number": 4, "beat_schema": "4", "line": 147}, "model": "chordcharts.measure"}, {"pk": 171, "fields": {"number": 5, "beat_schema": "4", "line": 147}, "model": "chordcharts.measure"}, {"pk": 172, "fields": {"number": 6, "beat_schema": "4", "line": 147}, "model": "chordcharts.measure"}, {"pk": 173, "fields": {"number": 7, "beat_schema": "4", "line": 147}, "model": "chordcharts.measure"}, {"pk": 174, "fields": {"number": 8, "beat_schema": "4", "line": 147}, "model": "chordcharts.measure"}, {"pk": 175, "fields": {"number": 1, "beat_schema": "4", "line": 148}, "model": "chordcharts.measure"}, {"pk": 176, "fields": {"number": 2, "beat_schema": "4", "line": 148}, "model": "chordcharts.measure"}, {"pk": 177, "fields": {"number": 3, "beat_schema": "2-2", "line": 148}, "model": "chordcharts.measure"}, {"pk": 178, "fields": {"number": 4, "beat_schema": "4", "line": 148}, "model": "chordcharts.measure"}, {"pk": 179, "fields": {"number": 5, "beat_schema": "2-2", "line": 148}, "model": "chordcharts.measure"}, {"pk": 180, "fields": {"number": 6, "beat_schema": "2-2", "line": 148}, "model": "chordcharts.measure"}, {"pk": 181, "fields": {"number": 7, "beat_schema": "4", "line": 148}, "model": "chordcharts.measure"}, {"pk": 182, "fields": {"number": 8, "beat_schema": "4", "line": 148}, "model": "chordcharts.measure"}, {"pk": 183, "fields": {"number": 1, "beat_schema": "4", "line": 149}, "model": "chordcharts.measure"}, {"pk": 184, "fields": {"number": 2, "beat_schema": "4", "line": 149}, "model": "chordcharts.measure"}, {"pk": 185, "fields": {"number": 3, "beat_schema": "4", "line": 149}, "model": "chordcharts.measure"}, {"pk": 186, "fields": {"number": 4, "beat_schema": "4", "line": 149}, "model": "chordcharts.measure"}, {"pk": 187, "fields": {"number": 5, "beat_schema": "4", "line": 149}, "model": "chordcharts.measure"}, {"pk": 188, "fields": {"number": 6, "beat_schema": "4", "line": 149}, "model": "chordcharts.measure"}, {"pk": 189, "fields": {"number": 7, "beat_schema": "4", "line": 149}, "model": "chordcharts.measure"}, {"pk": 190, "fields": {"number": 8, "beat_schema": "4", "line": 149}, "model": "chordcharts.measure"}, {"pk": 191, "fields": {"number": 1, "beat_schema": "4", "line": 150}, "model": "chordcharts.measure"}, {"pk": 192, "fields": {"number": 2, "beat_schema": "4", "line": 150}, "model": "chordcharts.measure"}, {"pk": 193, "fields": {"number": 3, "beat_schema": "4", "line": 150}, "model": "chordcharts.measure"}, {"pk": 194, "fields": {"number": 4, "beat_schema": "4", "line": 150}, "model": "chordcharts.measure"}, {"pk": 195, "fields": {"number": 5, "beat_schema": "4", "line": 150}, "model": "chordcharts.measure"}, {"pk": 196, "fields": {"number": 6, "beat_schema": "4", "line": 150}, "model": "chordcharts.measure"}, {"pk": 197, "fields": {"number": 7, "beat_schema": "4", "line": 150}, "model": "chordcharts.measure"}, {"pk": 198, "fields": {"number": 8, "beat_schema": "4", "line": 150}, "model": "chordcharts.measure"}, {"pk": 199, "fields": {"number": 1, "beat_schema": "4", "line": 151}, "model": "chordcharts.measure"}, {"pk": 200, "fields": {"number": 2, "beat_schema": "4", "line": 151}, "model": "chordcharts.measure"}, {"pk": 201, "fields": {"number": 3, "beat_schema": "4", "line": 151}, "model": "chordcharts.measure"}, {"pk": 202, "fields": {"number": 4, "beat_schema": "4", "line": 151}, "model": "chordcharts.measure"}, {"pk": 203, "fields": {"number": 5, "beat_schema": "4", "line": 151}, "model": "chordcharts.measure"}, {"pk": 204, "fields": {"number": 6, "beat_schema": "4", "line": 151}, "model": "chordcharts.measure"}, {"pk": 205, "fields": {"number": 7, "beat_schema": "4", "line": 151}, "model": "chordcharts.measure"}, {"pk": 206, "fields": {"number": 8, "beat_schema": "4", "line": 151}, "model": "chordcharts.measure"}, {"pk": 207, "fields": {"number": 1, "beat_schema": "4", "line": 152}, "model": "chordcharts.measure"}, {"pk": 208, "fields": {"number": 2, "beat_schema": "4", "line": 152}, "model": "chordcharts.measure"}, {"pk": 209, "fields": {"number": 3, "beat_schema": "4", "line": 152}, "model": "chordcharts.measure"}, {"pk": 210, "fields": {"number": 4, "beat_schema": "4", "line": 152}, "model": "chordcharts.measure"}, {"pk": 211, "fields": {"number": 5, "beat_schema": "4", "line": 152}, "model": "chordcharts.measure"}, {"pk": 212, "fields": {"number": 6, "beat_schema": "2-2", "line": 152}, "model": "chordcharts.measure"}, {"pk": 213, "fields": {"number": 7, "beat_schema": "4", "line": 152}, "model": "chordcharts.measure"}, {"pk": 214, "fields": {"number": 8, "beat_schema": "4", "line": 152}, "model": "chordcharts.measure"}, {"pk": 215, "fields": {"number": 1, "beat_schema": "4", "line": 153}, "model": "chordcharts.measure"}, {"pk": 216, "fields": {"number": 2, "beat_schema": "4", "line": 153}, "model": "chordcharts.measure"}, {"pk": 217, "fields": {"number": 3, "beat_schema": "4", "line": 153}, "model": "chordcharts.measure"}, {"pk": 218, "fields": {"number": 4, "beat_schema": "4", "line": 153}, "model": "chordcharts.measure"}, {"pk": 219, "fields": {"number": 5, "beat_schema": "4", "line": 153}, "model": "chordcharts.measure"}, {"pk": 220, "fields": {"number": 6, "beat_schema": "4", "line": 153}, "model": "chordcharts.measure"}, {"pk": 221, "fields": {"number": 7, "beat_schema": "4", "line": 153}, "model": "chordcharts.measure"}, {"pk": 222, "fields": {"number": 8, "beat_schema": "4", "line": 153}, "model": "chordcharts.measure"}, {"pk": 223, "fields": {"number": 1, "beat_schema": "4", "line": 154}, "model": "chordcharts.measure"}, {"pk": 224, "fields": {"number": 2, "beat_schema": "4", "line": 154}, "model": "chordcharts.measure"}, {"pk": 225, "fields": {"number": 3, "beat_schema": "4", "line": 154}, "model": "chordcharts.measure"}, {"pk": 226, "fields": {"number": 4, "beat_schema": "4", "line": 154}, "model": "chordcharts.measure"}, {"pk": 227, "fields": {"number": 5, "beat_schema": "4", "line": 154}, "model": "chordcharts.measure"}, {"pk": 228, "fields": {"number": 6, "beat_schema": "4", "line": 154}, "model": "chordcharts.measure"}, {"pk": 229, "fields": {"number": 7, "beat_schema": "4", "line": 154}, "model": "chordcharts.measure"}, {"pk": 230, "fields": {"number": 8, "beat_schema": "4", "line": 154}, "model": "chordcharts.measure"}, {"pk": 279, "fields": {"number": 1, "beat_schema": "4", "line": 161}, "model": "chordcharts.measure"}, {"pk": 280, "fields": {"number": 2, "beat_schema": "4", "line": 161}, "model": "chordcharts.measure"}, {"pk": 281, "fields": {"number": 3, "beat_schema": "4", "line": 161}, "model": "chordcharts.measure"}, {"pk": 282, "fields": {"number": 4, "beat_schema": "4", "line": 161}, "model": "chordcharts.measure"}, {"pk": 283, "fields": {"number": 5, "beat_schema": "4", "line": 161}, "model": "chordcharts.measure"}, {"pk": 284, "fields": {"number": 6, "beat_schema": "4", "line": 161}, "model": "chordcharts.measure"}, {"pk": 285, "fields": {"number": 7, "beat_schema": "4", "line": 161}, "model": "chordcharts.measure"}, {"pk": 286, "fields": {"number": 8, "beat_schema": "4", "line": 161}, "model": "chordcharts.measure"}, {"pk": 287, "fields": {"number": 1, "beat_schema": "4", "line": 162}, "model": "chordcharts.measure"}, {"pk": 288, "fields": {"number": 2, "beat_schema": "4", "line": 162}, "model": "chordcharts.measure"}, {"pk": 289, "fields": {"number": 3, "beat_schema": "4", "line": 162}, "model": "chordcharts.measure"}, {"pk": 290, "fields": {"number": 4, "beat_schema": "4", "line": 162}, "model": "chordcharts.measure"}, {"pk": 291, "fields": {"number": 5, "beat_schema": "4", "line": 162}, "model": "chordcharts.measure"}, {"pk": 292, "fields": {"number": 6, "beat_schema": "4", "line": 162}, "model": "chordcharts.measure"}, {"pk": 293, "fields": {"number": 7, "beat_schema": "4", "line": 162}, "model": "chordcharts.measure"}, {"pk": 294, "fields": {"number": 8, "beat_schema": "4", "line": 162}, "model": "chordcharts.measure"}, {"pk": 295, "fields": {"number": 1, "beat_schema": "4", "line": 163}, "model": "chordcharts.measure"}, {"pk": 296, "fields": {"number": 2, "beat_schema": "4", "line": 163}, "model": "chordcharts.measure"}, {"pk": 297, "fields": {"number": 3, "beat_schema": "4", "line": 163}, "model": "chordcharts.measure"}, {"pk": 298, "fields": {"number": 4, "beat_schema": "4", "line": 163}, "model": "chordcharts.measure"}, {"pk": 299, "fields": {"number": 5, "beat_schema": "4", "line": 163}, "model": "chordcharts.measure"}, {"pk": 300, "fields": {"number": 6, "beat_schema": "4", "line": 163}, "model": "chordcharts.measure"}, {"pk": 301, "fields": {"number": 7, "beat_schema": "4", "line": 163}, "model": "chordcharts.measure"}, {"pk": 302, "fields": {"number": 8, "beat_schema": "4", "line": 163}, "model": "chordcharts.measure"}, {"pk": 606, "fields": {"number": 1, "beat_schema": "2-2", "line": 300}, "model": "chordcharts.measure"}, {"pk": 607, "fields": {"number": 2, "beat_schema": "2-2", "line": 300}, "model": "chordcharts.measure"}, {"pk": 608, "fields": {"number": 3, "beat_schema": "2-2", "line": 300}, "model": "chordcharts.measure"}, {"pk": 609, "fields": {"number": 4, "beat_schema": "2-2", "line": 300}, "model": "chordcharts.measure"}, {"pk": 610, "fields": {"number": 1, "beat_schema": "4", "line": 301}, "model": "chordcharts.measure"}, {"pk": 611, "fields": {"number": 2, "beat_schema": "4", "line": 301}, "model": "chordcharts.measure"}, {"pk": 612, "fields": {"number": 3, "beat_schema": "4", "line": 301}, "model": "chordcharts.measure"}, {"pk": 613, "fields": {"number": 4, "beat_schema": "2-2", "line": 301}, "model": "chordcharts.measure"}, {"pk": 614, "fields": {"number": 5, "beat_schema": "4", "line": 301}, "model": "chordcharts.measure"}, {"pk": 615, "fields": {"number": 6, "beat_schema": "2-2", "line": 301}, "model": "chordcharts.measure"}, {"pk": 616, "fields": {"number": 7, "beat_schema": "2-2", "line": 301}, "model": "chordcharts.measure"}, {"pk": 617, "fields": {"number": 8, "beat_schema": "4", "line": 301}, "model": "chordcharts.measure"}, {"pk": 618, "fields": {"number": 1, "beat_schema": "4", "line": 302}, "model": "chordcharts.measure"}, {"pk": 619, "fields": {"number": 2, "beat_schema": "4", "line": 302}, "model": "chordcharts.measure"}, {"pk": 620, "fields": {"number": 3, "beat_schema": "4", "line": 302}, "model": "chordcharts.measure"}, {"pk": 621, "fields": {"number": 4, "beat_schema": "2-2", "line": 302}, "model": "chordcharts.measure"}, {"pk": 622, "fields": {"number": 5, "beat_schema": "4", "line": 302}, "model": "chordcharts.measure"}, {"pk": 623, "fields": {"number": 6, "beat_schema": "2-2", "line": 302}, "model": "chordcharts.measure"}, {"pk": 624, "fields": {"number": 7, "beat_schema": "2-2", "line": 302}, "model": "chordcharts.measure"}, {"pk": 625, "fields": {"number": 8, "beat_schema": "4", "line": 302}, "model": "chordcharts.measure"}, {"pk": 626, "fields": {"number": 1, "beat_schema": "4", "line": 303}, "model": "chordcharts.measure"}, {"pk": 627, "fields": {"number": 2, "beat_schema": "4", "line": 303}, "model": "chordcharts.measure"}, {"pk": 628, "fields": {"number": 3, "beat_schema": "4", "line": 303}, "model": "chordcharts.measure"}, {"pk": 629, "fields": {"number": 4, "beat_schema": "2-1-1", "line": 303}, "model": "chordcharts.measure"}, {"pk": 630, "fields": {"number": 5, "beat_schema": "4", "line": 303}, "model": "chordcharts.measure"}, {"pk": 631, "fields": {"number": 6, "beat_schema": "4", "line": 303}, "model": "chordcharts.measure"}, {"pk": 632, "fields": {"number": 7, "beat_schema": "4", "line": 303}, "model": "chordcharts.measure"}, {"pk": 633, "fields": {"number": 8, "beat_schema": "4", "line": 303}, "model": "chordcharts.measure"}, {"pk": 634, "fields": {"number": 1, "beat_schema": "4", "line": 304}, "model": "chordcharts.measure"}, {"pk": 635, "fields": {"number": 2, "beat_schema": "4", "line": 304}, "model": "chordcharts.measure"}, {"pk": 636, "fields": {"number": 3, "beat_schema": "4", "line": 304}, "model": "chordcharts.measure"}, {"pk": 637, "fields": {"number": 4, "beat_schema": "2-2", "line": 304}, "model": "chordcharts.measure"}, {"pk": 638, "fields": {"number": 5, "beat_schema": "4", "line": 304}, "model": "chordcharts.measure"}, {"pk": 639, "fields": {"number": 6, "beat_schema": "2-2", "line": 304}, "model": "chordcharts.measure"}, {"pk": 640, "fields": {"number": 7, "beat_schema": "2-2", "line": 304}, "model": "chordcharts.measure"}, {"pk": 641, "fields": {"number": 8, "beat_schema": "4", "line": 304}, "model": "chordcharts.measure"}, {"pk": 643, "fields": {"number": 1, "beat_schema": "4", "line": 306}, "model": "chordcharts.measure"}, {"pk": 644, "fields": {"number": 2, "beat_schema": "4", "line": 306}, "model": "chordcharts.measure"}, {"pk": 645, "fields": {"number": 3, "beat_schema": "4", "line": 306}, "model": "chordcharts.measure"}, {"pk": 646, "fields": {"number": 4, "beat_schema": "2-2", "line": 306}, "model": "chordcharts.measure"}, {"pk": 647, "fields": {"number": 5, "beat_schema": "4", "line": 306}, "model": "chordcharts.measure"}, {"pk": 648, "fields": {"number": 6, "beat_schema": "2-2", "line": 306}, "model": "chordcharts.measure"}, {"pk": 649, "fields": {"number": 7, "beat_schema": "2-2", "line": 306}, "model": "chordcharts.measure"}, {"pk": 650, "fields": {"number": 8, "beat_schema": "4", "line": 306}, "model": "chordcharts.measure"}, {"pk": 651, "fields": {"number": 1, "beat_schema": "4", "line": 307}, "model": "chordcharts.measure"}, {"pk": 652, "fields": {"number": 2, "beat_schema": "4", "line": 307}, "model": "chordcharts.measure"}, {"pk": 653, "fields": {"number": 3, "beat_schema": "4", "line": 307}, "model": "chordcharts.measure"}, {"pk": 654, "fields": {"number": 4, "beat_schema": "2-2", "line": 307}, "model": "chordcharts.measure"}, {"pk": 655, "fields": {"number": 5, "beat_schema": "4", "line": 307}, "model": "chordcharts.measure"}, {"pk": 656, "fields": {"number": 6, "beat_schema": "2-2", "line": 307}, "model": "chordcharts.measure"}, {"pk": 657, "fields": {"number": 7, "beat_schema": "2-2", "line": 307}, "model": "chordcharts.measure"}, {"pk": 658, "fields": {"number": 8, "beat_schema": "4", "line": 307}, "model": "chordcharts.measure"}, {"pk": 659, "fields": {"number": 1, "beat_schema": "4", "line": 308}, "model": "chordcharts.measure"}, {"pk": 660, "fields": {"number": 2, "beat_schema": "4", "line": 308}, "model": "chordcharts.measure"}, {"pk": 661, "fields": {"number": 3, "beat_schema": "4", "line": 308}, "model": "chordcharts.measure"}, {"pk": 662, "fields": {"number": 4, "beat_schema": "4", "line": 308}, "model": "chordcharts.measure"}, {"pk": 663, "fields": {"number": 5, "beat_schema": "4", "line": 308}, "model": "chordcharts.measure"}, {"pk": 664, "fields": {"number": 6, "beat_schema": "4", "line": 308}, "model": "chordcharts.measure"}, {"pk": 665, "fields": {"number": 7, "beat_schema": "4", "line": 308}, "model": "chordcharts.measure"}, {"pk": 666, "fields": {"number": 8, "beat_schema": "4", "line": 308}, "model": "chordcharts.measure"}, {"pk": 667, "fields": {"number": 1, "beat_schema": "4", "line": 309}, "model": "chordcharts.measure"}, {"pk": 668, "fields": {"number": 2, "beat_schema": "4", "line": 309}, "model": "chordcharts.measure"}, {"pk": 669, "fields": {"number": 3, "beat_schema": "4", "line": 309}, "model": "chordcharts.measure"}, {"pk": 670, "fields": {"number": 4, "beat_schema": "2-2", "line": 309}, "model": "chordcharts.measure"}, {"pk": 671, "fields": {"number": 5, "beat_schema": "4", "line": 309}, "model": "chordcharts.measure"}, {"pk": 672, "fields": {"number": 6, "beat_schema": "2-2", "line": 309}, "model": "chordcharts.measure"}, {"pk": 673, "fields": {"number": 7, "beat_schema": "2-2", "line": 309}, "model": "chordcharts.measure"}, {"pk": 674, "fields": {"number": 8, "beat_schema": "4", "line": 309}, "model": "chordcharts.measure"}, {"pk": 675, "fields": {"number": 1, "beat_schema": "4", "line": 310}, "model": "chordcharts.measure"}, {"pk": 676, "fields": {"number": 2, "beat_schema": "4", "line": 310}, "model": "chordcharts.measure"}, {"pk": 677, "fields": {"number": 3, "beat_schema": "4", "line": 310}, "model": "chordcharts.measure"}, {"pk": 678, "fields": {"number": 4, "beat_schema": "4", "line": 310}, "model": "chordcharts.measure"}, {"pk": 679, "fields": {"number": 5, "beat_schema": "4", "line": 310}, "model": "chordcharts.measure"}, {"pk": 680, "fields": {"number": 6, "beat_schema": "4", "line": 310}, "model": "chordcharts.measure"}, {"pk": 681, "fields": {"number": 7, "beat_schema": "2-2", "line": 310}, "model": "chordcharts.measure"}, {"pk": 682, "fields": {"number": 8, "beat_schema": "4", "line": 310}, "model": "chordcharts.measure"}, {"pk": 700, "fields": {"number": 1, "beat_schema": "4", "line": 314}, "model": "chordcharts.measure"}, {"pk": 701, "fields": {"number": 2, "beat_schema": "4", "line": 314}, "model": "chordcharts.measure"}, {"pk": 702, "fields": {"number": 3, "beat_schema": "4", "line": 314}, "model": "chordcharts.measure"}, {"pk": 703, "fields": {"number": 4, "beat_schema": "4", "line": 314}, "model": "chordcharts.measure"}, {"pk": 704, "fields": {"number": 5, "beat_schema": "4", "line": 314}, "model": "chordcharts.measure"}, {"pk": 705, "fields": {"number": 6, "beat_schema": "2-2", "line": 314}, "model": "chordcharts.measure"}, {"pk": 706, "fields": {"number": 7, "beat_schema": "4", "line": 314}, "model": "chordcharts.measure"}, {"pk": 707, "fields": {"number": 8, "beat_schema": "2-2", "line": 314}, "model": "chordcharts.measure"}, {"pk": 708, "fields": {"number": 1, "beat_schema": "4", "line": 315}, "model": "chordcharts.measure"}, {"pk": 709, "fields": {"number": 2, "beat_schema": "2-2", "line": 315}, "model": "chordcharts.measure"}, {"pk": 710, "fields": {"number": 3, "beat_schema": "4", "line": 315}, "model": "chordcharts.measure"}, {"pk": 711, "fields": {"number": 4, "beat_schema": "4", "line": 315}, "model": "chordcharts.measure"}, {"pk": 712, "fields": {"number": 5, "beat_schema": "4", "line": 315}, "model": "chordcharts.measure"}, {"pk": 713, "fields": {"number": 6, "beat_schema": "4", "line": 315}, "model": "chordcharts.measure"}, {"pk": 714, "fields": {"number": 7, "beat_schema": "2-2", "line": 315}, "model": "chordcharts.measure"}, {"pk": 715, "fields": {"number": 8, "beat_schema": "4", "line": 315}, "model": "chordcharts.measure"}, {"pk": 716, "fields": {"number": 1, "beat_schema": "4", "line": 316}, "model": "chordcharts.measure"}, {"pk": 717, "fields": {"number": 2, "beat_schema": "4", "line": 316}, "model": "chordcharts.measure"}, {"pk": 718, "fields": {"number": 3, "beat_schema": "4", "line": 316}, "model": "chordcharts.measure"}, {"pk": 719, "fields": {"number": 4, "beat_schema": "4", "line": 316}, "model": "chordcharts.measure"}, {"pk": 720, "fields": {"number": 5, "beat_schema": "4", "line": 316}, "model": "chordcharts.measure"}, {"pk": 721, "fields": {"number": 6, "beat_schema": "2-2", "line": 316}, "model": "chordcharts.measure"}, {"pk": 722, "fields": {"number": 7, "beat_schema": "4", "line": 316}, "model": "chordcharts.measure"}, {"pk": 723, "fields": {"number": 8, "beat_schema": "2-2", "line": 316}, "model": "chordcharts.measure"}, {"pk": 724, "fields": {"number": 1, "beat_schema": "4", "line": 317}, "model": "chordcharts.measure"}, {"pk": 725, "fields": {"number": 2, "beat_schema": "2-2", "line": 317}, "model": "chordcharts.measure"}, {"pk": 726, "fields": {"number": 3, "beat_schema": "4", "line": 317}, "model": "chordcharts.measure"}, {"pk": 727, "fields": {"number": 4, "beat_schema": "4", "line": 317}, "model": "chordcharts.measure"}, {"pk": 728, "fields": {"number": 5, "beat_schema": "4", "line": 317}, "model": "chordcharts.measure"}, {"pk": 729, "fields": {"number": 6, "beat_schema": "2-2", "line": 317}, "model": "chordcharts.measure"}, {"pk": 730, "fields": {"number": 7, "beat_schema": "2-2", "line": 317}, "model": "chordcharts.measure"}, {"pk": 731, "fields": {"number": 8, "beat_schema": "2-2", "line": 317}, "model": "chordcharts.measure"}, {"pk": 732, "fields": {"number": 1, "beat_schema": "4", "line": 318}, "model": "chordcharts.measure"}, {"pk": 733, "fields": {"number": 2, "beat_schema": "2-2", "line": 318}, "model": "chordcharts.measure"}, {"pk": 734, "fields": {"number": 3, "beat_schema": "4", "line": 318}, "model": "chordcharts.measure"}, {"pk": 735, "fields": {"number": 4, "beat_schema": "4", "line": 318}, "model": "chordcharts.measure"}, {"pk": 736, "fields": {"number": 5, "beat_schema": "4", "line": 318}, "model": "chordcharts.measure"}, {"pk": 737, "fields": {"number": 6, "beat_schema": "4", "line": 318}, "model": "chordcharts.measure"}, {"pk": 738, "fields": {"number": 7, "beat_schema": "4", "line": 318}, "model": "chordcharts.measure"}, {"pk": 739, "fields": {"number": 8, "beat_schema": "4", "line": 318}, "model": "chordcharts.measure"}, {"pk": 740, "fields": {"number": 1, "beat_schema": "4", "line": 319}, "model": "chordcharts.measure"}, {"pk": 741, "fields": {"number": 2, "beat_schema": "4", "line": 319}, "model": "chordcharts.measure"}, {"pk": 742, "fields": {"number": 3, "beat_schema": "4", "line": 319}, "model": "chordcharts.measure"}, {"pk": 743, "fields": {"number": 4, "beat_schema": "4", "line": 319}, "model": "chordcharts.measure"}, {"pk": 744, "fields": {"number": 5, "beat_schema": "4", "line": 319}, "model": "chordcharts.measure"}, {"pk": 745, "fields": {"number": 6, "beat_schema": "2-2", "line": 319}, "model": "chordcharts.measure"}, {"pk": 746, "fields": {"number": 7, "beat_schema": "4", "line": 319}, "model": "chordcharts.measure"}, {"pk": 747, "fields": {"number": 8, "beat_schema": "2-2", "line": 319}, "model": "chordcharts.measure"}, {"pk": 748, "fields": {"number": 1, "beat_schema": "4", "line": 320}, "model": "chordcharts.measure"}, {"pk": 750, "fields": {"number": 2, "beat_schema": "2-2", "line": 320}, "model": "chordcharts.measure"}, {"pk": 751, "fields": {"number": 3, "beat_schema": "4", "line": 320}, "model": "chordcharts.measure"}, {"pk": 752, "fields": {"number": 4, "beat_schema": "4", "line": 320}, "model": "chordcharts.measure"}, {"pk": 753, "fields": {"number": 5, "beat_schema": "4", "line": 320}, "model": "chordcharts.measure"}, {"pk": 754, "fields": {"number": 6, "beat_schema": "2-2", "line": 320}, "model": "chordcharts.measure"}, {"pk": 755, "fields": {"number": 7, "beat_schema": "4", "line": 320}, "model": "chordcharts.measure"}, {"pk": 756, "fields": {"number": 8, "beat_schema": "2-2", "line": 320}, "model": "chordcharts.measure"}, {"pk": 859, "fields": {"number": 1, "beat_schema": "4", "line": 380}, "model": "chordcharts.measure"}, {"pk": 860, "fields": {"number": 2, "beat_schema": "4", "line": 380}, "model": "chordcharts.measure"}, {"pk": 861, "fields": {"number": 3, "beat_schema": "4", "line": 380}, "model": "chordcharts.measure"}, {"pk": 862, "fields": {"number": 4, "beat_schema": "4", "line": 380}, "model": "chordcharts.measure"}, {"pk": 863, "fields": {"number": 5, "beat_schema": "4", "line": 380}, "model": "chordcharts.measure"}, {"pk": 864, "fields": {"number": 6, "beat_schema": "4", "line": 380}, "model": "chordcharts.measure"}, {"pk": 865, "fields": {"number": 7, "beat_schema": "4", "line": 380}, "model": "chordcharts.measure"}, {"pk": 866, "fields": {"number": 8, "beat_schema": "4", "line": 380}, "model": "chordcharts.measure"}, {"pk": 867, "fields": {"number": 1, "beat_schema": "4", "line": 381}, "model": "chordcharts.measure"}, {"pk": 868, "fields": {"number": 2, "beat_schema": "4", "line": 381}, "model": "chordcharts.measure"}, {"pk": 869, "fields": {"number": 3, "beat_schema": "4", "line": 381}, "model": "chordcharts.measure"}, {"pk": 870, "fields": {"number": 4, "beat_schema": "4", "line": 381}, "model": "chordcharts.measure"}, {"pk": 871, "fields": {"number": 5, "beat_schema": "4", "line": 381}, "model": "chordcharts.measure"}, {"pk": 872, "fields": {"number": 6, "beat_schema": "4", "line": 381}, "model": "chordcharts.measure"}, {"pk": 873, "fields": {"number": 7, "beat_schema": "4", "line": 381}, "model": "chordcharts.measure"}, {"pk": 874, "fields": {"number": 8, "beat_schema": "4", "line": 381}, "model": "chordcharts.measure"}, {"pk": 875, "fields": {"number": 1, "beat_schema": "4", "line": 382}, "model": "chordcharts.measure"}, {"pk": 876, "fields": {"number": 2, "beat_schema": "4", "line": 382}, "model": "chordcharts.measure"}, {"pk": 877, "fields": {"number": 3, "beat_schema": "4", "line": 382}, "model": "chordcharts.measure"}, {"pk": 878, "fields": {"number": 4, "beat_schema": "4", "line": 382}, "model": "chordcharts.measure"}, {"pk": 879, "fields": {"number": 5, "beat_schema": "4", "line": 382}, "model": "chordcharts.measure"}, {"pk": 880, "fields": {"number": 6, "beat_schema": "4", "line": 382}, "model": "chordcharts.measure"}, {"pk": 881, "fields": {"number": 7, "beat_schema": "4", "line": 382}, "model": "chordcharts.measure"}, {"pk": 882, "fields": {"number": 8, "beat_schema": "4", "line": 382}, "model": "chordcharts.measure"}, {"pk": 883, "fields": {"number": 1, "beat_schema": "4", "line": 383}, "model": "chordcharts.measure"}, {"pk": 884, "fields": {"number": 2, "beat_schema": "4", "line": 383}, "model": "chordcharts.measure"}, {"pk": 885, "fields": {"number": 3, "beat_schema": "4", "line": 383}, "model": "chordcharts.measure"}, {"pk": 886, "fields": {"number": 4, "beat_schema": "4", "line": 383}, "model": "chordcharts.measure"}, {"pk": 887, "fields": {"number": 5, "beat_schema": "4", "line": 383}, "model": "chordcharts.measure"}, {"pk": 888, "fields": {"number": 6, "beat_schema": "4", "line": 383}, "model": "chordcharts.measure"}, {"pk": 889, "fields": {"number": 7, "beat_schema": "4", "line": 383}, "model": "chordcharts.measure"}, {"pk": 890, "fields": {"number": 8, "beat_schema": "4", "line": 383}, "model": "chordcharts.measure"}, {"pk": 891, "fields": {"number": 1, "beat_schema": "2-2", "line": 384}, "model": "chordcharts.measure"}, {"pk": 892, "fields": {"number": 2, "beat_schema": "2-2", "line": 384}, "model": "chordcharts.measure"}, {"pk": 893, "fields": {"number": 3, "beat_schema": "4", "line": 384}, "model": "chordcharts.measure"}, {"pk": 894, "fields": {"number": 4, "beat_schema": "2-2", "line": 384}, "model": "chordcharts.measure"}, {"pk": 895, "fields": {"number": 5, "beat_schema": "2-2", "line": 384}, "model": "chordcharts.measure"}, {"pk": 896, "fields": {"number": 6, "beat_schema": "2-2", "line": 384}, "model": "chordcharts.measure"}, {"pk": 897, "fields": {"number": 7, "beat_schema": "2-2", "line": 384}, "model": "chordcharts.measure"}, {"pk": 898, "fields": {"number": 8, "beat_schema": "4", "line": 384}, "model": "chordcharts.measure"}, {"pk": 899, "fields": {"number": 1, "beat_schema": "2-2", "line": 385}, "model": "chordcharts.measure"}, {"pk": 900, "fields": {"number": 2, "beat_schema": "4", "line": 385}, "model": "chordcharts.measure"}, {"pk": 953, "fields": {"number": 1, "beat_schema": "2-2", "line": 410}, "model": "chordcharts.measure"}, {"pk": 954, "fields": {"number": 2, "beat_schema": "2-2", "line": 410}, "model": "chordcharts.measure"}, {"pk": 955, "fields": {"number": 3, "beat_schema": "2-2", "line": 410}, "model": "chordcharts.measure"}, {"pk": 956, "fields": {"number": 4, "beat_schema": "2-2", "line": 410}, "model": "chordcharts.measure"}, {"pk": 957, "fields": {"number": 1, "beat_schema": "4", "line": 411}, "model": "chordcharts.measure"}, {"pk": 958, "fields": {"number": 2, "beat_schema": "4", "line": 411}, "model": "chordcharts.measure"}, {"pk": 959, "fields": {"number": 3, "beat_schema": "2-2", "line": 411}, "model": "chordcharts.measure"}, {"pk": 960, "fields": {"number": 4, "beat_schema": "4", "line": 411}, "model": "chordcharts.measure"}, {"pk": 961, "fields": {"number": 5, "beat_schema": "4", "line": 411}, "model": "chordcharts.measure"}, {"pk": 962, "fields": {"number": 6, "beat_schema": "4", "line": 411}, "model": "chordcharts.measure"}, {"pk": 963, "fields": {"number": 7, "beat_schema": "2-2", "line": 411}, "model": "chordcharts.measure"}, {"pk": 964, "fields": {"number": 8, "beat_schema": "2-2", "line": 411}, "model": "chordcharts.measure"}, {"pk": 965, "fields": {"number": 1, "beat_schema": "4", "line": 412}, "model": "chordcharts.measure"}, {"pk": 966, "fields": {"number": 2, "beat_schema": "4", "line": 412}, "model": "chordcharts.measure"}, {"pk": 967, "fields": {"number": 3, "beat_schema": "2-2", "line": 412}, "model": "chordcharts.measure"}, {"pk": 968, "fields": {"number": 4, "beat_schema": "4", "line": 412}, "model": "chordcharts.measure"}, {"pk": 969, "fields": {"number": 5, "beat_schema": "4", "line": 412}, "model": "chordcharts.measure"}, {"pk": 970, "fields": {"number": 6, "beat_schema": "4", "line": 412}, "model": "chordcharts.measure"}, {"pk": 971, "fields": {"number": 7, "beat_schema": "2-2", "line": 412}, "model": "chordcharts.measure"}, {"pk": 972, "fields": {"number": 8, "beat_schema": "2-2", "line": 412}, "model": "chordcharts.measure"}, {"pk": 974, "fields": {"number": 1, "beat_schema": "4", "line": 414}, "model": "chordcharts.measure"}, {"pk": 975, "fields": {"number": 2, "beat_schema": "4", "line": 414}, "model": "chordcharts.measure"}, {"pk": 976, "fields": {"number": 3, "beat_schema": "4", "line": 414}, "model": "chordcharts.measure"}, {"pk": 977, "fields": {"number": 4, "beat_schema": "4", "line": 414}, "model": "chordcharts.measure"}, {"pk": 978, "fields": {"number": 5, "beat_schema": "4", "line": 414}, "model": "chordcharts.measure"}, {"pk": 979, "fields": {"number": 6, "beat_schema": "4", "line": 414}, "model": "chordcharts.measure"}, {"pk": 980, "fields": {"number": 7, "beat_schema": "2-2", "line": 414}, "model": "chordcharts.measure"}, {"pk": 981, "fields": {"number": 8, "beat_schema": "4", "line": 414}, "model": "chordcharts.measure"}, {"pk": 982, "fields": {"number": 1, "beat_schema": "4", "line": 415}, "model": "chordcharts.measure"}, {"pk": 983, "fields": {"number": 2, "beat_schema": "4", "line": 415}, "model": "chordcharts.measure"}, {"pk": 984, "fields": {"number": 3, "beat_schema": "2-2", "line": 415}, "model": "chordcharts.measure"}, {"pk": 985, "fields": {"number": 4, "beat_schema": "4", "line": 415}, "model": "chordcharts.measure"}, {"pk": 986, "fields": {"number": 5, "beat_schema": "4", "line": 415}, "model": "chordcharts.measure"}, {"pk": 987, "fields": {"number": 6, "beat_schema": "4", "line": 415}, "model": "chordcharts.measure"}, {"pk": 988, "fields": {"number": 7, "beat_schema": "2-2", "line": 415}, "model": "chordcharts.measure"}, {"pk": 989, "fields": {"number": 8, "beat_schema": "2-2", "line": 415}, "model": "chordcharts.measure"}, {"pk": 990, "fields": {"number": 1, "beat_schema": "4", "line": 416}, "model": "chordcharts.measure"}, {"pk": 991, "fields": {"number": 2, "beat_schema": "4", "line": 416}, "model": "chordcharts.measure"}, {"pk": 992, "fields": {"number": 3, "beat_schema": "4", "line": 416}, "model": "chordcharts.measure"}, {"pk": 993, "fields": {"number": 4, "beat_schema": "4", "line": 416}, "model": "chordcharts.measure"}, {"pk": 994, "fields": {"number": 5, "beat_schema": "4", "line": 416}, "model": "chordcharts.measure"}, {"pk": 995, "fields": {"number": 6, "beat_schema": "4", "line": 416}, "model": "chordcharts.measure"}, {"pk": 996, "fields": {"number": 7, "beat_schema": "2-2", "line": 416}, "model": "chordcharts.measure"}, {"pk": 997, "fields": {"number": 8, "beat_schema": "2-2", "line": 416}, "model": "chordcharts.measure"}, {"pk": 998, "fields": {"number": 1, "beat_schema": "4", "line": 417}, "model": "chordcharts.measure"}, {"pk": 999, "fields": {"number": 2, "beat_schema": "2-2", "line": 417}, "model": "chordcharts.measure"}, {"pk": 1000, "fields": {"number": 3, "beat_schema": "2-2", "line": 417}, "model": "chordcharts.measure"}, {"pk": 1001, "fields": {"number": 4, "beat_schema": "4", "line": 417}, "model": "chordcharts.measure"}, {"pk": 1002, "fields": {"number": 5, "beat_schema": "4", "line": 417}, "model": "chordcharts.measure"}, {"pk": 1003, "fields": {"number": 6, "beat_schema": "4", "line": 417}, "model": "chordcharts.measure"}, {"pk": 1004, "fields": {"number": 7, "beat_schema": "2-2", "line": 417}, "model": "chordcharts.measure"}, {"pk": 1005, "fields": {"number": 8, "beat_schema": "4", "line": 417}, "model": "chordcharts.measure"}, {"pk": 1006, "fields": {"number": 1, "beat_schema": "4", "line": 418}, "model": "chordcharts.measure"}, {"pk": 1007, "fields": {"number": 2, "beat_schema": "4", "line": 418}, "model": "chordcharts.measure"}, {"pk": 1008, "fields": {"number": 3, "beat_schema": "4", "line": 418}, "model": "chordcharts.measure"}, {"pk": 1009, "fields": {"number": 4, "beat_schema": "4", "line": 418}, "model": "chordcharts.measure"}, {"pk": 1010, "fields": {"number": 5, "beat_schema": "4", "line": 418}, "model": "chordcharts.measure"}, {"pk": 1011, "fields": {"number": 6, "beat_schema": "4", "line": 418}, "model": "chordcharts.measure"}, {"pk": 1012, "fields": {"number": 7, "beat_schema": "2-2", "line": 418}, "model": "chordcharts.measure"}, {"pk": 1013, "fields": {"number": 8, "beat_schema": "2-2", "line": 418}, "model": "chordcharts.measure"}, {"pk": 1067, "fields": {"number": 1, "beat_schema": "2-2", "line": 436}, "model": "chordcharts.measure"}, {"pk": 1068, "fields": {"number": 2, "beat_schema": "2-2", "line": 436}, "model": "chordcharts.measure"}, {"pk": 1069, "fields": {"number": 3, "beat_schema": "2-2", "line": 436}, "model": "chordcharts.measure"}, {"pk": 1070, "fields": {"number": 4, "beat_schema": "2-2", "line": 436}, "model": "chordcharts.measure"}, {"pk": 1071, "fields": {"number": 1, "beat_schema": "2-2", "line": 437}, "model": "chordcharts.measure"}, {"pk": 1072, "fields": {"number": 2, "beat_schema": "2-2", "line": 437}, "model": "chordcharts.measure"}, {"pk": 1073, "fields": {"number": 3, "beat_schema": "2-2", "line": 437}, "model": "chordcharts.measure"}, {"pk": 1074, "fields": {"number": 4, "beat_schema": "2-2", "line": 437}, "model": "chordcharts.measure"}, {"pk": 1075, "fields": {"number": 5, "beat_schema": "4", "line": 437}, "model": "chordcharts.measure"}, {"pk": 1076, "fields": {"number": 6, "beat_schema": "4", "line": 437}, "model": "chordcharts.measure"}, {"pk": 1077, "fields": {"number": 7, "beat_schema": "4", "line": 437}, "model": "chordcharts.measure"}, {"pk": 1078, "fields": {"number": 8, "beat_schema": "2-2", "line": 437}, "model": "chordcharts.measure"}, {"pk": 1083, "fields": {"number": 1, "beat_schema": "4", "line": 442}, "model": "chordcharts.measure"}, {"pk": 1084, "fields": {"number": 2, "beat_schema": "4", "line": 442}, "model": "chordcharts.measure"}, {"pk": 1085, "fields": {"number": 3, "beat_schema": "4", "line": 442}, "model": "chordcharts.measure"}, {"pk": 1086, "fields": {"number": 4, "beat_schema": "4", "line": 442}, "model": "chordcharts.measure"}, {"pk": 1087, "fields": {"number": 5, "beat_schema": "4", "line": 442}, "model": "chordcharts.measure"}, {"pk": 1088, "fields": {"number": 6, "beat_schema": "4", "line": 442}, "model": "chordcharts.measure"}, {"pk": 1089, "fields": {"number": 7, "beat_schema": "4", "line": 442}, "model": "chordcharts.measure"}, {"pk": 1090, "fields": {"number": 8, "beat_schema": "4", "line": 442}, "model": "chordcharts.measure"}, {"pk": 1091, "fields": {"number": 1, "beat_schema": "4", "line": 443}, "model": "chordcharts.measure"}, {"pk": 1092, "fields": {"number": 2, "beat_schema": "4", "line": 443}, "model": "chordcharts.measure"}, {"pk": 1093, "fields": {"number": 3, "beat_schema": "4", "line": 443}, "model": "chordcharts.measure"}, {"pk": 1094, "fields": {"number": 4, "beat_schema": "4", "line": 443}, "model": "chordcharts.measure"}, {"pk": 1095, "fields": {"number": 5, "beat_schema": "4", "line": 443}, "model": "chordcharts.measure"}, {"pk": 1096, "fields": {"number": 6, "beat_schema": "4", "line": 443}, "model": "chordcharts.measure"}, {"pk": 1097, "fields": {"number": 7, "beat_schema": "4", "line": 443}, "model": "chordcharts.measure"}, {"pk": 1098, "fields": {"number": 8, "beat_schema": "4", "line": 443}, "model": "chordcharts.measure"}, {"pk": 1099, "fields": {"number": 1, "beat_schema": "2-2", "line": 444}, "model": "chordcharts.measure"}, {"pk": 1100, "fields": {"number": 2, "beat_schema": "4", "line": 444}, "model": "chordcharts.measure"}, {"pk": 1101, "fields": {"number": 3, "beat_schema": "2-2", "line": 444}, "model": "chordcharts.measure"}, {"pk": 1102, "fields": {"number": 4, "beat_schema": "4", "line": 444}, "model": "chordcharts.measure"}, {"pk": 1103, "fields": {"number": 5, "beat_schema": "4", "line": 444}, "model": "chordcharts.measure"}, {"pk": 1104, "fields": {"number": 6, "beat_schema": "2-2", "line": 444}, "model": "chordcharts.measure"}, {"pk": 1105, "fields": {"number": 7, "beat_schema": "4", "line": 444}, "model": "chordcharts.measure"}, {"pk": 1106, "fields": {"number": 8, "beat_schema": "4", "line": 444}, "model": "chordcharts.measure"}, {"pk": 1107, "fields": {"number": 1, "beat_schema": "2-2", "line": 445}, "model": "chordcharts.measure"}, {"pk": 1108, "fields": {"number": 2, "beat_schema": "4", "line": 445}, "model": "chordcharts.measure"}, {"pk": 1109, "fields": {"number": 3, "beat_schema": "2-2", "line": 445}, "model": "chordcharts.measure"}, {"pk": 1110, "fields": {"number": 4, "beat_schema": "4", "line": 445}, "model": "chordcharts.measure"}, {"pk": 1111, "fields": {"number": 5, "beat_schema": "4", "line": 445}, "model": "chordcharts.measure"}, {"pk": 1112, "fields": {"number": 6, "beat_schema": "2-2", "line": 445}, "model": "chordcharts.measure"}, {"pk": 1113, "fields": {"number": 7, "beat_schema": "4", "line": 445}, "model": "chordcharts.measure"}, {"pk": 1114, "fields": {"number": 8, "beat_schema": "4", "line": 445}, "model": "chordcharts.measure"}, {"pk": 1115, "fields": {"number": 1, "beat_schema": "4", "line": 446}, "model": "chordcharts.measure"}, {"pk": 1116, "fields": {"number": 2, "beat_schema": "4", "line": 446}, "model": "chordcharts.measure"}, {"pk": 1117, "fields": {"number": 3, "beat_schema": "4", "line": 446}, "model": "chordcharts.measure"}, {"pk": 1118, "fields": {"number": 4, "beat_schema": "4", "line": 446}, "model": "chordcharts.measure"}, {"pk": 1119, "fields": {"number": 5, "beat_schema": "4", "line": 446}, "model": "chordcharts.measure"}, {"pk": 1120, "fields": {"number": 6, "beat_schema": "2-2", "line": 446}, "model": "chordcharts.measure"}, {"pk": 1121, "fields": {"number": 7, "beat_schema": "4", "line": 446}, "model": "chordcharts.measure"}, {"pk": 1122, "fields": {"number": 8, "beat_schema": "2-2", "line": 446}, "model": "chordcharts.measure"}, {"pk": 1123, "fields": {"number": 1, "beat_schema": "4", "line": 447}, "model": "chordcharts.measure"}, {"pk": 1124, "fields": {"number": 2, "beat_schema": "2-2", "line": 447}, "model": "chordcharts.measure"}, {"pk": 1125, "fields": {"number": 3, "beat_schema": "4", "line": 447}, "model": "chordcharts.measure"}, {"pk": 1126, "fields": {"number": 4, "beat_schema": "4", "line": 447}, "model": "chordcharts.measure"}, {"pk": 1143, "fields": {"number": 1, "beat_schema": "4", "line": 450}, "model": "chordcharts.measure"}, {"pk": 1144, "fields": {"number": 2, "beat_schema": "4", "line": 450}, "model": "chordcharts.measure"}, {"pk": 1145, "fields": {"number": 3, "beat_schema": "4", "line": 450}, "model": "chordcharts.measure"}, {"pk": 1146, "fields": {"number": 4, "beat_schema": "4", "line": 450}, "model": "chordcharts.measure"}, {"pk": 1147, "fields": {"number": 5, "beat_schema": "2-2", "line": 450}, "model": "chordcharts.measure"}, {"pk": 1148, "fields": {"number": 6, "beat_schema": "2-2", "line": 450}, "model": "chordcharts.measure"}, {"pk": 1149, "fields": {"number": 7, "beat_schema": "4", "line": 450}, "model": "chordcharts.measure"}, {"pk": 1150, "fields": {"number": 8, "beat_schema": "4", "line": 450}, "model": "chordcharts.measure"}, {"pk": 1151, "fields": {"number": 1, "beat_schema": "4", "line": 451}, "model": "chordcharts.measure"}, {"pk": 1152, "fields": {"number": 2, "beat_schema": "4", "line": 451}, "model": "chordcharts.measure"}, {"pk": 1153, "fields": {"number": 3, "beat_schema": "4", "line": 451}, "model": "chordcharts.measure"}, {"pk": 1154, "fields": {"number": 4, "beat_schema": "4", "line": 451}, "model": "chordcharts.measure"}, {"pk": 1155, "fields": {"number": 5, "beat_schema": "2-2", "line": 451}, "model": "chordcharts.measure"}, {"pk": 1156, "fields": {"number": 6, "beat_schema": "2-2", "line": 451}, "model": "chordcharts.measure"}, {"pk": 1157, "fields": {"number": 7, "beat_schema": "4", "line": 451}, "model": "chordcharts.measure"}, {"pk": 1158, "fields": {"number": 8, "beat_schema": "4", "line": 451}, "model": "chordcharts.measure"}, {"pk": 1, "fields": {"number": 1, "measure": 1, "beats": 2, "alt_bass": false, "alt_bass_pitch": 0, "chord_type": 8, "rest": false, "chord_pitch": 0}, "model": "chordcharts.chord"}, {"pk": 2, "fields": {"number": 2, "measure": 1, "beats": 2, "alt_bass": false, "alt_bass_pitch": 0, "chord_type": 5, "rest": false, "chord_pitch": 9}, "model": "chordcharts.chord"}, {"pk": 3, "fields": {"number": 1, "measure": 2, "beats": 2, "alt_bass": false, "alt_bass_pitch": 0, "chord_type": 1, "rest": false, "chord_pitch": 5}, "model": "chordcharts.chord"}, {"pk": 4, "fields": {"number": 2, "measure": 2, "beats": 2, "alt_bass": false, "alt_bass_pitch": 0, "chord_type": 1, "rest": false, "chord_pitch": 7}, "model": "chordcharts.chord"}, {"pk": 5, "fields": {"number": 1, "measure": 3, "beats": 2, "alt_bass": false, "alt_bass_pitch": 0, "chord_type": 8, "rest": false, "chord_pitch": 0}, "model": "chordcharts.chord"}, {"pk": 6, "fields": {"number": 2, "measure": 3, "beats": 2, "alt_bass": false, "alt_bass_pitch": 0, "chord_type": 5, "rest": false, "chord_pitch": 9}, "model": "chordcharts.chord"}, {"pk": 7, "fields": {"number": 1, "measure": 4, "beats": 2, "alt_bass": false, "alt_bass_pitch": 0, "chord_type": 4, "rest": false, "chord_pitch": 5}, "model": "chordcharts.chord"}, {"pk": 8, "fields": {"number": 2, "measure": 4, "beats": 2, "alt_bass": false, "alt_bass_pitch": 0, "chord_type": 4, "rest": false, "chord_pitch": 7}, "model": "chordcharts.chord"}, {"pk": 9, "fields": {"number": 1, "measure": 5, "beats": 4, "alt_bass": false, "alt_bass_pitch": 0, "chord_type": 8, "rest": false, "chord_pitch": 0}, "model": "chordcharts.chord"}, {"pk": 10, "fields": {"number": 1, "measure": 7, "beats": 4, "alt_bass": false, "alt_bass_pitch": 0, "chord_type": 8, "rest": false, "chord_pitch": 0}, "model": "chordcharts.chord"}, {"pk": 11, "fields": {"number": 1, "measure": 8, "beats": 4, "alt_bass": false, "alt_bass_pitch": 0, "chord_type": 8, "rest": false, "chord_pitch": 0}, "model": "chordcharts.chord"}, {"pk": 12, "fields": {"number": 1, "measure": 9, "beats": 4, "alt_bass": false, "alt_bass_pitch": 0, "chord_type": 22, "rest": false, "chord_pitch": 5}, "model": "chordcharts.chord"}, {"pk": 13, "fields": {"number": 1, "measure": 10, "beats": 4, "alt_bass": false, "alt_bass_pitch": 0, "chord_type": 4, "rest": false, "chord_pitch": 0}, "model": "chordcharts.chord"}, {"pk": 14, "fields": {"number": 1, "measure": 11, "beats": 2, "alt_bass": false, "alt_bass_pitch": 0, "chord_type": 4, "rest": false, "chord_pitch": 0}, "model": "chordcharts.chord"}, {"pk": 15, "fields": {"number": 2, "measure": 11, "beats": 1, "alt_bass": true, "alt_bass_pitch": 4, "chord_type": 1, "rest": false, "chord_pitch": 0}, "model": "chordcharts.chord"}, {"pk": 16, "fields": {"number": 3, "measure": 11, "beats": 1, "alt_bass": false, "alt_bass_pitch": 0, "chord_type": 10, "rest": false, "chord_pitch": 3}, "model": "chordcharts.chord"}, {"pk": 17, "fields": {"number": 1, "measure": 12, "beats": 4, "alt_bass": false, "alt_bass_pitch": 0, "chord_type": 5, "rest": false, "chord_pitch": 2}, "model": "chordcharts.chord"}, {"pk": 18, "fields": {"number": 1, "measure": 13, "beats": 4, "alt_bass": false, "alt_bass_pitch": 0, "chord_type": 22, "rest": false, "chord_pitch": 9}, "model": "chordcharts.chord"}, {"pk": 19, "fields": {"number": 1, "measure": 14, "beats": 4, "alt_bass": false, "alt_bass_pitch": 0, "chord_type": 2, "rest": false, "chord_pitch": 2}, "model": "chordcharts.chord"}, {"pk": 20, "fields": {"number": 1, "measure": 15, "beats": 4, "alt_bass": false, "alt_bass_pitch": 0, "chord_type": 12, "rest": false, "chord_pitch": 2}, "model": "chordcharts.chord"}, {"pk": 21, "fields": {"number": 1, "measure": 16, "beats": 4, "alt_bass": false, "alt_bass_pitch": 0, "chord_type": 5, "rest": false, "chord_pitch": 2}, "model": "chordcharts.chord"}, {"pk": 22, "fields": {"number": 1, "measure": 17, "beats": 4, "alt_bass": false, "alt_bass_pitch": 0, "chord_type": 3, "rest": false, "chord_pitch": 7}, "model": "chordcharts.chord"}, {"pk": 23, "fields": {"number": 1, "measure": 18, "beats": 4, "alt_bass": false, "alt_bass_pitch": 0, "chord_type": 2, "rest": false, "chord_pitch": 2}, "model": "chordcharts.chord"}, {"pk": 24, "fields": {"number": 1, "measure": 19, "beats": 4, "alt_bass": false, "alt_bass_pitch": 0, "chord_type": 3, "rest": false, "chord_pitch": 7}, "model": "chordcharts.chord"}, {"pk": 25, "fields": {"number": 1, "measure": 20, "beats": 4, "alt_bass": false, "alt_bass_pitch": 0, "chord_type": 8, "rest": false, "chord_pitch": 0}, "model": "chordcharts.chord"}, {"pk": 26, "fields": {"number": 1, "measure": 21, "beats": 4, "alt_bass": false, "alt_bass_pitch": 0, "chord_type": 8, "rest": false, "chord_pitch": 0}, "model": "chordcharts.chord"}, {"pk": 27, "fields": {"number": 1, "measure": 22, "beats": 4, "alt_bass": false, "alt_bass_pitch": 0, "chord_type": 3, "rest": false, "chord_pitch": 0}, "model": "chordcharts.chord"}, {"pk": 28, "fields": {"number": 1, "measure": 23, "beats": 4, "alt_bass": false, "alt_bass_pitch": 0, "chord_type": 3, "rest": false, "chord_pitch": 0}, "model": "chordcharts.chord"}, {"pk": 29, "fields": {"number": 1, "measure": 24, "beats": 4, "alt_bass": false, "alt_bass_pitch": 0, "chord_type": 8, "rest": false, "chord_pitch": 5}, "model": "chordcharts.chord"}, {"pk": 30, "fields": {"number": 1, "measure": 25, "beats": 4, "alt_bass": false, "alt_bass_pitch": 0, "chord_type": 11, "rest": false, "chord_pitch": 2}, "model": "chordcharts.chord"}, {"pk": 31, "fields": {"number": 1, "measure": 26, "beats": 4, "alt_bass": false, "alt_bass_pitch": 0, "chord_type": 8, "rest": false, "chord_pitch": 0}, "model": "chordcharts.chord"}, {"pk": 32, "fields": {"number": 1, "measure": 27, "beats": 2, "alt_bass": false, "alt_bass_pitch": 0, "chord_type": 8, "rest": false, "chord_pitch": 0}, "model": "chordcharts.chord"}, {"pk": 33, "fields": {"number": 2, "measure": 27, "beats": 1, "alt_bass": false, "alt_bass_pitch": 0, "chord_type": 5, "rest": false, "chord_pitch": 4}, "model": "chordcharts.chord"}, {"pk": 34, "fields": {"number": 3, "measure": 27, "beats": 4, "alt_bass": false, "alt_bass_pitch": 0, "chord_type": 5, "rest": false, "chord_pitch": 3}, "model": "chordcharts.chord"}, {"pk": 35, "fields": {"number": 1, "measure": 28, "beats": 4, "alt_bass": false, "alt_bass_pitch": 0, "chord_type": 5, "rest": false, "chord_pitch": 2}, "model": "chordcharts.chord"}, {"pk": 36, "fields": {"number": 1, "measure": 29, "beats": 4, "alt_bass": false, "alt_bass_pitch": 0, "chord_type": 3, "rest": false, "chord_pitch": 7}, "model": "chordcharts.chord"}, {"pk": 37, "fields": {"number": 1, "measure": 30, "beats": 4, "alt_bass": false, "alt_bass_pitch": 0, "chord_type": 13, "rest": false, "chord_pitch": 7}, "model": "chordcharts.chord"}, {"pk": 38, "fields": {"number": 1, "measure": 31, "beats": 4, "alt_bass": false, "alt_bass_pitch": 0, "chord_type": 8, "rest": false, "chord_pitch": 0}, "model": "chordcharts.chord"}, {"pk": 39, "fields": {"number": 1, "measure": 32, "beats": 2, "alt_bass": false, "alt_bass_pitch": 0, "chord_type": 8, "rest": false, "chord_pitch": 0}, "model": "chordcharts.chord"}, {"pk": 40, "fields": {"number": 2, "measure": 32, "beats": 2, "alt_bass": false, "alt_bass_pitch": 0, "chord_type": 5, "rest": false, "chord_pitch": 9}, "model": "chordcharts.chord"}, {"pk": 41, "fields": {"number": 1, "measure": 33, "beats": 2, "alt_bass": false, "alt_bass_pitch": 0, "chord_type": 5, "rest": false, "chord_pitch": 2}, "model": "chordcharts.chord"}, {"pk": 42, "fields": {"number": 2, "measure": 33, "beats": 2, "alt_bass": false, "alt_bass_pitch": 0, "chord_type": 3, "rest": false, "chord_pitch": 7}, "model": "chordcharts.chord"}, {"pk": 43, "fields": {"number": 1, "measure": 34, "beats": 2, "alt_bass": false, "alt_bass_pitch": 0, "chord_type": 8, "rest": false, "chord_pitch": 0}, "model": "chordcharts.chord"}, {"pk": 44, "fields": {"number": 2, "measure": 34, "beats": 2, "alt_bass": false, "alt_bass_pitch": 0, "chord_type": 13, "rest": false, "chord_pitch": 9}, "model": "chordcharts.chord"}, {"pk": 45, "fields": {"number": 1, "measure": 35, "beats": 2, "alt_bass": false, "alt_bass_pitch": 0, "chord_type": 5, "rest": false, "chord_pitch": 2}, "model": "chordcharts.chord"}, {"pk": 46, "fields": {"number": 2, "measure": 35, "beats": 2, "alt_bass": false, "alt_bass_pitch": 0, "chord_type": 3, "rest": false, "chord_pitch": 7}, "model": "chordcharts.chord"}, {"pk": 47, "fields": {"number": 1, "measure": 36, "beats": 2, "alt_bass": false, "alt_bass_pitch": 0, "chord_type": 2, "rest": false, "chord_pitch": 4}, "model": "chordcharts.chord"}, {"pk": 48, "fields": {"number": 2, "measure": 36, "beats": 2, "alt_bass": false, "alt_bass_pitch": 0, "chord_type": 13, "rest": false, "chord_pitch": 9}, "model": "chordcharts.chord"}, {"pk": 49, "fields": {"number": 1, "measure": 37, "beats": 4, "alt_bass": false, "alt_bass_pitch": 0, "chord_type": 3, "rest": false, "chord_pitch": 2}, "model": "chordcharts.chord"}, {"pk": 50, "fields": {"number": 1, "measure": 38, "beats": 4, "alt_bass": false, "alt_bass_pitch": 0, "chord_type": 5, "rest": false, "chord_pitch": 2}, "model": "chordcharts.chord"}, {"pk": 51, "fields": {"number": 1, "measure": 39, "beats": 4, "alt_bass": false, "alt_bass_pitch": 0, "chord_type": 3, "rest": false, "chord_pitch": 7}, "model": "chordcharts.chord"}, {"pk": 52, "fields": {"number": 1, "measure": 40, "beats": 2, "alt_bass": false, "alt_bass_pitch": 0, "chord_type": 8, "rest": false, "chord_pitch": 0}, "model": "chordcharts.chord"}, {"pk": 53, "fields": {"number": 2, "measure": 40, "beats": 2, "alt_bass": false, "alt_bass_pitch": 0, "chord_type": 5, "rest": false, "chord_pitch": 9}, "model": "chordcharts.chord"}, {"pk": 54, "fields": {"number": 1, "measure": 41, "beats": 2, "alt_bass": false, "alt_bass_pitch": 0, "chord_type": 5, "rest": false, "chord_pitch": 2}, "model": "chordcharts.chord"}, {"pk": 55, "fields": {"number": 2, "measure": 41, "beats": 2, "alt_bass": false, "alt_bass_pitch": 0, "chord_type": 3, "rest": false, "chord_pitch": 7}, "model": "chordcharts.chord"}, {"pk": 56, "fields": {"number": 1, "measure": 42, "beats": 2, "alt_bass": false, "alt_bass_pitch": 0, "chord_type": 8, "rest": false, "chord_pitch": 0}, "model": "chordcharts.chord"}, {"pk": 57, "fields": {"number": 2, "measure": 42, "beats": 2, "alt_bass": false, "alt_bass_pitch": 0, "chord_type": 13, "rest": false, "chord_pitch": 9}, "model": "chordcharts.chord"}, {"pk": 58, "fields": {"number": 1, "measure": 43, "beats": 2, "alt_bass": false, "alt_bass_pitch": 0, "chord_type": 3, "rest": false, "chord_pitch": 9}, "model": "chordcharts.chord"}, {"pk": 59, "fields": {"number": 2, "measure": 43, "beats": 2, "alt_bass": false, "alt_bass_pitch": 0, "chord_type": 5, "rest": false, "chord_pitch": 2}, "model": "chordcharts.chord"}, {"pk": 60, "fields": {"number": 1, "measure": 44, "beats": 4, "alt_bass": false, "alt_bass_pitch": 0, "chord_type": 1, "rest": false, "chord_pitch": 5}, "model": "chordcharts.chord"}, {"pk": 61, "fields": {"number": 1, "measure": 45, "beats": 4, "alt_bass": false, "alt_bass_pitch": 0, "chord_type": 10, "rest": false, "chord_pitch": 6}, "model": "chordcharts.chord"}, {"pk": 62, "fields": {"number": 1, "measure": 46, "beats": 4, "alt_bass": false, "alt_bass_pitch": 0, "chord_type": 3, "rest": false, "chord_pitch": 7}, "model": "chordcharts.chord"}, {"pk": 63, "fields": {"number": 1, "measure": 47, "beats": 4, "alt_bass": false, "alt_bass_pitch": 0, "chord_type": 3, "rest": false, "chord_pitch": 7}, "model": "chordcharts.chord"}, {"pk": 385, "fields": {"number": 1, "measure": 111, "beats": 4, "alt_bass": false, "alt_bass_pitch": 0, "chord_type": 1, "rest": false, "chord_pitch": 0}, "model": "chordcharts.chord"}, {"pk": 386, "fields": {"number": 1, "measure": 112, "beats": 4, "alt_bass": false, "alt_bass_pitch": 0, "chord_type": 1, "rest": false, "chord_pitch": 0}, "model": "chordcharts.chord"}, {"pk": 387, "fields": {"number": 1, "measure": 113, "beats": 4, "alt_bass": false, "alt_bass_pitch": 0, "chord_type": 3, "rest": false, "chord_pitch": 9}, "model": "chordcharts.chord"}, {"pk": 388, "fields": {"number": 1, "measure": 114, "beats": 4, "alt_bass": false, "alt_bass_pitch": 0, "chord_type": 3, "rest": false, "chord_pitch": 9}, "model": "chordcharts.chord"}, {"pk": 389, "fields": {"number": 1, "measure": 115, "beats": 4, "alt_bass": false, "alt_bass_pitch": 0, "chord_type": 3, "rest": false, "chord_pitch": 2}, "model": "chordcharts.chord"}, {"pk": 390, "fields": {"number": 1, "measure": 116, "beats": 2, "alt_bass": false, "alt_bass_pitch": 0, "chord_type": 1, "rest": false, "chord_pitch": 5}, "model": "chordcharts.chord"}, {"pk": 391, "fields": {"number": 2, "measure": 116, "beats": 2, "alt_bass": false, "alt_bass_pitch": 0, "chord_type": 3, "rest": false, "chord_pitch": 7}, "model": "chordcharts.chord"}, {"pk": 392, "fields": {"number": 1, "measure": 117, "beats": 4, "alt_bass": false, "alt_bass_pitch": 0, "chord_type": 1, "rest": false, "chord_pitch": 0}, "model": "chordcharts.chord"}, {"pk": 394, "fields": {"number": 1, "measure": 118, "beats": 4, "alt_bass": false, "alt_bass_pitch": 0, "chord_type": 1, "rest": false, "chord_pitch": 0}, "model": "chordcharts.chord"}, {"pk": 396, "fields": {"number": 1, "measure": 119, "beats": 2, "alt_bass": false, "alt_bass_pitch": 0, "chord_type": 2, "rest": false, "chord_pitch": 4}, "model": "chordcharts.chord"}, {"pk": 397, "fields": {"number": 1, "measure": 120, "beats": 4, "alt_bass": false, "alt_bass_pitch": 0, "chord_type": 3, "rest": false, "chord_pitch": 11}, "model": "chordcharts.chord"}, {"pk": 398, "fields": {"number": 1, "measure": 121, "beats": 2, "alt_bass": false, "alt_bass_pitch": 0, "chord_type": 3, "rest": false, "chord_pitch": 11}, "model": "chordcharts.chord"}, {"pk": 399, "fields": {"number": 1, "measure": 122, "beats": 4, "alt_bass": false, "alt_bass_pitch": 0, "chord_type": 2, "rest": false, "chord_pitch": 4}, "model": "chordcharts.chord"}, {"pk": 400, "fields": {"number": 2, "measure": 119, "beats": 2, "alt_bass": false, "alt_bass_pitch": 0, "chord_type": 3, "rest": false, "chord_pitch": 11}, "model": "chordcharts.chord"}, {"pk": 401, "fields": {"number": 2, "measure": 121, "beats": 2, "alt_bass": false, "alt_bass_pitch": 0, "chord_type": 2, "rest": false, "chord_pitch": 4}, "model": "chordcharts.chord"}, {"pk": 402, "fields": {"number": 1, "measure": 123, "beats": 2, "alt_bass": false, "alt_bass_pitch": 0, "chord_type": 1, "rest": false, "chord_pitch": 7}, "model": "chordcharts.chord"}, {"pk": 403, "fields": {"number": 2, "measure": 123, "beats": 2, "alt_bass": false, "alt_bass_pitch": 0, "chord_type": 10, "rest": false, "chord_pitch": 8}, "model": "chordcharts.chord"}, {"pk": 404, "fields": {"number": 1, "measure": 124, "beats": 2, "alt_bass": false, "alt_bass_pitch": 0, "chord_type": 2, "rest": false, "chord_pitch": 9}, "model": "chordcharts.chord"}, {"pk": 405, "fields": {"number": 2, "measure": 124, "beats": 2, "alt_bass": false, "alt_bass_pitch": 0, "chord_type": 3, "rest": false, "chord_pitch": 2}, "model": "chordcharts.chord"}, {"pk": 406, "fields": {"number": 1, "measure": 125, "beats": 4, "alt_bass": false, "alt_bass_pitch": 0, "chord_type": 1, "rest": false, "chord_pitch": 7}, "model": "chordcharts.chord"}, {"pk": 408, "fields": {"number": 1, "measure": 126, "beats": 4, "alt_bass": false, "alt_bass_pitch": 0, "chord_type": 3, "rest": false, "chord_pitch": 7}, "model": "chordcharts.chord"}, {"pk": 410, "fields": {"number": 1, "measure": 127, "beats": 4, "alt_bass": false, "alt_bass_pitch": 0, "chord_type": 4, "rest": false, "chord_pitch": 5}, "model": "chordcharts.chord"}, {"pk": 411, "fields": {"number": 1, "measure": 128, "beats": 4, "alt_bass": false, "alt_bass_pitch": 0, "chord_type": 9, "rest": false, "chord_pitch": 5}, "model": "chordcharts.chord"}, {"pk": 412, "fields": {"number": 1, "measure": 129, "beats": 4, "alt_bass": false, "alt_bass_pitch": 0, "chord_type": 7, "rest": false, "chord_pitch": 5}, "model": "chordcharts.chord"}, {"pk": 413, "fields": {"number": 1, "measure": 130, "beats": 4, "alt_bass": false, "alt_bass_pitch": 0, "chord_type": 7, "rest": false, "chord_pitch": 5}, "model": "chordcharts.chord"}, {"pk": 414, "fields": {"number": 1, "measure": 131, "beats": 4, "alt_bass": false, "alt_bass_pitch": 0, "chord_type": 1, "rest": false, "chord_pitch": 0}, "model": "chordcharts.chord"}, {"pk": 416, "fields": {"number": 1, "measure": 132, "beats": 4, "alt_bass": false, "alt_bass_pitch": 0, "chord_type": 3, "rest": false, "chord_pitch": 11}, "model": "chordcharts.chord"}, {"pk": 419, "fields": {"number": 1, "measure": 133, "beats": 4, "alt_bass": false, "alt_bass_pitch": 0, "chord_type": 1, "rest": false, "chord_pitch": 0}, "model": "chordcharts.chord"}, {"pk": 422, "fields": {"number": 1, "measure": 134, "beats": 2, "alt_bass": false, "alt_bass_pitch": 0, "chord_type": 1, "rest": false, "chord_pitch": 0}, "model": "chordcharts.chord"}, {"pk": 423, "fields": {"number": 2, "measure": 134, "beats": 1, "alt_bass": false, "alt_bass_pitch": 0, "chord_type": 3, "rest": false, "chord_pitch": 7}, "model": "chordcharts.chord"}, {"pk": 424, "fields": {"number": 3, "measure": 134, "beats": 1, "alt_bass": false, "alt_bass_pitch": 0, "chord_type": 3, "rest": false, "chord_pitch": 8}, "model": "chordcharts.chord"}, {"pk": 426, "fields": {"number": 1, "measure": 135, "beats": 4, "alt_bass": false, "alt_bass_pitch": 0, "chord_type": 3, "rest": false, "chord_pitch": 9}, "model": "chordcharts.chord"}, {"pk": 427, "fields": {"number": 1, "measure": 136, "beats": 4, "alt_bass": false, "alt_bass_pitch": 0, "chord_type": 3, "rest": false, "chord_pitch": 9}, "model": "chordcharts.chord"}, {"pk": 428, "fields": {"number": 1, "measure": 137, "beats": 4, "alt_bass": false, "alt_bass_pitch": 0, "chord_type": 3, "rest": false, "chord_pitch": 9}, "model": "chordcharts.chord"}, {"pk": 429, "fields": {"number": 1, "measure": 138, "beats": 4, "alt_bass": false, "alt_bass_pitch": 0, "chord_type": 3, "rest": false, "chord_pitch": 9}, "model": "chordcharts.chord"}, {"pk": 430, "fields": {"number": 1, "measure": 139, "beats": 4, "alt_bass": false, "alt_bass_pitch": 0, "chord_type": 3, "rest": false, "chord_pitch": 2}, "model": "chordcharts.chord"}, {"pk": 431, "fields": {"number": 1, "measure": 140, "beats": 4, "alt_bass": false, "alt_bass_pitch": 0, "chord_type": 3, "rest": false, "chord_pitch": 2}, "model": "chordcharts.chord"}, {"pk": 432, "fields": {"number": 1, "measure": 141, "beats": 4, "alt_bass": false, "alt_bass_pitch": 0, "chord_type": 5, "rest": false, "chord_pitch": 2}, "model": "chordcharts.chord"}, {"pk": 433, "fields": {"number": 1, "measure": 142, "beats": 4, "alt_bass": false, "alt_bass_pitch": 0, "chord_type": 3, "rest": false, "chord_pitch": 7}, "model": "chordcharts.chord"}, {"pk": 434, "fields": {"number": 1, "measure": 143, "beats": 4, "alt_bass": false, "alt_bass_pitch": 0, "chord_type": 4, "rest": false, "chord_pitch": 5}, "model": "chordcharts.chord"}, {"pk": 435, "fields": {"number": 1, "measure": 144, "beats": 4, "alt_bass": false, "alt_bass_pitch": 0, "chord_type": 9, "rest": false, "chord_pitch": 5}, "model": "chordcharts.chord"}, {"pk": 436, "fields": {"number": 1, "measure": 145, "beats": 4, "alt_bass": false, "alt_bass_pitch": 0, "chord_type": 7, "rest": false, "chord_pitch": 5}, "model": "chordcharts.chord"}, {"pk": 437, "fields": {"number": 1, "measure": 146, "beats": 4, "alt_bass": false, "alt_bass_pitch": 0, "chord_type": 7, "rest": false, "chord_pitch": 5}, "model": "chordcharts.chord"}, {"pk": 438, "fields": {"number": 1, "measure": 147, "beats": 4, "alt_bass": false, "alt_bass_pitch": 0, "chord_type": 1, "rest": false, "chord_pitch": 0}, "model": "chordcharts.chord"}, {"pk": 439, "fields": {"number": 1, "measure": 148, "beats": 4, "alt_bass": false, "alt_bass_pitch": 0, "chord_type": 3, "rest": false, "chord_pitch": 11}, "model": "chordcharts.chord"}, {"pk": 440, "fields": {"number": 1, "measure": 149, "beats": 4, "alt_bass": false, "alt_bass_pitch": 0, "chord_type": 1, "rest": false, "chord_pitch": 0}, "model": "chordcharts.chord"}, {"pk": 441, "fields": {"number": 1, "measure": 150, "beats": 2, "alt_bass": false, "alt_bass_pitch": 0, "chord_type": 1, "rest": false, "chord_pitch": 0}, "model": "chordcharts.chord"}, {"pk": 442, "fields": {"number": 2, "measure": 150, "beats": 1, "alt_bass": false, "alt_bass_pitch": 0, "chord_type": 3, "rest": false, "chord_pitch": 7}, "model": "chordcharts.chord"}, {"pk": 443, "fields": {"number": 3, "measure": 150, "beats": 1, "alt_bass": false, "alt_bass_pitch": 0, "chord_type": 3, "rest": false, "chord_pitch": 8}, "model": "chordcharts.chord"}, {"pk": 444, "fields": {"number": 1, "measure": 151, "beats": 4, "alt_bass": false, "alt_bass_pitch": 0, "chord_type": 3, "rest": false, "chord_pitch": 9}, "model": "chordcharts.chord"}, {"pk": 445, "fields": {"number": 1, "measure": 152, "beats": 4, "alt_bass": false, "alt_bass_pitch": 0, "chord_type": 3, "rest": false, "chord_pitch": 9}, "model": "chordcharts.chord"}, {"pk": 446, "fields": {"number": 1, "measure": 153, "beats": 4, "alt_bass": false, "alt_bass_pitch": 0, "chord_type": 3, "rest": false, "chord_pitch": 4}, "model": "chordcharts.chord"}, {"pk": 447, "fields": {"number": 1, "measure": 154, "beats": 4, "alt_bass": false, "alt_bass_pitch": 0, "chord_type": 5, "rest": false, "chord_pitch": 9}, "model": "chordcharts.chord"}, {"pk": 448, "fields": {"number": 1, "measure": 155, "beats": 4, "alt_bass": false, "alt_bass_pitch": 0, "chord_type": 3, "rest": false, "chord_pitch": 5}, "model": "chordcharts.chord"}, {"pk": 449, "fields": {"number": 1, "measure": 156, "beats": 4, "alt_bass": false, "alt_bass_pitch": 0, "chord_type": 10, "rest": false, "chord_pitch": 6}, "model": "chordcharts.chord"}, {"pk": 450, "fields": {"number": 1, "measure": 157, "beats": 4, "alt_bass": false, "alt_bass_pitch": 0, "chord_type": 1, "rest": false, "chord_pitch": 0}, "model": "chordcharts.chord"}, {"pk": 451, "fields": {"number": 1, "measure": 158, "beats": 4, "alt_bass": false, "alt_bass_pitch": 0, "chord_type": 3, "rest": false, "chord_pitch": 0}, "model": "chordcharts.chord"}, {"pk": 452, "fields": {"number": 1, "measure": 159, "beats": 4, "alt_bass": false, "alt_bass_pitch": 0, "chord_type": 1, "rest": false, "chord_pitch": 0}, "model": "chordcharts.chord"}, {"pk": 453, "fields": {"number": 1, "measure": 160, "beats": 4, "alt_bass": false, "alt_bass_pitch": 2, "chord_type": 3, "rest": false, "chord_pitch": 4}, "model": "chordcharts.chord"}, {"pk": 454, "fields": {"number": 1, "measure": 161, "beats": 2, "alt_bass": false, "alt_bass_pitch": 3, "chord_type": 5, "rest": false, "chord_pitch": 2}, "model": "chordcharts.chord"}, {"pk": 455, "fields": {"number": 1, "measure": 162, "beats": 4, "alt_bass": false, "alt_bass_pitch": 0, "chord_type": 5, "rest": false, "chord_pitch": 2}, "model": "chordcharts.chord"}, {"pk": 456, "fields": {"number": 2, "measure": 161, "beats": 2, "alt_bass": false, "alt_bass_pitch": 0, "chord_type": 3, "rest": false, "chord_pitch": 9}, "model": "chordcharts.chord"}, {"pk": 457, "fields": {"number": 1, "measure": 163, "beats": 2, "alt_bass": false, "alt_bass_pitch": 0, "chord_type": 5, "rest": false, "chord_pitch": 2}, "model": "chordcharts.chord"}, {"pk": 458, "fields": {"number": 2, "measure": 163, "beats": 2, "alt_bass": false, "alt_bass_pitch": 0, "chord_type": 3, "rest": false, "chord_pitch": 9}, "model": "chordcharts.chord"}, {"pk": 459, "fields": {"number": 1, "measure": 164, "beats": 2, "alt_bass": false, "alt_bass_pitch": 0, "chord_type": 5, "rest": false, "chord_pitch": 2}, "model": "chordcharts.chord"}, {"pk": 460, "fields": {"number": 2, "measure": 164, "beats": 2, "alt_bass": false, "alt_bass_pitch": 0, "chord_type": 3, "rest": false, "chord_pitch": 7}, "model": "chordcharts.chord"}, {"pk": 461, "fields": {"number": 1, "measure": 165, "beats": 4, "alt_bass": false, "alt_bass_pitch": 0, "chord_type": 1, "rest": false, "chord_pitch": 0}, "model": "chordcharts.chord"}, {"pk": 463, "fields": {"number": 1, "measure": 166, "beats": 2, "alt_bass": false, "alt_bass_pitch": 0, "chord_type": 1, "rest": false, "chord_pitch": 0}, "model": "chordcharts.chord"}, {"pk": 465, "fields": {"number": 1, "measure": 167, "beats": 4, "alt_bass": false, "alt_bass_pitch": 0, "chord_type": 2, "rest": false, "chord_pitch": 9}, "model": "chordcharts.chord"}, {"pk": 466, "fields": {"number": 1, "measure": 168, "beats": 4, "alt_bass": false, "alt_bass_pitch": 0, "chord_type": 2, "rest": false, "chord_pitch": 9}, "model": "chordcharts.chord"}, {"pk": 467, "fields": {"number": 1, "measure": 169, "beats": 4, "alt_bass": false, "alt_bass_pitch": 2, "chord_type": 2, "rest": false, "chord_pitch": 2}, "model": "chordcharts.chord"}, {"pk": 468, "fields": {"number": 1, "measure": 170, "beats": 4, "alt_bass": false, "alt_bass_pitch": 2, "chord_type": 2, "rest": false, "chord_pitch": 2}, "model": "chordcharts.chord"}, {"pk": 469, "fields": {"number": 1, "measure": 171, "beats": 4, "alt_bass": false, "alt_bass_pitch": 0, "chord_type": 3, "rest": false, "chord_pitch": 7}, "model": "chordcharts.chord"}, {"pk": 470, "fields": {"number": 1, "measure": 172, "beats": 4, "alt_bass": false, "alt_bass_pitch": 0, "chord_type": 3, "rest": false, "chord_pitch": 7}, "model": "chordcharts.chord"}, {"pk": 471, "fields": {"number": 1, "measure": 173, "beats": 4, "alt_bass": false, "alt_bass_pitch": 0, "chord_type": 1, "rest": false, "chord_pitch": 0}, "model": "chordcharts.chord"}, {"pk": 472, "fields": {"number": 1, "measure": 174, "beats": 4, "alt_bass": false, "alt_bass_pitch": 0, "chord_type": 13, "rest": false, "chord_pitch": 7}, "model": "chordcharts.chord"}, {"pk": 473, "fields": {"number": 1, "measure": 175, "beats": 4, "alt_bass": false, "alt_bass_pitch": 0, "chord_type": 1, "rest": false, "chord_pitch": 0}, "model": "chordcharts.chord"}, {"pk": 474, "fields": {"number": 1, "measure": 176, "beats": 4, "alt_bass": false, "alt_bass_pitch": 0, "chord_type": 3, "rest": false, "chord_pitch": 4}, "model": "chordcharts.chord"}, {"pk": 475, "fields": {"number": 1, "measure": 177, "beats": 2, "alt_bass": false, "alt_bass_pitch": 0, "chord_type": 5, "rest": false, "chord_pitch": 2}, "model": "chordcharts.chord"}, {"pk": 476, "fields": {"number": 2, "measure": 177, "beats": 2, "alt_bass": false, "alt_bass_pitch": 0, "chord_type": 3, "rest": false, "chord_pitch": 9}, "model": "chordcharts.chord"}, {"pk": 477, "fields": {"number": 1, "measure": 178, "beats": 4, "alt_bass": false, "alt_bass_pitch": 0, "chord_type": 5, "rest": false, "chord_pitch": 2}, "model": "chordcharts.chord"}, {"pk": 479, "fields": {"number": 1, "measure": 179, "beats": 2, "alt_bass": false, "alt_bass_pitch": 0, "chord_type": 5, "rest": false, "chord_pitch": 2}, "model": "chordcharts.chord"}, {"pk": 480, "fields": {"number": 2, "measure": 179, "beats": 2, "alt_bass": false, "alt_bass_pitch": 0, "chord_type": 3, "rest": false, "chord_pitch": 9}, "model": "chordcharts.chord"}, {"pk": 481, "fields": {"number": 1, "measure": 180, "beats": 2, "alt_bass": false, "alt_bass_pitch": 0, "chord_type": 5, "rest": false, "chord_pitch": 2}, "model": "chordcharts.chord"}, {"pk": 482, "fields": {"number": 2, "measure": 180, "beats": 2, "alt_bass": false, "alt_bass_pitch": 0, "chord_type": 3, "rest": false, "chord_pitch": 7}, "model": "chordcharts.chord"}, {"pk": 483, "fields": {"number": 1, "measure": 181, "beats": 4, "alt_bass": false, "alt_bass_pitch": 0, "chord_type": 2, "rest": false, "chord_pitch": 7}, "model": "chordcharts.chord"}, {"pk": 485, "fields": {"number": 1, "measure": 182, "beats": 4, "alt_bass": false, "alt_bass_pitch": 0, "chord_type": 3, "rest": false, "chord_pitch": 9}, "model": "chordcharts.chord"}, {"pk": 487, "fields": {"number": 1, "measure": 183, "beats": 4, "alt_bass": false, "alt_bass_pitch": 0, "chord_type": 2, "rest": false, "chord_pitch": 2}, "model": "chordcharts.chord"}, {"pk": 488, "fields": {"number": 2, "measure": 166, "beats": 2, "alt_bass": false, "alt_bass_pitch": 0, "chord_type": 1, "rest": false, "chord_pitch": 4}, "model": "chordcharts.chord"}, {"pk": 489, "fields": {"number": 1, "measure": 184, "beats": 4, "alt_bass": false, "alt_bass_pitch": 0, "chord_type": 1, "rest": false, "chord_pitch": 4}, "model": "chordcharts.chord"}, {"pk": 490, "fields": {"number": 1, "measure": 185, "beats": 4, "alt_bass": false, "alt_bass_pitch": 0, "chord_type": 2, "rest": false, "chord_pitch": 9}, "model": "chordcharts.chord"}, {"pk": 491, "fields": {"number": 1, "measure": 186, "beats": 4, "alt_bass": false, "alt_bass_pitch": 0, "chord_type": 2, "rest": false, "chord_pitch": 2}, "model": "chordcharts.chord"}, {"pk": 492, "fields": {"number": 1, "measure": 187, "beats": 4, "alt_bass": false, "alt_bass_pitch": 0, "chord_type": 3, "rest": false, "chord_pitch": 7}, "model": "chordcharts.chord"}, {"pk": 493, "fields": {"number": 1, "measure": 188, "beats": 4, "alt_bass": false, "alt_bass_pitch": 0, "chord_type": 3, "rest": false, "chord_pitch": 7}, "model": "chordcharts.chord"}, {"pk": 494, "fields": {"number": 1, "measure": 189, "beats": 4, "alt_bass": false, "alt_bass_pitch": 0, "chord_type": 1, "rest": false, "chord_pitch": 0}, "model": "chordcharts.chord"}, {"pk": 495, "fields": {"number": 1, "measure": 190, "beats": 4, "alt_bass": false, "alt_bass_pitch": 0, "chord_type": 13, "rest": false, "chord_pitch": 7}, "model": "chordcharts.chord"}, {"pk": 496, "fields": {"number": 1, "measure": 191, "beats": 4, "alt_bass": false, "alt_bass_pitch": 0, "chord_type": 2, "rest": false, "chord_pitch": 0}, "model": "chordcharts.chord"}, {"pk": 497, "fields": {"number": 1, "measure": 192, "beats": 4, "alt_bass": false, "alt_bass_pitch": 0, "chord_type": 2, "rest": false, "chord_pitch": 0}, "model": "chordcharts.chord"}, {"pk": 498, "fields": {"number": 1, "measure": 193, "beats": 4, "alt_bass": false, "alt_bass_pitch": 0, "chord_type": 2, "rest": false, "chord_pitch": 0}, "model": "chordcharts.chord"}, {"pk": 499, "fields": {"number": 1, "measure": 194, "beats": 4, "alt_bass": false, "alt_bass_pitch": 0, "chord_type": 2, "rest": false, "chord_pitch": 0}, "model": "chordcharts.chord"}, {"pk": 500, "fields": {"number": 1, "measure": 195, "beats": 4, "alt_bass": false, "alt_bass_pitch": 0, "chord_type": 2, "rest": false, "chord_pitch": 0}, "model": "chordcharts.chord"}, {"pk": 501, "fields": {"number": 1, "measure": 196, "beats": 4, "alt_bass": false, "alt_bass_pitch": 0, "chord_type": 2, "rest": false, "chord_pitch": 0}, "model": "chordcharts.chord"}, {"pk": 502, "fields": {"number": 1, "measure": 197, "beats": 4, "alt_bass": false, "alt_bass_pitch": 0, "chord_type": 2, "rest": false, "chord_pitch": 5}, "model": "chordcharts.chord"}, {"pk": 503, "fields": {"number": 1, "measure": 198, "beats": 4, "alt_bass": false, "alt_bass_pitch": 0, "chord_type": 3, "rest": false, "chord_pitch": 7}, "model": "chordcharts.chord"}, {"pk": 504, "fields": {"number": 1, "measure": 199, "beats": 4, "alt_bass": false, "alt_bass_pitch": 0, "chord_type": 2, "rest": false, "chord_pitch": 5}, "model": "chordcharts.chord"}, {"pk": 506, "fields": {"number": 1, "measure": 200, "beats": 4, "alt_bass": false, "alt_bass_pitch": 0, "chord_type": 3, "rest": false, "chord_pitch": 7}, "model": "chordcharts.chord"}, {"pk": 507, "fields": {"number": 1, "measure": 201, "beats": 4, "alt_bass": false, "alt_bass_pitch": 0, "chord_type": 2, "rest": false, "chord_pitch": 5}, "model": "chordcharts.chord"}, {"pk": 508, "fields": {"number": 1, "measure": 202, "beats": 4, "alt_bass": false, "alt_bass_pitch": 0, "chord_type": 3, "rest": false, "chord_pitch": 7}, "model": "chordcharts.chord"}, {"pk": 509, "fields": {"number": 1, "measure": 203, "beats": 4, "alt_bass": false, "alt_bass_pitch": 0, "chord_type": 2, "rest": false, "chord_pitch": 5}, "model": "chordcharts.chord"}, {"pk": 510, "fields": {"number": 1, "measure": 204, "beats": 4, "alt_bass": false, "alt_bass_pitch": 0, "chord_type": 3, "rest": false, "chord_pitch": 7}, "model": "chordcharts.chord"}, {"pk": 511, "fields": {"number": 1, "measure": 205, "beats": 4, "alt_bass": false, "alt_bass_pitch": 0, "chord_type": 2, "rest": false, "chord_pitch": 0}, "model": "chordcharts.chord"}, {"pk": 512, "fields": {"number": 1, "measure": 206, "beats": 4, "alt_bass": false, "alt_bass_pitch": 0, "chord_type": 3, "rest": false, "chord_pitch": 7}, "model": "chordcharts.chord"}, {"pk": 513, "fields": {"number": 1, "measure": 207, "beats": 4, "alt_bass": false, "alt_bass_pitch": 0, "chord_type": 1, "rest": false, "chord_pitch": 0}, "model": "chordcharts.chord"}, {"pk": 514, "fields": {"number": 1, "measure": 208, "beats": 4, "alt_bass": false, "alt_bass_pitch": 0, "chord_type": 1, "rest": false, "chord_pitch": 0}, "model": "chordcharts.chord"}, {"pk": 515, "fields": {"number": 1, "measure": 209, "beats": 4, "alt_bass": false, "alt_bass_pitch": 0, "chord_type": 1, "rest": false, "chord_pitch": 0}, "model": "chordcharts.chord"}, {"pk": 516, "fields": {"number": 1, "measure": 210, "beats": 4, "alt_bass": false, "alt_bass_pitch": 0, "chord_type": 1, "rest": false, "chord_pitch": 0}, "model": "chordcharts.chord"}, {"pk": 517, "fields": {"number": 1, "measure": 211, "beats": 4, "alt_bass": false, "alt_bass_pitch": 0, "chord_type": 1, "rest": false, "chord_pitch": 0}, "model": "chordcharts.chord"}, {"pk": 518, "fields": {"number": 1, "measure": 212, "beats": 2, "alt_bass": false, "alt_bass_pitch": 0, "chord_type": 5, "rest": false, "chord_pitch": 4}, "model": "chordcharts.chord"}, {"pk": 519, "fields": {"number": 1, "measure": 213, "beats": 4, "alt_bass": false, "alt_bass_pitch": 0, "chord_type": 5, "rest": false, "chord_pitch": 2}, "model": "chordcharts.chord"}, {"pk": 520, "fields": {"number": 2, "measure": 212, "beats": 2, "alt_bass": false, "alt_bass_pitch": 0, "chord_type": 10, "rest": false, "chord_pitch": 3}, "model": "chordcharts.chord"}, {"pk": 521, "fields": {"number": 1, "measure": 214, "beats": 4, "alt_bass": false, "alt_bass_pitch": 0, "chord_type": 3, "rest": false, "chord_pitch": 7}, "model": "chordcharts.chord"}, {"pk": 522, "fields": {"number": 1, "measure": 215, "beats": 4, "alt_bass": false, "alt_bass_pitch": 0, "chord_type": 5, "rest": false, "chord_pitch": 2}, "model": "chordcharts.chord"}, {"pk": 523, "fields": {"number": 1, "measure": 216, "beats": 4, "alt_bass": false, "alt_bass_pitch": 0, "chord_type": 3, "rest": false, "chord_pitch": 7}, "model": "chordcharts.chord"}, {"pk": 524, "fields": {"number": 1, "measure": 217, "beats": 4, "alt_bass": false, "alt_bass_pitch": 0, "chord_type": 1, "rest": false, "chord_pitch": 0}, "model": "chordcharts.chord"}, {"pk": 525, "fields": {"number": 1, "measure": 218, "beats": 4, "alt_bass": false, "alt_bass_pitch": 0, "chord_type": 1, "rest": false, "chord_pitch": 0}, "model": "chordcharts.chord"}, {"pk": 526, "fields": {"number": 1, "measure": 219, "beats": 4, "alt_bass": false, "alt_bass_pitch": 0, "chord_type": 5, "rest": false, "chord_pitch": 2}, "model": "chordcharts.chord"}, {"pk": 527, "fields": {"number": 1, "measure": 220, "beats": 4, "alt_bass": false, "alt_bass_pitch": 0, "chord_type": 3, "rest": false, "chord_pitch": 7}, "model": "chordcharts.chord"}, {"pk": 528, "fields": {"number": 1, "measure": 221, "beats": 4, "alt_bass": false, "alt_bass_pitch": 0, "chord_type": 1, "rest": false, "chord_pitch": 0}, "model": "chordcharts.chord"}, {"pk": 529, "fields": {"number": 1, "measure": 222, "beats": 4, "alt_bass": false, "alt_bass_pitch": 0, "chord_type": 2, "rest": false, "chord_pitch": 5}, "model": "chordcharts.chord"}, {"pk": 533, "fields": {"number": 1, "measure": 223, "beats": 4, "alt_bass": false, "alt_bass_pitch": 0, "chord_type": 8, "rest": false, "chord_pitch": 0}, "model": "chordcharts.chord"}, {"pk": 534, "fields": {"number": 1, "measure": 224, "beats": 4, "alt_bass": false, "alt_bass_pitch": 0, "chord_type": 8, "rest": false, "chord_pitch": 0}, "model": "chordcharts.chord"}, {"pk": 535, "fields": {"number": 1, "measure": 225, "beats": 4, "alt_bass": false, "alt_bass_pitch": 0, "chord_type": 10, "rest": false, "chord_pitch": 0}, "model": "chordcharts.chord"}, {"pk": 536, "fields": {"number": 1, "measure": 226, "beats": 4, "alt_bass": false, "alt_bass_pitch": 0, "chord_type": 10, "rest": false, "chord_pitch": 0}, "model": "chordcharts.chord"}, {"pk": 537, "fields": {"number": 1, "measure": 227, "beats": 4, "alt_bass": false, "alt_bass_pitch": 0, "chord_type": 3, "rest": false, "chord_pitch": 7}, "model": "chordcharts.chord"}, {"pk": 538, "fields": {"number": 1, "measure": 228, "beats": 4, "alt_bass": false, "alt_bass_pitch": 0, "chord_type": 3, "rest": false, "chord_pitch": 7}, "model": "chordcharts.chord"}, {"pk": 539, "fields": {"number": 1, "measure": 229, "beats": 4, "alt_bass": false, "alt_bass_pitch": 0, "chord_type": 8, "rest": false, "chord_pitch": 0}, "model": "chordcharts.chord"}, {"pk": 540, "fields": {"number": 1, "measure": 230, "beats": 4, "alt_bass": false, "alt_bass_pitch": 0, "chord_type": 3, "rest": false, "chord_pitch": 7}, "model": "chordcharts.chord"}, {"pk": 591, "fields": {"number": 1, "measure": 279, "beats": 4, "alt_bass": false, "alt_bass_pitch": 0, "chord_type": 8, "rest": false, "chord_pitch": 0}, "model": "chordcharts.chord"}, {"pk": 592, "fields": {"number": 1, "measure": 280, "beats": 4, "alt_bass": false, "alt_bass_pitch": 0, "chord_type": 8, "rest": false, "chord_pitch": 0}, "model": "chordcharts.chord"}, {"pk": 593, "fields": {"number": 1, "measure": 281, "beats": 4, "alt_bass": false, "alt_bass_pitch": 0, "chord_type": 3, "rest": false, "chord_pitch": 11}, "model": "chordcharts.chord"}, {"pk": 594, "fields": {"number": 1, "measure": 282, "beats": 4, "alt_bass": false, "alt_bass_pitch": 0, "chord_type": 3, "rest": false, "chord_pitch": 4}, "model": "chordcharts.chord"}, {"pk": 595, "fields": {"number": 1, "measure": 283, "beats": 4, "alt_bass": false, "alt_bass_pitch": 0, "chord_type": 3, "rest": false, "chord_pitch": 9}, "model": "chordcharts.chord"}, {"pk": 596, "fields": {"number": 1, "measure": 284, "beats": 4, "alt_bass": false, "alt_bass_pitch": 0, "chord_type": 3, "rest": false, "chord_pitch": 2}, "model": "chordcharts.chord"}, {"pk": 597, "fields": {"number": 1, "measure": 285, "beats": 4, "alt_bass": false, "alt_bass_pitch": 0, "chord_type": 3, "rest": false, "chord_pitch": 7}, "model": "chordcharts.chord"}, {"pk": 598, "fields": {"number": 1, "measure": 286, "beats": 4, "alt_bass": false, "alt_bass_pitch": 0, "chord_type": 3, "rest": false, "chord_pitch": 7}, "model": "chordcharts.chord"}, {"pk": 599, "fields": {"number": 1, "measure": 287, "beats": 4, "alt_bass": false, "alt_bass_pitch": 0, "chord_type": 8, "rest": false, "chord_pitch": 0}, "model": "chordcharts.chord"}, {"pk": 600, "fields": {"number": 1, "measure": 288, "beats": 4, "alt_bass": false, "alt_bass_pitch": 0, "chord_type": 8, "rest": false, "chord_pitch": 0}, "model": "chordcharts.chord"}, {"pk": 601, "fields": {"number": 1, "measure": 289, "beats": 4, "alt_bass": false, "alt_bass_pitch": 0, "chord_type": 10, "rest": false, "chord_pitch": 0}, "model": "chordcharts.chord"}, {"pk": 602, "fields": {"number": 1, "measure": 290, "beats": 4, "alt_bass": false, "alt_bass_pitch": 0, "chord_type": 10, "rest": false, "chord_pitch": 0}, "model": "chordcharts.chord"}, {"pk": 603, "fields": {"number": 1, "measure": 291, "beats": 4, "alt_bass": false, "alt_bass_pitch": 0, "chord_type": 3, "rest": false, "chord_pitch": 7}, "model": "chordcharts.chord"}, {"pk": 604, "fields": {"number": 1, "measure": 292, "beats": 4, "alt_bass": false, "alt_bass_pitch": 0, "chord_type": 3, "rest": false, "chord_pitch": 7}, "model": "chordcharts.chord"}, {"pk": 605, "fields": {"number": 1, "measure": 293, "beats": 4, "alt_bass": false, "alt_bass_pitch": 0, "chord_type": 3, "rest": false, "chord_pitch": 4}, "model": "chordcharts.chord"}, {"pk": 606, "fields": {"number": 1, "measure": 294, "beats": 4, "alt_bass": false, "alt_bass_pitch": 0, "chord_type": 3, "rest": false, "chord_pitch": 4}, "model": "chordcharts.chord"}, {"pk": 607, "fields": {"number": 1, "measure": 295, "beats": 4, "alt_bass": false, "alt_bass_pitch": 0, "chord_type": 1, "rest": false, "chord_pitch": 5}, "model": "chordcharts.chord"}, {"pk": 608, "fields": {"number": 1, "measure": 296, "beats": 4, "alt_bass": false, "alt_bass_pitch": 0, "chord_type": 10, "rest": false, "chord_pitch": 6}, "model": "chordcharts.chord"}, {"pk": 609, "fields": {"number": 1, "measure": 297, "beats": 4, "alt_bass": false, "alt_bass_pitch": 0, "chord_type": 8, "rest": false, "chord_pitch": 0}, "model": "chordcharts.chord"}, {"pk": 610, "fields": {"number": 1, "measure": 298, "beats": 4, "alt_bass": false, "alt_bass_pitch": 0, "chord_type": 10, "rest": false, "chord_pitch": 1}, "model": "chordcharts.chord"}, {"pk": 611, "fields": {"number": 1, "measure": 299, "beats": 4, "alt_bass": false, "alt_bass_pitch": 0, "chord_type": 3, "rest": false, "chord_pitch": 2}, "model": "chordcharts.chord"}, {"pk": 612, "fields": {"number": 1, "measure": 300, "beats": 4, "alt_bass": false, "alt_bass_pitch": 0, "chord_type": 3, "rest": false, "chord_pitch": 7}, "model": "chordcharts.chord"}, {"pk": 613, "fields": {"number": 1, "measure": 301, "beats": 4, "alt_bass": false, "alt_bass_pitch": 0, "chord_type": 8, "rest": false, "chord_pitch": 0}, "model": "chordcharts.chord"}, {"pk": 614, "fields": {"number": 1, "measure": 302, "beats": 4, "alt_bass": false, "alt_bass_pitch": 0, "chord_type": 13, "rest": false, "chord_pitch": 7}, "model": "chordcharts.chord"}, {"pk": 1148, "fields": {"number": 1, "measure": 606, "beats": 2, "alt_bass": false, "alt_bass_pitch": 0, "chord_type": 1, "rest": false, "chord_pitch": 0}, "model": "chordcharts.chord"}, {"pk": 1149, "fields": {"number": 2, "measure": 606, "beats": 2, "alt_bass": false, "alt_bass_pitch": 0, "chord_type": 3, "rest": false, "chord_pitch": 9}, "model": "chordcharts.chord"}, {"pk": 1150, "fields": {"number": 1, "measure": 607, "beats": 2, "alt_bass": false, "alt_bass_pitch": 0, "chord_type": 3, "rest": false, "chord_pitch": 2}, "model": "chordcharts.chord"}, {"pk": 1151, "fields": {"number": 2, "measure": 607, "beats": 2, "alt_bass": false, "alt_bass_pitch": 0, "chord_type": 3, "rest": false, "chord_pitch": 7}, "model": "chordcharts.chord"}, {"pk": 1152, "fields": {"number": 1, "measure": 608, "beats": 2, "alt_bass": false, "alt_bass_pitch": 0, "chord_type": 3, "rest": false, "chord_pitch": 0}, "model": "chordcharts.chord"}, {"pk": 1153, "fields": {"number": 2, "measure": 608, "beats": 2, "alt_bass": false, "alt_bass_pitch": 0, "chord_type": 3, "rest": false, "chord_pitch": 9}, "model": "chordcharts.chord"}, {"pk": 1154, "fields": {"number": 1, "measure": 609, "beats": 2, "alt_bass": false, "alt_bass_pitch": 0, "chord_type": 3, "rest": false, "chord_pitch": 2}, "model": "chordcharts.chord"}, {"pk": 1155, "fields": {"number": 2, "measure": 609, "beats": 2, "alt_bass": false, "alt_bass_pitch": 0, "chord_type": 3, "rest": false, "chord_pitch": 7}, "model": "chordcharts.chord"}, {"pk": 1156, "fields": {"number": 1, "measure": 610, "beats": 4, "alt_bass": false, "alt_bass_pitch": 0, "chord_type": 1, "rest": false, "chord_pitch": 0}, "model": "chordcharts.chord"}, {"pk": 1158, "fields": {"number": 1, "measure": 611, "beats": 4, "alt_bass": false, "alt_bass_pitch": 0, "chord_type": 3, "rest": false, "chord_pitch": 4}, "model": "chordcharts.chord"}, {"pk": 1160, "fields": {"number": 1, "measure": 612, "beats": 4, "alt_bass": false, "alt_bass_pitch": 0, "chord_type": 3, "rest": false, "chord_pitch": 5}, "model": "chordcharts.chord"}, {"pk": 1162, "fields": {"number": 1, "measure": 613, "beats": 2, "alt_bass": false, "alt_bass_pitch": 0, "chord_type": 1, "rest": false, "chord_pitch": 0}, "model": "chordcharts.chord"}, {"pk": 1163, "fields": {"number": 2, "measure": 613, "beats": 2, "alt_bass": false, "alt_bass_pitch": 0, "chord_type": 3, "rest": false, "chord_pitch": 9}, "model": "chordcharts.chord"}, {"pk": 1164, "fields": {"number": 1, "measure": 614, "beats": 4, "alt_bass": false, "alt_bass_pitch": 0, "chord_type": 2, "rest": false, "chord_pitch": 2}, "model": "chordcharts.chord"}, {"pk": 1166, "fields": {"number": 1, "measure": 615, "beats": 2, "alt_bass": false, "alt_bass_pitch": 0, "chord_type": 1, "rest": false, "chord_pitch": 0}, "model": "chordcharts.chord"}, {"pk": 1167, "fields": {"number": 2, "measure": 615, "beats": 2, "alt_bass": false, "alt_bass_pitch": 0, "chord_type": 3, "rest": false, "chord_pitch": 9}, "model": "chordcharts.chord"}, {"pk": 1168, "fields": {"number": 1, "measure": 616, "beats": 2, "alt_bass": false, "alt_bass_pitch": 0, "chord_type": 3, "rest": false, "chord_pitch": 2}, "model": "chordcharts.chord"}, {"pk": 1169, "fields": {"number": 2, "measure": 616, "beats": 2, "alt_bass": false, "alt_bass_pitch": 0, "chord_type": 3, "rest": false, "chord_pitch": 7}, "model": "chordcharts.chord"}, {"pk": 1170, "fields": {"number": 1, "measure": 617, "beats": 4, "alt_bass": false, "alt_bass_pitch": 0, "chord_type": 1, "rest": false, "chord_pitch": 0}, "model": "chordcharts.chord"}, {"pk": 1172, "fields": {"number": 1, "measure": 618, "beats": 4, "alt_bass": false, "alt_bass_pitch": 0, "chord_type": 1, "rest": false, "chord_pitch": 0}, "model": "chordcharts.chord"}, {"pk": 1174, "fields": {"number": 1, "measure": 619, "beats": 4, "alt_bass": false, "alt_bass_pitch": 0, "chord_type": 3, "rest": false, "chord_pitch": 4}, "model": "chordcharts.chord"}, {"pk": 1176, "fields": {"number": 1, "measure": 620, "beats": 4, "alt_bass": false, "alt_bass_pitch": 0, "chord_type": 3, "rest": false, "chord_pitch": 5}, "model": "chordcharts.chord"}, {"pk": 1178, "fields": {"number": 1, "measure": 621, "beats": 2, "alt_bass": false, "alt_bass_pitch": 0, "chord_type": 1, "rest": false, "chord_pitch": 0}, "model": "chordcharts.chord"}, {"pk": 1179, "fields": {"number": 2, "measure": 621, "beats": 2, "alt_bass": false, "alt_bass_pitch": 0, "chord_type": 3, "rest": false, "chord_pitch": 9}, "model": "chordcharts.chord"}, {"pk": 1180, "fields": {"number": 1, "measure": 622, "beats": 4, "alt_bass": false, "alt_bass_pitch": 0, "chord_type": 2, "rest": false, "chord_pitch": 2}, "model": "chordcharts.chord"}, {"pk": 1182, "fields": {"number": 1, "measure": 623, "beats": 2, "alt_bass": false, "alt_bass_pitch": 0, "chord_type": 1, "rest": false, "chord_pitch": 0}, "model": "chordcharts.chord"}, {"pk": 1183, "fields": {"number": 2, "measure": 623, "beats": 2, "alt_bass": false, "alt_bass_pitch": 0, "chord_type": 3, "rest": false, "chord_pitch": 9}, "model": "chordcharts.chord"}, {"pk": 1184, "fields": {"number": 1, "measure": 624, "beats": 2, "alt_bass": false, "alt_bass_pitch": 0, "chord_type": 3, "rest": false, "chord_pitch": 2}, "model": "chordcharts.chord"}, {"pk": 1185, "fields": {"number": 2, "measure": 624, "beats": 2, "alt_bass": false, "alt_bass_pitch": 0, "chord_type": 3, "rest": false, "chord_pitch": 7}, "model": "chordcharts.chord"}, {"pk": 1186, "fields": {"number": 1, "measure": 625, "beats": 4, "alt_bass": false, "alt_bass_pitch": 0, "chord_type": 1, "rest": false, "chord_pitch": 0}, "model": "chordcharts.chord"}, {"pk": 1188, "fields": {"number": 1, "measure": 626, "beats": 4, "alt_bass": false, "alt_bass_pitch": 0, "chord_type": 3, "rest": false, "chord_pitch": 0}, "model": "chordcharts.chord"}, {"pk": 1190, "fields": {"number": 1, "measure": 627, "beats": 4, "alt_bass": false, "alt_bass_pitch": 0, "chord_type": 3, "rest": false, "chord_pitch": 0}, "model": "chordcharts.chord"}, {"pk": 1192, "fields": {"number": 1, "measure": 628, "beats": 4, "alt_bass": false, "alt_bass_pitch": 0, "chord_type": 3, "rest": false, "chord_pitch": 5}, "model": "chordcharts.chord"}, {"pk": 1194, "fields": {"number": 1, "measure": 629, "beats": 2, "alt_bass": false, "alt_bass_pitch": 0, "chord_type": 3, "rest": false, "chord_pitch": 5}, "model": "chordcharts.chord"}, {"pk": 1195, "fields": {"number": 2, "measure": 629, "beats": 1, "alt_bass": false, "alt_bass_pitch": 0, "chord_type": 3, "rest": false, "chord_pitch": 4}, "model": "chordcharts.chord"}, {"pk": 1196, "fields": {"number": 3, "measure": 629, "beats": 1, "alt_bass": false, "alt_bass_pitch": 0, "chord_type": 3, "rest": false, "chord_pitch": 3}, "model": "chordcharts.chord"}, {"pk": 1197, "fields": {"number": 1, "measure": 630, "beats": 4, "alt_bass": false, "alt_bass_pitch": 0, "chord_type": 3, "rest": false, "chord_pitch": 2}, "model": "chordcharts.chord"}, {"pk": 1200, "fields": {"number": 1, "measure": 631, "beats": 4, "alt_bass": false, "alt_bass_pitch": 0, "chord_type": 3, "rest": false, "chord_pitch": 2}, "model": "chordcharts.chord"}, {"pk": 1203, "fields": {"number": 1, "measure": 632, "beats": 4, "alt_bass": false, "alt_bass_pitch": 0, "chord_type": 3, "rest": false, "chord_pitch": 7}, "model": "chordcharts.chord"}, {"pk": 1206, "fields": {"number": 1, "measure": 633, "beats": 4, "alt_bass": false, "alt_bass_pitch": 0, "chord_type": 3, "rest": false, "chord_pitch": 7}, "model": "chordcharts.chord"}, {"pk": 1209, "fields": {"number": 1, "measure": 634, "beats": 4, "alt_bass": false, "alt_bass_pitch": 0, "chord_type": 1, "rest": false, "chord_pitch": 0}, "model": "chordcharts.chord"}, {"pk": 1211, "fields": {"number": 1, "measure": 635, "beats": 4, "alt_bass": false, "alt_bass_pitch": 0, "chord_type": 3, "rest": false, "chord_pitch": 4}, "model": "chordcharts.chord"}, {"pk": 1213, "fields": {"number": 1, "measure": 636, "beats": 4, "alt_bass": false, "alt_bass_pitch": 0, "chord_type": 3, "rest": false, "chord_pitch": 5}, "model": "chordcharts.chord"}, {"pk": 1215, "fields": {"number": 1, "measure": 637, "beats": 2, "alt_bass": false, "alt_bass_pitch": 0, "chord_type": 1, "rest": false, "chord_pitch": 0}, "model": "chordcharts.chord"}, {"pk": 1216, "fields": {"number": 2, "measure": 637, "beats": 2, "alt_bass": false, "alt_bass_pitch": 0, "chord_type": 3, "rest": false, "chord_pitch": 9}, "model": "chordcharts.chord"}, {"pk": 1217, "fields": {"number": 1, "measure": 638, "beats": 4, "alt_bass": false, "alt_bass_pitch": 0, "chord_type": 2, "rest": false, "chord_pitch": 2}, "model": "chordcharts.chord"}, {"pk": 1219, "fields": {"number": 1, "measure": 639, "beats": 2, "alt_bass": false, "alt_bass_pitch": 0, "chord_type": 1, "rest": false, "chord_pitch": 0}, "model": "chordcharts.chord"}, {"pk": 1220, "fields": {"number": 2, "measure": 639, "beats": 2, "alt_bass": false, "alt_bass_pitch": 0, "chord_type": 3, "rest": false, "chord_pitch": 9}, "model": "chordcharts.chord"}, {"pk": 1221, "fields": {"number": 1, "measure": 640, "beats": 2, "alt_bass": false, "alt_bass_pitch": 0, "chord_type": 3, "rest": false, "chord_pitch": 2}, "model": "chordcharts.chord"}, {"pk": 1222, "fields": {"number": 2, "measure": 640, "beats": 2, "alt_bass": false, "alt_bass_pitch": 0, "chord_type": 3, "rest": false, "chord_pitch": 7}, "model": "chordcharts.chord"}, {"pk": 1223, "fields": {"number": 1, "measure": 641, "beats": 4, "alt_bass": false, "alt_bass_pitch": 0, "chord_type": 1, "rest": false, "chord_pitch": 0}, "model": "chordcharts.chord"}, {"pk": 1226, "fields": {"number": 1, "measure": 643, "beats": 4, "alt_bass": false, "alt_bass_pitch": 0, "chord_type": 1, "rest": false, "chord_pitch": 5}, "model": "chordcharts.chord"}, {"pk": 1227, "fields": {"number": 1, "measure": 644, "beats": 4, "alt_bass": false, "alt_bass_pitch": 0, "chord_type": 3, "rest": false, "chord_pitch": 9}, "model": "chordcharts.chord"}, {"pk": 1228, "fields": {"number": 1, "measure": 645, "beats": 4, "alt_bass": false, "alt_bass_pitch": 0, "chord_type": 3, "rest": false, "chord_pitch": 10}, "model": "chordcharts.chord"}, {"pk": 1229, "fields": {"number": 1, "measure": 646, "beats": 2, "alt_bass": false, "alt_bass_pitch": 0, "chord_type": 1, "rest": false, "chord_pitch": 5}, "model": "chordcharts.chord"}, {"pk": 1230, "fields": {"number": 2, "measure": 646, "beats": 2, "alt_bass": false, "alt_bass_pitch": 0, "chord_type": 3, "rest": false, "chord_pitch": 2}, "model": "chordcharts.chord"}, {"pk": 1231, "fields": {"number": 1, "measure": 647, "beats": 4, "alt_bass": false, "alt_bass_pitch": 0, "chord_type": 2, "rest": false, "chord_pitch": 7}, "model": "chordcharts.chord"}, {"pk": 1233, "fields": {"number": 1, "measure": 648, "beats": 2, "alt_bass": false, "alt_bass_pitch": 0, "chord_type": 1, "rest": false, "chord_pitch": 5}, "model": "chordcharts.chord"}, {"pk": 1234, "fields": {"number": 2, "measure": 648, "beats": 2, "alt_bass": false, "alt_bass_pitch": 0, "chord_type": 3, "rest": false, "chord_pitch": 2}, "model": "chordcharts.chord"}, {"pk": 1235, "fields": {"number": 1, "measure": 649, "beats": 2, "alt_bass": false, "alt_bass_pitch": 0, "chord_type": 3, "rest": false, "chord_pitch": 7}, "model": "chordcharts.chord"}, {"pk": 1236, "fields": {"number": 2, "measure": 649, "beats": 2, "alt_bass": false, "alt_bass_pitch": 0, "chord_type": 3, "rest": false, "chord_pitch": 0}, "model": "chordcharts.chord"}, {"pk": 1237, "fields": {"number": 1, "measure": 650, "beats": 4, "alt_bass": false, "alt_bass_pitch": 0, "chord_type": 1, "rest": false, "chord_pitch": 5}, "model": "chordcharts.chord"}, {"pk": 1239, "fields": {"number": 1, "measure": 651, "beats": 4, "alt_bass": false, "alt_bass_pitch": 0, "chord_type": 1, "rest": false, "chord_pitch": 5}, "model": "chordcharts.chord"}, {"pk": 1240, "fields": {"number": 1, "measure": 652, "beats": 4, "alt_bass": false, "alt_bass_pitch": 0, "chord_type": 3, "rest": false, "chord_pitch": 9}, "model": "chordcharts.chord"}, {"pk": 1241, "fields": {"number": 1, "measure": 653, "beats": 4, "alt_bass": false, "alt_bass_pitch": 0, "chord_type": 3, "rest": false, "chord_pitch": 10}, "model": "chordcharts.chord"}, {"pk": 1242, "fields": {"number": 1, "measure": 654, "beats": 2, "alt_bass": false, "alt_bass_pitch": 0, "chord_type": 1, "rest": false, "chord_pitch": 5}, "model": "chordcharts.chord"}, {"pk": 1243, "fields": {"number": 1, "measure": 655, "beats": 4, "alt_bass": false, "alt_bass_pitch": 0, "chord_type": 2, "rest": false, "chord_pitch": 7}, "model": "chordcharts.chord"}, {"pk": 1244, "fields": {"number": 1, "measure": 656, "beats": 2, "alt_bass": false, "alt_bass_pitch": 0, "chord_type": 1, "rest": false, "chord_pitch": 5}, "model": "chordcharts.chord"}, {"pk": 1245, "fields": {"number": 1, "measure": 657, "beats": 2, "alt_bass": false, "alt_bass_pitch": 0, "chord_type": 3, "rest": false, "chord_pitch": 7}, "model": "chordcharts.chord"}, {"pk": 1246, "fields": {"number": 1, "measure": 658, "beats": 4, "alt_bass": false, "alt_bass_pitch": 0, "chord_type": 1, "rest": false, "chord_pitch": 5}, "model": "chordcharts.chord"}, {"pk": 1247, "fields": {"number": 2, "measure": 654, "beats": 2, "alt_bass": false, "alt_bass_pitch": 0, "chord_type": 3, "rest": false, "chord_pitch": 2}, "model": "chordcharts.chord"}, {"pk": 1248, "fields": {"number": 2, "measure": 656, "beats": 2, "alt_bass": false, "alt_bass_pitch": 0, "chord_type": 3, "rest": false, "chord_pitch": 2}, "model": "chordcharts.chord"}, {"pk": 1249, "fields": {"number": 2, "measure": 657, "beats": 2, "alt_bass": false, "alt_bass_pitch": 0, "chord_type": 3, "rest": false, "chord_pitch": 0}, "model": "chordcharts.chord"}, {"pk": 1250, "fields": {"number": 1, "measure": 659, "beats": 4, "alt_bass": false, "alt_bass_pitch": 0, "chord_type": 3, "rest": false, "chord_pitch": 5}, "model": "chordcharts.chord"}, {"pk": 1251, "fields": {"number": 1, "measure": 660, "beats": 4, "alt_bass": false, "alt_bass_pitch": 0, "chord_type": 3, "rest": false, "chord_pitch": 5}, "model": "chordcharts.chord"}, {"pk": 1252, "fields": {"number": 1, "measure": 661, "beats": 4, "alt_bass": false, "alt_bass_pitch": 0, "chord_type": 3, "rest": false, "chord_pitch": 10}, "model": "chordcharts.chord"}, {"pk": 1253, "fields": {"number": 1, "measure": 662, "beats": 4, "alt_bass": false, "alt_bass_pitch": 0, "chord_type": 3, "rest": false, "chord_pitch": 10}, "model": "chordcharts.chord"}, {"pk": 1254, "fields": {"number": 1, "measure": 663, "beats": 4, "alt_bass": false, "alt_bass_pitch": 0, "chord_type": 3, "rest": false, "chord_pitch": 7}, "model": "chordcharts.chord"}, {"pk": 1255, "fields": {"number": 1, "measure": 664, "beats": 4, "alt_bass": false, "alt_bass_pitch": 0, "chord_type": 3, "rest": false, "chord_pitch": 7}, "model": "chordcharts.chord"}, {"pk": 1256, "fields": {"number": 1, "measure": 665, "beats": 4, "alt_bass": false, "alt_bass_pitch": 0, "chord_type": 3, "rest": false, "chord_pitch": 0}, "model": "chordcharts.chord"}, {"pk": 1257, "fields": {"number": 1, "measure": 666, "beats": 4, "alt_bass": false, "alt_bass_pitch": 0, "chord_type": 3, "rest": false, "chord_pitch": 0}, "model": "chordcharts.chord"}, {"pk": 1258, "fields": {"number": 1, "measure": 667, "beats": 4, "alt_bass": false, "alt_bass_pitch": 0, "chord_type": 1, "rest": false, "chord_pitch": 5}, "model": "chordcharts.chord"}, {"pk": 1259, "fields": {"number": 1, "measure": 668, "beats": 4, "alt_bass": false, "alt_bass_pitch": 0, "chord_type": 3, "rest": false, "chord_pitch": 9}, "model": "chordcharts.chord"}, {"pk": 1260, "fields": {"number": 1, "measure": 669, "beats": 4, "alt_bass": false, "alt_bass_pitch": 0, "chord_type": 3, "rest": false, "chord_pitch": 10}, "model": "chordcharts.chord"}, {"pk": 1261, "fields": {"number": 1, "measure": 670, "beats": 2, "alt_bass": false, "alt_bass_pitch": 0, "chord_type": 1, "rest": false, "chord_pitch": 5}, "model": "chordcharts.chord"}, {"pk": 1262, "fields": {"number": 2, "measure": 670, "beats": 2, "alt_bass": false, "alt_bass_pitch": 0, "chord_type": 3, "rest": false, "chord_pitch": 2}, "model": "chordcharts.chord"}, {"pk": 1263, "fields": {"number": 1, "measure": 671, "beats": 4, "alt_bass": false, "alt_bass_pitch": 0, "chord_type": 2, "rest": false, "chord_pitch": 7}, "model": "chordcharts.chord"}, {"pk": 1265, "fields": {"number": 1, "measure": 672, "beats": 2, "alt_bass": false, "alt_bass_pitch": 0, "chord_type": 1, "rest": false, "chord_pitch": 5}, "model": "chordcharts.chord"}, {"pk": 1266, "fields": {"number": 2, "measure": 672, "beats": 2, "alt_bass": false, "alt_bass_pitch": 0, "chord_type": 3, "rest": false, "chord_pitch": 2}, "model": "chordcharts.chord"}, {"pk": 1267, "fields": {"number": 1, "measure": 673, "beats": 2, "alt_bass": false, "alt_bass_pitch": 0, "chord_type": 3, "rest": false, "chord_pitch": 7}, "model": "chordcharts.chord"}, {"pk": 1268, "fields": {"number": 2, "measure": 673, "beats": 2, "alt_bass": false, "alt_bass_pitch": 0, "chord_type": 3, "rest": false, "chord_pitch": 0}, "model": "chordcharts.chord"}, {"pk": 1269, "fields": {"number": 1, "measure": 674, "beats": 4, "alt_bass": false, "alt_bass_pitch": 0, "chord_type": 1, "rest": false, "chord_pitch": 5}, "model": "chordcharts.chord"}, {"pk": 1271, "fields": {"number": 1, "measure": 675, "beats": 4, "alt_bass": false, "alt_bass_pitch": 0, "chord_type": 1, "rest": false, "chord_pitch": 5}, "model": "chordcharts.chord"}, {"pk": 1272, "fields": {"number": 1, "measure": 676, "beats": 4, "alt_bass": false, "alt_bass_pitch": 0, "chord_type": 3, "rest": false, "chord_pitch": 2}, "model": "chordcharts.chord"}, {"pk": 1273, "fields": {"number": 1, "measure": 677, "beats": 4, "alt_bass": false, "alt_bass_pitch": 0, "chord_type": 3, "rest": false, "chord_pitch": 2}, "model": "chordcharts.chord"}, {"pk": 1274, "fields": {"number": 1, "measure": 678, "beats": 4, "alt_bass": false, "alt_bass_pitch": 0, "chord_type": 3, "rest": false, "chord_pitch": 7}, "model": "chordcharts.chord"}, {"pk": 1275, "fields": {"number": 1, "measure": 679, "beats": 4, "alt_bass": false, "alt_bass_pitch": 0, "chord_type": 1, "rest": false, "chord_pitch": 10}, "model": "chordcharts.chord"}, {"pk": 1276, "fields": {"number": 1, "measure": 680, "beats": 4, "alt_bass": false, "alt_bass_pitch": 0, "chord_type": 3, "rest": false, "chord_pitch": 0}, "model": "chordcharts.chord"}, {"pk": 1277, "fields": {"number": 1, "measure": 681, "beats": 2, "alt_bass": false, "alt_bass_pitch": 0, "chord_type": 1, "rest": false, "chord_pitch": 5}, "model": "chordcharts.chord"}, {"pk": 1278, "fields": {"number": 2, "measure": 681, "beats": 2, "alt_bass": false, "alt_bass_pitch": 0, "chord_type": 10, "rest": false, "chord_pitch": 5}, "model": "chordcharts.chord"}, {"pk": 1279, "fields": {"number": 1, "measure": 682, "beats": 4, "alt_bass": false, "alt_bass_pitch": 0, "chord_type": 3, "rest": false, "chord_pitch": 7}, "model": "chordcharts.chord"}, {"pk": 1304, "fields": {"number": 1, "measure": 700, "beats": 4, "alt_bass": false, "alt_bass_pitch": 0, "chord_type": 1, "rest": false, "chord_pitch": 0}, "model": "chordcharts.chord"}, {"pk": 1305, "fields": {"number": 1, "measure": 701, "beats": 4, "alt_bass": false, "alt_bass_pitch": 0, "chord_type": 10, "rest": false, "chord_pitch": 3}, "model": "chordcharts.chord"}, {"pk": 1306, "fields": {"number": 1, "measure": 702, "beats": 4, "alt_bass": false, "alt_bass_pitch": 0, "chord_type": 2, "rest": false, "chord_pitch": 2}, "model": "chordcharts.chord"}, {"pk": 1307, "fields": {"number": 1, "measure": 703, "beats": 4, "alt_bass": false, "alt_bass_pitch": 0, "chord_type": 3, "rest": false, "chord_pitch": 7}, "model": "chordcharts.chord"}, {"pk": 1308, "fields": {"number": 1, "measure": 704, "beats": 4, "alt_bass": false, "alt_bass_pitch": 0, "chord_type": 10, "rest": false, "chord_pitch": 6}, "model": "chordcharts.chord"}, {"pk": 1309, "fields": {"number": 1, "measure": 705, "beats": 2, "alt_bass": false, "alt_bass_pitch": 0, "chord_type": 3, "rest": false, "chord_pitch": 11}, "model": "chordcharts.chord"}, {"pk": 1310, "fields": {"number": 2, "measure": 705, "beats": 2, "alt_bass": false, "alt_bass_pitch": 0, "chord_type": 10, "rest": false, "chord_pitch": 6}, "model": "chordcharts.chord"}, {"pk": 1311, "fields": {"number": 1, "measure": 706, "beats": 4, "alt_bass": false, "alt_bass_pitch": 0, "chord_type": 3, "rest": false, "chord_pitch": 11}, "model": "chordcharts.chord"}, {"pk": 1313, "fields": {"number": 1, "measure": 707, "beats": 2, "alt_bass": false, "alt_bass_pitch": 0, "chord_type": 3, "rest": false, "chord_pitch": 11}, "model": "chordcharts.chord"}, {"pk": 1314, "fields": {"number": 2, "measure": 707, "beats": 2, "alt_bass": false, "alt_bass_pitch": 0, "chord_type": 10, "rest": false, "chord_pitch": 0}, "model": "chordcharts.chord"}, {"pk": 1315, "fields": {"number": 1, "measure": 708, "beats": 4, "alt_bass": false, "alt_bass_pitch": 2, "chord_type": 3, "rest": false, "chord_pitch": 7}, "model": "chordcharts.chord"}, {"pk": 1316, "fields": {"number": 1, "measure": 709, "beats": 2, "alt_bass": false, "alt_bass_pitch": 2, "chord_type": 5, "rest": false, "chord_pitch": 2}, "model": "chordcharts.chord"}, {"pk": 1317, "fields": {"number": 2, "measure": 709, "beats": 2, "alt_bass": false, "alt_bass_pitch": 2, "chord_type": 3, "rest": false, "chord_pitch": 7}, "model": "chordcharts.chord"}, {"pk": 1318, "fields": {"number": 1, "measure": 710, "beats": 4, "alt_bass": false, "alt_bass_pitch": 2, "chord_type": 5, "rest": false, "chord_pitch": 7}, "model": "chordcharts.chord"}, {"pk": 1320, "fields": {"number": 1, "measure": 711, "beats": 4, "alt_bass": false, "alt_bass_pitch": 2, "chord_type": 5, "rest": false, "chord_pitch": 7}, "model": "chordcharts.chord"}, {"pk": 1322, "fields": {"number": 1, "measure": 712, "beats": 4, "alt_bass": false, "alt_bass_pitch": 2, "chord_type": 1, "rest": false, "chord_pitch": 0}, "model": "chordcharts.chord"}, {"pk": 1324, "fields": {"number": 1, "measure": 713, "beats": 4, "alt_bass": false, "alt_bass_pitch": 2, "chord_type": 3, "rest": false, "chord_pitch": 7}, "model": "chordcharts.chord"}, {"pk": 1326, "fields": {"number": 1, "measure": 714, "beats": 2, "alt_bass": false, "alt_bass_pitch": 2, "chord_type": 1, "rest": false, "chord_pitch": 0}, "model": "chordcharts.chord"}, {"pk": 1327, "fields": {"number": 2, "measure": 714, "beats": 2, "alt_bass": false, "alt_bass_pitch": 2, "chord_type": 5, "rest": false, "chord_pitch": 2}, "model": "chordcharts.chord"}, {"pk": 1328, "fields": {"number": 1, "measure": 715, "beats": 4, "alt_bass": false, "alt_bass_pitch": 2, "chord_type": 3, "rest": false, "chord_pitch": 7}, "model": "chordcharts.chord"}, {"pk": 1330, "fields": {"number": 1, "measure": 716, "beats": 4, "alt_bass": false, "alt_bass_pitch": 2, "chord_type": 1, "rest": false, "chord_pitch": 0}, "model": "chordcharts.chord"}, {"pk": 1331, "fields": {"number": 1, "measure": 717, "beats": 4, "alt_bass": false, "alt_bass_pitch": 2, "chord_type": 10, "rest": false, "chord_pitch": 3}, "model": "chordcharts.chord"}, {"pk": 1332, "fields": {"number": 1, "measure": 718, "beats": 4, "alt_bass": false, "alt_bass_pitch": 2, "chord_type": 2, "rest": false, "chord_pitch": 2}, "model": "chordcharts.chord"}, {"pk": 1333, "fields": {"number": 1, "measure": 719, "beats": 4, "alt_bass": false, "alt_bass_pitch": 2, "chord_type": 3, "rest": false, "chord_pitch": 7}, "model": "chordcharts.chord"}, {"pk": 1334, "fields": {"number": 1, "measure": 720, "beats": 4, "alt_bass": false, "alt_bass_pitch": 2, "chord_type": 10, "rest": false, "chord_pitch": 6}, "model": "chordcharts.chord"}, {"pk": 1335, "fields": {"number": 1, "measure": 721, "beats": 2, "alt_bass": false, "alt_bass_pitch": 2, "chord_type": 3, "rest": false, "chord_pitch": 11}, "model": "chordcharts.chord"}, {"pk": 1336, "fields": {"number": 2, "measure": 721, "beats": 2, "alt_bass": false, "alt_bass_pitch": 2, "chord_type": 10, "rest": false, "chord_pitch": 6}, "model": "chordcharts.chord"}, {"pk": 1337, "fields": {"number": 1, "measure": 722, "beats": 4, "alt_bass": false, "alt_bass_pitch": 2, "chord_type": 3, "rest": false, "chord_pitch": 11}, "model": "chordcharts.chord"}, {"pk": 1339, "fields": {"number": 1, "measure": 723, "beats": 2, "alt_bass": false, "alt_bass_pitch": 2, "chord_type": 3, "rest": false, "chord_pitch": 11}, "model": "chordcharts.chord"}, {"pk": 1340, "fields": {"number": 2, "measure": 723, "beats": 2, "alt_bass": false, "alt_bass_pitch": 2, "chord_type": 10, "rest": false, "chord_pitch": 0}, "model": "chordcharts.chord"}, {"pk": 1341, "fields": {"number": 1, "measure": 724, "beats": 4, "alt_bass": false, "alt_bass_pitch": 2, "chord_type": 3, "rest": false, "chord_pitch": 7}, "model": "chordcharts.chord"}, {"pk": 1342, "fields": {"number": 1, "measure": 725, "beats": 2, "alt_bass": false, "alt_bass_pitch": 2, "chord_type": 5, "rest": false, "chord_pitch": 2}, "model": "chordcharts.chord"}, {"pk": 1343, "fields": {"number": 2, "measure": 725, "beats": 2, "alt_bass": false, "alt_bass_pitch": 2, "chord_type": 3, "rest": false, "chord_pitch": 7}, "model": "chordcharts.chord"}, {"pk": 1344, "fields": {"number": 1, "measure": 726, "beats": 4, "alt_bass": false, "alt_bass_pitch": 2, "chord_type": 3, "rest": false, "chord_pitch": 7}, "model": "chordcharts.chord"}, {"pk": 1346, "fields": {"number": 1, "measure": 727, "beats": 4, "alt_bass": false, "alt_bass_pitch": 2, "chord_type": 3, "rest": false, "chord_pitch": 7}, "model": "chordcharts.chord"}, {"pk": 1348, "fields": {"number": 1, "measure": 728, "beats": 4, "alt_bass": false, "alt_bass_pitch": 2, "chord_type": 1, "rest": false, "chord_pitch": 0}, "model": "chordcharts.chord"}, {"pk": 1350, "fields": {"number": 1, "measure": 729, "beats": 2, "alt_bass": false, "alt_bass_pitch": 2, "chord_type": 5, "rest": false, "chord_pitch": 2}, "model": "chordcharts.chord"}, {"pk": 1351, "fields": {"number": 2, "measure": 729, "beats": 2, "alt_bass": false, "alt_bass_pitch": 2, "chord_type": 3, "rest": false, "chord_pitch": 7}, "model": "chordcharts.chord"}, {"pk": 1352, "fields": {"number": 1, "measure": 730, "beats": 2, "alt_bass": false, "alt_bass_pitch": 2, "chord_type": 1, "rest": false, "chord_pitch": 0}, "model": "chordcharts.chord"}, {"pk": 1353, "fields": {"number": 2, "measure": 730, "beats": 2, "alt_bass": false, "alt_bass_pitch": 2, "chord_type": 5, "rest": false, "chord_pitch": 2}, "model": "chordcharts.chord"}, {"pk": 1354, "fields": {"number": 1, "measure": 731, "beats": 2, "alt_bass": false, "alt_bass_pitch": 2, "chord_type": 1, "rest": false, "chord_pitch": 0}, "model": "chordcharts.chord"}, {"pk": 1355, "fields": {"number": 2, "measure": 731, "beats": 2, "alt_bass": false, "alt_bass_pitch": 2, "chord_type": 3, "rest": false, "chord_pitch": 11}, "model": "chordcharts.chord"}, {"pk": 1356, "fields": {"number": 1, "measure": 732, "beats": 4, "alt_bass": false, "alt_bass_pitch": 2, "chord_type": 5, "rest": false, "chord_pitch": 4}, "model": "chordcharts.chord"}, {"pk": 1357, "fields": {"number": 1, "measure": 733, "beats": 2, "alt_bass": false, "alt_bass_pitch": 2, "chord_type": 5, "rest": false, "chord_pitch": 4}, "model": "chordcharts.chord"}, {"pk": 1358, "fields": {"number": 2, "measure": 733, "beats": 2, "alt_bass": false, "alt_bass_pitch": 2, "chord_type": 3, "rest": false, "chord_pitch": 11}, "model": "chordcharts.chord"}, {"pk": 1359, "fields": {"number": 1, "measure": 734, "beats": 4, "alt_bass": false, "alt_bass_pitch": 2, "chord_type": 5, "rest": false, "chord_pitch": 4}, "model": "chordcharts.chord"}, {"pk": 1361, "fields": {"number": 1, "measure": 735, "beats": 4, "alt_bass": false, "alt_bass_pitch": 2, "chord_type": 3, "rest": false, "chord_pitch": 9}, "model": "chordcharts.chord"}, {"pk": 1363, "fields": {"number": 1, "measure": 736, "beats": 4, "alt_bass": false, "alt_bass_pitch": 2, "chord_type": 5, "rest": false, "chord_pitch": 2}, "model": "chordcharts.chord"}, {"pk": 1365, "fields": {"number": 1, "measure": 737, "beats": 4, "alt_bass": false, "alt_bass_pitch": 2, "chord_type": 3, "rest": false, "chord_pitch": 9}, "model": "chordcharts.chord"}, {"pk": 1367, "fields": {"number": 1, "measure": 738, "beats": 4, "alt_bass": false, "alt_bass_pitch": 2, "chord_type": 5, "rest": false, "chord_pitch": 2}, "model": "chordcharts.chord"}, {"pk": 1369, "fields": {"number": 1, "measure": 739, "beats": 4, "alt_bass": false, "alt_bass_pitch": 2, "chord_type": 3, "rest": false, "chord_pitch": 7}, "model": "chordcharts.chord"}, {"pk": 1371, "fields": {"number": 1, "measure": 740, "beats": 4, "alt_bass": false, "alt_bass_pitch": 2, "chord_type": 1, "rest": false, "chord_pitch": 0}, "model": "chordcharts.chord"}, {"pk": 1372, "fields": {"number": 1, "measure": 741, "beats": 4, "alt_bass": false, "alt_bass_pitch": 2, "chord_type": 10, "rest": false, "chord_pitch": 3}, "model": "chordcharts.chord"}, {"pk": 1373, "fields": {"number": 1, "measure": 742, "beats": 4, "alt_bass": false, "alt_bass_pitch": 2, "chord_type": 2, "rest": false, "chord_pitch": 2}, "model": "chordcharts.chord"}, {"pk": 1374, "fields": {"number": 1, "measure": 743, "beats": 4, "alt_bass": false, "alt_bass_pitch": 2, "chord_type": 3, "rest": false, "chord_pitch": 7}, "model": "chordcharts.chord"}, {"pk": 1375, "fields": {"number": 1, "measure": 744, "beats": 4, "alt_bass": false, "alt_bass_pitch": 2, "chord_type": 10, "rest": false, "chord_pitch": 6}, "model": "chordcharts.chord"}, {"pk": 1376, "fields": {"number": 1, "measure": 745, "beats": 2, "alt_bass": false, "alt_bass_pitch": 2, "chord_type": 3, "rest": false, "chord_pitch": 11}, "model": "chordcharts.chord"}, {"pk": 1377, "fields": {"number": 2, "measure": 745, "beats": 2, "alt_bass": false, "alt_bass_pitch": 2, "chord_type": 10, "rest": false, "chord_pitch": 6}, "model": "chordcharts.chord"}, {"pk": 1378, "fields": {"number": 1, "measure": 746, "beats": 4, "alt_bass": false, "alt_bass_pitch": 2, "chord_type": 3, "rest": false, "chord_pitch": 11}, "model": "chordcharts.chord"}, {"pk": 1380, "fields": {"number": 1, "measure": 747, "beats": 2, "alt_bass": false, "alt_bass_pitch": 2, "chord_type": 3, "rest": false, "chord_pitch": 11}, "model": "chordcharts.chord"}, {"pk": 1381, "fields": {"number": 2, "measure": 747, "beats": 2, "alt_bass": false, "alt_bass_pitch": 2, "chord_type": 10, "rest": false, "chord_pitch": 0}, "model": "chordcharts.chord"}, {"pk": 1382, "fields": {"number": 1, "measure": 748, "beats": 4, "alt_bass": false, "alt_bass_pitch": 2, "chord_type": 3, "rest": false, "chord_pitch": 7}, "model": "chordcharts.chord"}, {"pk": 1384, "fields": {"number": 1, "measure": 750, "beats": 2, "alt_bass": false, "alt_bass_pitch": 2, "chord_type": 5, "rest": false, "chord_pitch": 2}, "model": "chordcharts.chord"}, {"pk": 1385, "fields": {"number": 2, "measure": 750, "beats": 2, "alt_bass": false, "alt_bass_pitch": 2, "chord_type": 3, "rest": false, "chord_pitch": 7}, "model": "chordcharts.chord"}, {"pk": 1386, "fields": {"number": 1, "measure": 751, "beats": 4, "alt_bass": false, "alt_bass_pitch": 2, "chord_type": 3, "rest": false, "chord_pitch": 7}, "model": "chordcharts.chord"}, {"pk": 1388, "fields": {"number": 1, "measure": 752, "beats": 4, "alt_bass": false, "alt_bass_pitch": 2, "chord_type": 3, "rest": false, "chord_pitch": 7}, "model": "chordcharts.chord"}, {"pk": 1390, "fields": {"number": 1, "measure": 753, "beats": 4, "alt_bass": false, "alt_bass_pitch": 2, "chord_type": 1, "rest": false, "chord_pitch": 0}, "model": "chordcharts.chord"}, {"pk": 1392, "fields": {"number": 1, "measure": 754, "beats": 2, "alt_bass": false, "alt_bass_pitch": 2, "chord_type": 5, "rest": false, "chord_pitch": 2}, "model": "chordcharts.chord"}, {"pk": 1393, "fields": {"number": 2, "measure": 754, "beats": 2, "alt_bass": false, "alt_bass_pitch": 2, "chord_type": 3, "rest": false, "chord_pitch": 7}, "model": "chordcharts.chord"}, {"pk": 1394, "fields": {"number": 1, "measure": 755, "beats": 4, "alt_bass": false, "alt_bass_pitch": 2, "chord_type": 1, "rest": false, "chord_pitch": 0}, "model": "chordcharts.chord"}, {"pk": 1396, "fields": {"number": 1, "measure": 756, "beats": 2, "alt_bass": false, "alt_bass_pitch": 2, "chord_type": 5, "rest": false, "chord_pitch": 2}, "model": "chordcharts.chord"}, {"pk": 1397, "fields": {"number": 2, "measure": 756, "beats": 2, "alt_bass": false, "alt_bass_pitch": 2, "chord_type": 3, "rest": false, "chord_pitch": 7}, "model": "chordcharts.chord"}, {"pk": 1541, "fields": {"number": 1, "measure": 859, "beats": 4, "alt_bass": false, "alt_bass_pitch": 0, "chord_type": 1, "rest": false, "chord_pitch": 0}, "model": "chordcharts.chord"}, {"pk": 1542, "fields": {"number": 1, "measure": 860, "beats": 4, "alt_bass": false, "alt_bass_pitch": 0, "chord_type": 1, "rest": false, "chord_pitch": 0}, "model": "chordcharts.chord"}, {"pk": 1543, "fields": {"number": 1, "measure": 861, "beats": 4, "alt_bass": false, "alt_bass_pitch": 0, "chord_type": 3, "rest": false, "chord_pitch": 2}, "model": "chordcharts.chord"}, {"pk": 1544, "fields": {"number": 1, "measure": 862, "beats": 4, "alt_bass": false, "alt_bass_pitch": 0, "chord_type": 3, "rest": false, "chord_pitch": 2}, "model": "chordcharts.chord"}, {"pk": 1545, "fields": {"number": 1, "measure": 863, "beats": 4, "alt_bass": false, "alt_bass_pitch": 0, "chord_type": 3, "rest": false, "chord_pitch": 7}, "model": "chordcharts.chord"}, {"pk": 1546, "fields": {"number": 1, "measure": 864, "beats": 4, "alt_bass": false, "alt_bass_pitch": 0, "chord_type": 3, "rest": false, "chord_pitch": 7}, "model": "chordcharts.chord"}, {"pk": 1547, "fields": {"number": 1, "measure": 865, "beats": 4, "alt_bass": false, "alt_bass_pitch": 0, "chord_type": 1, "rest": false, "chord_pitch": 0}, "model": "chordcharts.chord"}, {"pk": 1548, "fields": {"number": 1, "measure": 866, "beats": 4, "alt_bass": false, "alt_bass_pitch": 0, "chord_type": 1, "rest": false, "chord_pitch": 0}, "model": "chordcharts.chord"}, {"pk": 1549, "fields": {"number": 1, "measure": 867, "beats": 4, "alt_bass": false, "alt_bass_pitch": 0, "chord_type": 3, "rest": false, "chord_pitch": 9}, "model": "chordcharts.chord"}, {"pk": 1550, "fields": {"number": 1, "measure": 868, "beats": 4, "alt_bass": false, "alt_bass_pitch": 0, "chord_type": 3, "rest": false, "chord_pitch": 9}, "model": "chordcharts.chord"}, {"pk": 1551, "fields": {"number": 1, "measure": 869, "beats": 4, "alt_bass": false, "alt_bass_pitch": 0, "chord_type": 3, "rest": false, "chord_pitch": 2}, "model": "chordcharts.chord"}, {"pk": 1552, "fields": {"number": 1, "measure": 870, "beats": 4, "alt_bass": false, "alt_bass_pitch": 0, "chord_type": 3, "rest": false, "chord_pitch": 2}, "model": "chordcharts.chord"}, {"pk": 1553, "fields": {"number": 1, "measure": 871, "beats": 4, "alt_bass": false, "alt_bass_pitch": 0, "chord_type": 3, "rest": false, "chord_pitch": 7}, "model": "chordcharts.chord"}, {"pk": 1554, "fields": {"number": 1, "measure": 872, "beats": 4, "alt_bass": false, "alt_bass_pitch": 0, "chord_type": 3, "rest": false, "chord_pitch": 7}, "model": "chordcharts.chord"}, {"pk": 1555, "fields": {"number": 1, "measure": 873, "beats": 4, "alt_bass": false, "alt_bass_pitch": 0, "chord_type": 1, "rest": false, "chord_pitch": 0}, "model": "chordcharts.chord"}, {"pk": 1556, "fields": {"number": 1, "measure": 874, "beats": 4, "alt_bass": false, "alt_bass_pitch": 0, "chord_type": 1, "rest": false, "chord_pitch": 0}, "model": "chordcharts.chord"}, {"pk": 1557, "fields": {"number": 1, "measure": 875, "beats": 4, "alt_bass": false, "alt_bass_pitch": 0, "chord_type": 1, "rest": false, "chord_pitch": 0}, "model": "chordcharts.chord"}, {"pk": 1558, "fields": {"number": 1, "measure": 876, "beats": 4, "alt_bass": false, "alt_bass_pitch": 0, "chord_type": 1, "rest": false, "chord_pitch": 0}, "model": "chordcharts.chord"}, {"pk": 1559, "fields": {"number": 1, "measure": 877, "beats": 4, "alt_bass": false, "alt_bass_pitch": 0, "chord_type": 3, "rest": false, "chord_pitch": 2}, "model": "chordcharts.chord"}, {"pk": 1560, "fields": {"number": 1, "measure": 878, "beats": 4, "alt_bass": false, "alt_bass_pitch": 0, "chord_type": 3, "rest": false, "chord_pitch": 2}, "model": "chordcharts.chord"}, {"pk": 1561, "fields": {"number": 1, "measure": 879, "beats": 4, "alt_bass": false, "alt_bass_pitch": 0, "chord_type": 3, "rest": false, "chord_pitch": 7}, "model": "chordcharts.chord"}, {"pk": 1562, "fields": {"number": 1, "measure": 880, "beats": 4, "alt_bass": false, "alt_bass_pitch": 0, "chord_type": 3, "rest": false, "chord_pitch": 7}, "model": "chordcharts.chord"}, {"pk": 1563, "fields": {"number": 1, "measure": 881, "beats": 4, "alt_bass": false, "alt_bass_pitch": 0, "chord_type": 1, "rest": false, "chord_pitch": 0}, "model": "chordcharts.chord"}, {"pk": 1564, "fields": {"number": 1, "measure": 882, "beats": 4, "alt_bass": false, "alt_bass_pitch": 0, "chord_type": 10, "rest": false, "chord_pitch": 0}, "model": "chordcharts.chord"}, {"pk": 1565, "fields": {"number": 1, "measure": 883, "beats": 4, "alt_bass": false, "alt_bass_pitch": 0, "chord_type": 3, "rest": false, "chord_pitch": 9}, "model": "chordcharts.chord"}, {"pk": 1566, "fields": {"number": 1, "measure": 884, "beats": 4, "alt_bass": false, "alt_bass_pitch": 0, "chord_type": 3, "rest": false, "chord_pitch": 9}, "model": "chordcharts.chord"}, {"pk": 1567, "fields": {"number": 1, "measure": 885, "beats": 4, "alt_bass": false, "alt_bass_pitch": 0, "chord_type": 1, "rest": false, "chord_pitch": 0}, "model": "chordcharts.chord"}, {"pk": 1568, "fields": {"number": 1, "measure": 886, "beats": 4, "alt_bass": false, "alt_bass_pitch": 0, "chord_type": 3, "rest": false, "chord_pitch": 9}, "model": "chordcharts.chord"}, {"pk": 1569, "fields": {"number": 1, "measure": 887, "beats": 4, "alt_bass": false, "alt_bass_pitch": 0, "chord_type": 3, "rest": false, "chord_pitch": 2}, "model": "chordcharts.chord"}, {"pk": 1570, "fields": {"number": 1, "measure": 888, "beats": 4, "alt_bass": false, "alt_bass_pitch": 0, "chord_type": 3, "rest": false, "chord_pitch": 7}, "model": "chordcharts.chord"}, {"pk": 1571, "fields": {"number": 1, "measure": 889, "beats": 4, "alt_bass": false, "alt_bass_pitch": 0, "chord_type": 1, "rest": false, "chord_pitch": 0}, "model": "chordcharts.chord"}, {"pk": 1572, "fields": {"number": 1, "measure": 890, "beats": 4, "alt_bass": false, "alt_bass_pitch": 0, "chord_type": 3, "rest": false, "chord_pitch": 7}, "model": "chordcharts.chord"}, {"pk": 1573, "fields": {"number": 1, "measure": 891, "beats": 2, "alt_bass": false, "alt_bass_pitch": 0, "chord_type": 1, "rest": false, "chord_pitch": 0}, "model": "chordcharts.chord"}, {"pk": 1574, "fields": {"number": 1, "measure": 892, "beats": 2, "alt_bass": false, "alt_bass_pitch": 0, "chord_type": 2, "rest": false, "chord_pitch": 2}, "model": "chordcharts.chord"}, {"pk": 1575, "fields": {"number": 2, "measure": 892, "beats": 2, "alt_bass": false, "alt_bass_pitch": 0, "chord_type": 3, "rest": false, "chord_pitch": 7}, "model": "chordcharts.chord"}, {"pk": 1576, "fields": {"number": 1, "measure": 893, "beats": 4, "alt_bass": false, "alt_bass_pitch": 0, "chord_type": 3, "rest": false, "chord_pitch": 7}, "model": "chordcharts.chord"}, {"pk": 1578, "fields": {"number": 1, "measure": 894, "beats": 2, "alt_bass": false, "alt_bass_pitch": 0, "chord_type": 1, "rest": false, "chord_pitch": 0}, "model": "chordcharts.chord"}, {"pk": 1579, "fields": {"number": 2, "measure": 894, "beats": 2, "alt_bass": false, "alt_bass_pitch": 0, "chord_type": 3, "rest": false, "chord_pitch": 0}, "model": "chordcharts.chord"}, {"pk": 1580, "fields": {"number": 1, "measure": 895, "beats": 2, "alt_bass": false, "alt_bass_pitch": 0, "chord_type": 1, "rest": false, "chord_pitch": 5}, "model": "chordcharts.chord"}, {"pk": 1581, "fields": {"number": 2, "measure": 895, "beats": 2, "alt_bass": false, "alt_bass_pitch": 0, "chord_type": 1, "rest": false, "chord_pitch": 9}, "model": "chordcharts.chord"}, {"pk": 1582, "fields": {"number": 1, "measure": 896, "beats": 2, "alt_bass": false, "alt_bass_pitch": 0, "chord_type": 1, "rest": false, "chord_pitch": 2}, "model": "chordcharts.chord"}, {"pk": 1583, "fields": {"number": 2, "measure": 896, "beats": 2, "alt_bass": false, "alt_bass_pitch": 0, "chord_type": 10, "rest": false, "chord_pitch": 3}, "model": "chordcharts.chord"}, {"pk": 1584, "fields": {"number": 1, "measure": 897, "beats": 2, "alt_bass": false, "alt_bass_pitch": 0, "chord_type": 1, "rest": false, "chord_pitch": 0}, "model": "chordcharts.chord"}, {"pk": 1585, "fields": {"number": 2, "measure": 897, "beats": 2, "alt_bass": false, "alt_bass_pitch": 0, "chord_type": 3, "rest": false, "chord_pitch": 7}, "model": "chordcharts.chord"}, {"pk": 1586, "fields": {"number": 1, "measure": 898, "beats": 4, "alt_bass": false, "alt_bass_pitch": 0, "chord_type": 1, "rest": false, "chord_pitch": 0}, "model": "chordcharts.chord"}, {"pk": 1588, "fields": {"number": 1, "measure": 899, "beats": 2, "alt_bass": false, "alt_bass_pitch": 0, "chord_type": 1, "rest": false, "chord_pitch": 0}, "model": "chordcharts.chord"}, {"pk": 1589, "fields": {"number": 2, "measure": 899, "beats": 2, "alt_bass": false, "alt_bass_pitch": 0, "chord_type": 1, "rest": false, "chord_pitch": 7}, "model": "chordcharts.chord"}, {"pk": 1590, "fields": {"number": 1, "measure": 900, "beats": 4, "alt_bass": false, "alt_bass_pitch": 0, "chord_type": 1, "rest": false, "chord_pitch": 0}, "model": "chordcharts.chord"}, {"pk": 1592, "fields": {"number": 2, "measure": 891, "beats": 2, "alt_bass": false, "alt_bass_pitch": 0, "chord_type": 10, "rest": false, "chord_pitch": 3}, "model": "chordcharts.chord"}, {"pk": 1695, "fields": {"number": 1, "measure": 953, "beats": 2, "alt_bass": false, "alt_bass_pitch": 0, "chord_type": 1, "rest": false, "chord_pitch": 0}, "model": "chordcharts.chord"}, {"pk": 1696, "fields": {"number": 2, "measure": 953, "beats": 2, "alt_bass": false, "alt_bass_pitch": 0, "chord_type": 3, "rest": false, "chord_pitch": 10}, "model": "chordcharts.chord"}, {"pk": 1697, "fields": {"number": 1, "measure": 954, "beats": 2, "alt_bass": false, "alt_bass_pitch": 0, "chord_type": 3, "rest": false, "chord_pitch": 8}, "model": "chordcharts.chord"}, {"pk": 1698, "fields": {"number": 2, "measure": 954, "beats": 2, "alt_bass": false, "alt_bass_pitch": 0, "chord_type": 3, "rest": false, "chord_pitch": 7}, "model": "chordcharts.chord"}, {"pk": 1699, "fields": {"number": 1, "measure": 955, "beats": 2, "alt_bass": false, "alt_bass_pitch": 0, "chord_type": 1, "rest": false, "chord_pitch": 0}, "model": "chordcharts.chord"}, {"pk": 1700, "fields": {"number": 2, "measure": 955, "beats": 2, "alt_bass": false, "alt_bass_pitch": 0, "chord_type": 3, "rest": false, "chord_pitch": 10}, "model": "chordcharts.chord"}, {"pk": 1701, "fields": {"number": 1, "measure": 956, "beats": 2, "alt_bass": false, "alt_bass_pitch": 0, "chord_type": 3, "rest": false, "chord_pitch": 8}, "model": "chordcharts.chord"}, {"pk": 1702, "fields": {"number": 2, "measure": 956, "beats": 2, "alt_bass": false, "alt_bass_pitch": 0, "chord_type": 3, "rest": false, "chord_pitch": 7}, "model": "chordcharts.chord"}, {"pk": 1703, "fields": {"number": 1, "measure": 957, "beats": 4, "alt_bass": false, "alt_bass_pitch": 0, "chord_type": 1, "rest": false, "chord_pitch": 0}, "model": "chordcharts.chord"}, {"pk": 1705, "fields": {"number": 1, "measure": 958, "beats": 4, "alt_bass": false, "alt_bass_pitch": 0, "chord_type": 1, "rest": false, "chord_pitch": 0}, "model": "chordcharts.chord"}, {"pk": 1707, "fields": {"number": 1, "measure": 959, "beats": 2, "alt_bass": false, "alt_bass_pitch": 0, "chord_type": 1, "rest": false, "chord_pitch": 0}, "model": "chordcharts.chord"}, {"pk": 1708, "fields": {"number": 2, "measure": 959, "beats": 2, "alt_bass": false, "alt_bass_pitch": 0, "chord_type": 1, "rest": false, "chord_pitch": 8}, "model": "chordcharts.chord"}, {"pk": 1709, "fields": {"number": 1, "measure": 960, "beats": 4, "alt_bass": false, "alt_bass_pitch": 0, "chord_type": 1, "rest": false, "chord_pitch": 8}, "model": "chordcharts.chord"}, {"pk": 1711, "fields": {"number": 1, "measure": 961, "beats": 4, "alt_bass": false, "alt_bass_pitch": 0, "chord_type": 1, "rest": false, "chord_pitch": 7}, "model": "chordcharts.chord"}, {"pk": 1713, "fields": {"number": 1, "measure": 962, "beats": 4, "alt_bass": false, "alt_bass_pitch": 0, "chord_type": 1, "rest": false, "chord_pitch": 7}, "model": "chordcharts.chord"}, {"pk": 1715, "fields": {"number": 1, "measure": 963, "beats": 2, "alt_bass": false, "alt_bass_pitch": 0, "chord_type": 1, "rest": false, "chord_pitch": 0}, "model": "chordcharts.chord"}, {"pk": 1716, "fields": {"number": 2, "measure": 963, "beats": 2, "alt_bass": false, "alt_bass_pitch": 0, "chord_type": 3, "rest": false, "chord_pitch": 10}, "model": "chordcharts.chord"}, {"pk": 1717, "fields": {"number": 1, "measure": 964, "beats": 2, "alt_bass": false, "alt_bass_pitch": 0, "chord_type": 3, "rest": false, "chord_pitch": 8}, "model": "chordcharts.chord"}, {"pk": 1718, "fields": {"number": 2, "measure": 964, "beats": 2, "alt_bass": false, "alt_bass_pitch": 0, "chord_type": 3, "rest": false, "chord_pitch": 7}, "model": "chordcharts.chord"}, {"pk": 1720, "fields": {"number": 1, "measure": 965, "beats": 4, "alt_bass": false, "alt_bass_pitch": 0, "chord_type": 1, "rest": false, "chord_pitch": 0}, "model": "chordcharts.chord"}, {"pk": 1721, "fields": {"number": 1, "measure": 966, "beats": 4, "alt_bass": false, "alt_bass_pitch": 0, "chord_type": 1, "rest": false, "chord_pitch": 0}, "model": "chordcharts.chord"}, {"pk": 1723, "fields": {"number": 1, "measure": 967, "beats": 2, "alt_bass": false, "alt_bass_pitch": 0, "chord_type": 1, "rest": false, "chord_pitch": 0}, "model": "chordcharts.chord"}, {"pk": 1724, "fields": {"number": 2, "measure": 967, "beats": 2, "alt_bass": false, "alt_bass_pitch": 0, "chord_type": 1, "rest": false, "chord_pitch": 8}, "model": "chordcharts.chord"}, {"pk": 1725, "fields": {"number": 1, "measure": 968, "beats": 4, "alt_bass": false, "alt_bass_pitch": 0, "chord_type": 1, "rest": false, "chord_pitch": 8}, "model": "chordcharts.chord"}, {"pk": 1727, "fields": {"number": 1, "measure": 969, "beats": 4, "alt_bass": false, "alt_bass_pitch": 0, "chord_type": 1, "rest": false, "chord_pitch": 7}, "model": "chordcharts.chord"}, {"pk": 1729, "fields": {"number": 1, "measure": 970, "beats": 4, "alt_bass": false, "alt_bass_pitch": 0, "chord_type": 1, "rest": false, "chord_pitch": 7}, "model": "chordcharts.chord"}, {"pk": 1731, "fields": {"number": 1, "measure": 971, "beats": 2, "alt_bass": false, "alt_bass_pitch": 0, "chord_type": 1, "rest": false, "chord_pitch": 0}, "model": "chordcharts.chord"}, {"pk": 1732, "fields": {"number": 2, "measure": 971, "beats": 2, "alt_bass": false, "alt_bass_pitch": 0, "chord_type": 3, "rest": false, "chord_pitch": 2}, "model": "chordcharts.chord"}, {"pk": 1733, "fields": {"number": 1, "measure": 972, "beats": 2, "alt_bass": false, "alt_bass_pitch": 0, "chord_type": 3, "rest": false, "chord_pitch": 3}, "model": "chordcharts.chord"}, {"pk": 1734, "fields": {"number": 2, "measure": 972, "beats": 2, "alt_bass": false, "alt_bass_pitch": 0, "chord_type": 3, "rest": false, "chord_pitch": 4}, "model": "chordcharts.chord"}, {"pk": 1737, "fields": {"number": 1, "measure": 974, "beats": 4, "alt_bass": false, "alt_bass_pitch": 0, "chord_type": 1, "rest": false, "chord_pitch": 4}, "model": "chordcharts.chord"}, {"pk": 1739, "fields": {"number": 1, "measure": 975, "beats": 4, "alt_bass": false, "alt_bass_pitch": 0, "chord_type": 1, "rest": false, "chord_pitch": 11}, "model": "chordcharts.chord"}, {"pk": 1741, "fields": {"number": 1, "measure": 976, "beats": 4, "alt_bass": false, "alt_bass_pitch": 0, "chord_type": 3, "rest": false, "chord_pitch": 2}, "model": "chordcharts.chord"}, {"pk": 1743, "fields": {"number": 1, "measure": 977, "beats": 4, "alt_bass": false, "alt_bass_pitch": 0, "chord_type": 3, "rest": false, "chord_pitch": 7}, "model": "chordcharts.chord"}, {"pk": 1745, "fields": {"number": 1, "measure": 978, "beats": 4, "alt_bass": false, "alt_bass_pitch": 0, "chord_type": 1, "rest": false, "chord_pitch": 4}, "model": "chordcharts.chord"}, {"pk": 1747, "fields": {"number": 1, "measure": 979, "beats": 4, "alt_bass": false, "alt_bass_pitch": 0, "chord_type": 1, "rest": false, "chord_pitch": 11}, "model": "chordcharts.chord"}, {"pk": 1749, "fields": {"number": 1, "measure": 980, "beats": 2, "alt_bass": false, "alt_bass_pitch": 0, "chord_type": 3, "rest": false, "chord_pitch": 9}, "model": "chordcharts.chord"}, {"pk": 1750, "fields": {"number": 2, "measure": 980, "beats": 2, "alt_bass": false, "alt_bass_pitch": 0, "chord_type": 3, "rest": false, "chord_pitch": 2}, "model": "chordcharts.chord"}, {"pk": 1751, "fields": {"number": 1, "measure": 981, "beats": 4, "alt_bass": false, "alt_bass_pitch": 0, "chord_type": 3, "rest": false, "chord_pitch": 7}, "model": "chordcharts.chord"}, {"pk": 1753, "fields": {"number": 1, "measure": 982, "beats": 4, "alt_bass": false, "alt_bass_pitch": 0, "chord_type": 1, "rest": false, "chord_pitch": 0}, "model": "chordcharts.chord"}, {"pk": 1755, "fields": {"number": 1, "measure": 983, "beats": 4, "alt_bass": false, "alt_bass_pitch": 0, "chord_type": 1, "rest": false, "chord_pitch": 0}, "model": "chordcharts.chord"}, {"pk": 1757, "fields": {"number": 1, "measure": 984, "beats": 2, "alt_bass": false, "alt_bass_pitch": 0, "chord_type": 1, "rest": false, "chord_pitch": 0}, "model": "chordcharts.chord"}, {"pk": 1758, "fields": {"number": 2, "measure": 984, "beats": 2, "alt_bass": false, "alt_bass_pitch": 0, "chord_type": 1, "rest": false, "chord_pitch": 8}, "model": "chordcharts.chord"}, {"pk": 1759, "fields": {"number": 1, "measure": 985, "beats": 4, "alt_bass": false, "alt_bass_pitch": 0, "chord_type": 1, "rest": false, "chord_pitch": 8}, "model": "chordcharts.chord"}, {"pk": 1761, "fields": {"number": 1, "measure": 986, "beats": 4, "alt_bass": false, "alt_bass_pitch": 0, "chord_type": 1, "rest": false, "chord_pitch": 7}, "model": "chordcharts.chord"}, {"pk": 1763, "fields": {"number": 1, "measure": 987, "beats": 4, "alt_bass": false, "alt_bass_pitch": 0, "chord_type": 1, "rest": false, "chord_pitch": 7}, "model": "chordcharts.chord"}, {"pk": 1765, "fields": {"number": 1, "measure": 988, "beats": 2, "alt_bass": false, "alt_bass_pitch": 0, "chord_type": 1, "rest": false, "chord_pitch": 0}, "model": "chordcharts.chord"}, {"pk": 1766, "fields": {"number": 2, "measure": 988, "beats": 2, "alt_bass": false, "alt_bass_pitch": 0, "chord_type": 1, "rest": false, "chord_pitch": 10}, "model": "chordcharts.chord"}, {"pk": 1767, "fields": {"number": 1, "measure": 989, "beats": 2, "alt_bass": false, "alt_bass_pitch": 0, "chord_type": 3, "rest": false, "chord_pitch": 8}, "model": "chordcharts.chord"}, {"pk": 1768, "fields": {"number": 2, "measure": 989, "beats": 2, "alt_bass": false, "alt_bass_pitch": 0, "chord_type": 3, "rest": false, "chord_pitch": 7}, "model": "chordcharts.chord"}, {"pk": 1769, "fields": {"number": 1, "measure": 990, "beats": 4, "alt_bass": false, "alt_bass_pitch": 0, "chord_type": 1, "rest": false, "chord_pitch": 0}, "model": "chordcharts.chord"}, {"pk": 1771, "fields": {"number": 1, "measure": 991, "beats": 4, "alt_bass": false, "alt_bass_pitch": 0, "chord_type": 1, "rest": false, "chord_pitch": 0}, "model": "chordcharts.chord"}, {"pk": 1773, "fields": {"number": 1, "measure": 992, "beats": 4, "alt_bass": false, "alt_bass_pitch": 0, "chord_type": 1, "rest": false, "chord_pitch": 3}, "model": "chordcharts.chord"}, {"pk": 1775, "fields": {"number": 1, "measure": 993, "beats": 4, "alt_bass": false, "alt_bass_pitch": 0, "chord_type": 1, "rest": false, "chord_pitch": 3}, "model": "chordcharts.chord"}, {"pk": 1777, "fields": {"number": 1, "measure": 994, "beats": 4, "alt_bass": false, "alt_bass_pitch": 0, "chord_type": 1, "rest": false, "chord_pitch": 8}, "model": "chordcharts.chord"}, {"pk": 1779, "fields": {"number": 1, "measure": 995, "beats": 4, "alt_bass": false, "alt_bass_pitch": 0, "chord_type": 1, "rest": false, "chord_pitch": 8}, "model": "chordcharts.chord"}, {"pk": 1781, "fields": {"number": 1, "measure": 996, "beats": 2, "alt_bass": false, "alt_bass_pitch": 0, "chord_type": 1, "rest": false, "chord_pitch": 2}, "model": "chordcharts.chord"}, {"pk": 1782, "fields": {"number": 2, "measure": 996, "beats": 2, "alt_bass": false, "alt_bass_pitch": 0, "chord_type": 3, "rest": false, "chord_pitch": 7}, "model": "chordcharts.chord"}, {"pk": 1783, "fields": {"number": 1, "measure": 997, "beats": 2, "alt_bass": false, "alt_bass_pitch": 0, "chord_type": 1, "rest": false, "chord_pitch": 0}, "model": "chordcharts.chord"}, {"pk": 1784, "fields": {"number": 2, "measure": 997, "beats": 2, "alt_bass": false, "alt_bass_pitch": 0, "chord_type": 3, "rest": false, "chord_pitch": 7}, "model": "chordcharts.chord"}, {"pk": 1785, "fields": {"number": 1, "measure": 998, "beats": 4, "alt_bass": false, "alt_bass_pitch": 0, "chord_type": 1, "rest": false, "chord_pitch": 0}, "model": "chordcharts.chord"}, {"pk": 1787, "fields": {"number": 1, "measure": 999, "beats": 2, "alt_bass": false, "alt_bass_pitch": 0, "chord_type": 1, "rest": false, "chord_pitch": 5}, "model": "chordcharts.chord"}, {"pk": 1788, "fields": {"number": 2, "measure": 999, "beats": 2, "alt_bass": false, "alt_bass_pitch": 0, "chord_type": 3, "rest": false, "chord_pitch": 7}, "model": "chordcharts.chord"}, {"pk": 1789, "fields": {"number": 1, "measure": 1000, "beats": 2, "alt_bass": false, "alt_bass_pitch": 0, "chord_type": 1, "rest": false, "chord_pitch": 0}, "model": "chordcharts.chord"}, {"pk": 1790, "fields": {"number": 2, "measure": 1000, "beats": 2, "alt_bass": false, "alt_bass_pitch": 0, "chord_type": 10, "rest": false, "chord_pitch": 1}, "model": "chordcharts.chord"}, {"pk": 1791, "fields": {"number": 1, "measure": 1001, "beats": 4, "alt_bass": false, "alt_bass_pitch": 0, "chord_type": 3, "rest": false, "chord_pitch": 9}, "model": "chordcharts.chord"}, {"pk": 1793, "fields": {"number": 1, "measure": 1002, "beats": 4, "alt_bass": false, "alt_bass_pitch": 0, "chord_type": 3, "rest": false, "chord_pitch": 2}, "model": "chordcharts.chord"}, {"pk": 1795, "fields": {"number": 1, "measure": 1003, "beats": 4, "alt_bass": false, "alt_bass_pitch": 0, "chord_type": 3, "rest": false, "chord_pitch": 7}, "model": "chordcharts.chord"}, {"pk": 1797, "fields": {"number": 1, "measure": 1004, "beats": 2, "alt_bass": false, "alt_bass_pitch": 0, "chord_type": 1, "rest": false, "chord_pitch": 0}, "model": "chordcharts.chord"}, {"pk": 1798, "fields": {"number": 2, "measure": 1004, "beats": 2, "alt_bass": false, "alt_bass_pitch": 0, "chord_type": 3, "rest": false, "chord_pitch": 9}, "model": "chordcharts.chord"}, {"pk": 1799, "fields": {"number": 1, "measure": 1005, "beats": 4, "alt_bass": false, "alt_bass_pitch": 0, "chord_type": 1, "rest": false, "chord_pitch": 7}, "model": "chordcharts.chord"}, {"pk": 1801, "fields": {"number": 1, "measure": 1006, "beats": 4, "alt_bass": false, "alt_bass_pitch": 0, "chord_type": 1, "rest": false, "chord_pitch": 0}, "model": "chordcharts.chord"}, {"pk": 1803, "fields": {"number": 1, "measure": 1007, "beats": 4, "alt_bass": false, "alt_bass_pitch": 0, "chord_type": 1, "rest": false, "chord_pitch": 0}, "model": "chordcharts.chord"}, {"pk": 1805, "fields": {"number": 1, "measure": 1008, "beats": 4, "alt_bass": false, "alt_bass_pitch": 0, "chord_type": 1, "rest": false, "chord_pitch": 3}, "model": "chordcharts.chord"}, {"pk": 1807, "fields": {"number": 1, "measure": 1009, "beats": 4, "alt_bass": false, "alt_bass_pitch": 0, "chord_type": 1, "rest": false, "chord_pitch": 3}, "model": "chordcharts.chord"}, {"pk": 1809, "fields": {"number": 1, "measure": 1010, "beats": 4, "alt_bass": false, "alt_bass_pitch": 0, "chord_type": 1, "rest": false, "chord_pitch": 8}, "model": "chordcharts.chord"}, {"pk": 1811, "fields": {"number": 1, "measure": 1011, "beats": 4, "alt_bass": false, "alt_bass_pitch": 0, "chord_type": 1, "rest": false, "chord_pitch": 8}, "model": "chordcharts.chord"}, {"pk": 1813, "fields": {"number": 1, "measure": 1012, "beats": 2, "alt_bass": false, "alt_bass_pitch": 0, "chord_type": 1, "rest": false, "chord_pitch": 2}, "model": "chordcharts.chord"}, {"pk": 1814, "fields": {"number": 2, "measure": 1012, "beats": 2, "alt_bass": false, "alt_bass_pitch": 0, "chord_type": 3, "rest": false, "chord_pitch": 7}, "model": "chordcharts.chord"}, {"pk": 1815, "fields": {"number": 1, "measure": 1013, "beats": 2, "alt_bass": false, "alt_bass_pitch": 0, "chord_type": 1, "rest": false, "chord_pitch": 0}, "model": "chordcharts.chord"}, {"pk": 1816, "fields": {"number": 2, "measure": 1013, "beats": 2, "alt_bass": false, "alt_bass_pitch": 0, "chord_type": 3, "rest": false, "chord_pitch": 7}, "model": "chordcharts.chord"}, {"pk": 1882, "fields": {"number": 1, "measure": 1067, "beats": 2, "alt_bass": false, "alt_bass_pitch": 0, "chord_type": 2, "rest": false, "chord_pitch": 0}, "model": "chordcharts.chord"}, {"pk": 1883, "fields": {"number": 2, "measure": 1067, "beats": 2, "alt_bass": false, "alt_bass_pitch": 0, "chord_type": 1, "rest": false, "chord_pitch": 10}, "model": "chordcharts.chord"}, {"pk": 1886, "fields": {"number": 2, "measure": 1068, "beats": 2, "alt_bass": false, "alt_bass_pitch": 0, "chord_type": 3, "rest": false, "chord_pitch": 7}, "model": "chordcharts.chord"}, {"pk": 1887, "fields": {"number": 1, "measure": 1068, "beats": 2, "alt_bass": false, "alt_bass_pitch": 0, "chord_type": 3, "rest": false, "chord_pitch": 8}, "model": "chordcharts.chord"}, {"pk": 1890, "fields": {"number": 1, "measure": 1069, "beats": 2, "alt_bass": false, "alt_bass_pitch": 0, "chord_type": 2, "rest": false, "chord_pitch": 0}, "model": "chordcharts.chord"}, {"pk": 1891, "fields": {"number": 2, "measure": 1069, "beats": 2, "alt_bass": false, "alt_bass_pitch": 0, "chord_type": 1, "rest": false, "chord_pitch": 10}, "model": "chordcharts.chord"}, {"pk": 1894, "fields": {"number": 1, "measure": 1070, "beats": 2, "alt_bass": false, "alt_bass_pitch": 0, "chord_type": 3, "rest": false, "chord_pitch": 8}, "model": "chordcharts.chord"}, {"pk": 1895, "fields": {"number": 2, "measure": 1070, "beats": 2, "alt_bass": false, "alt_bass_pitch": 0, "chord_type": 3, "rest": false, "chord_pitch": 7}, "model": "chordcharts.chord"}, {"pk": 1898, "fields": {"number": 1, "measure": 1071, "beats": 2, "alt_bass": false, "alt_bass_pitch": 0, "chord_type": 2, "rest": false, "chord_pitch": 0}, "model": "chordcharts.chord"}, {"pk": 1900, "fields": {"number": 2, "measure": 1071, "beats": 2, "alt_bass": false, "alt_bass_pitch": 0, "chord_type": 12, "rest": false, "chord_pitch": 0}, "model": "chordcharts.chord"}, {"pk": 1902, "fields": {"number": 1, "measure": 1072, "beats": 2, "alt_bass": false, "alt_bass_pitch": 0, "chord_type": 5, "rest": false, "chord_pitch": 0}, "model": "chordcharts.chord"}, {"pk": 1904, "fields": {"number": 2, "measure": 1072, "beats": 2, "alt_bass": false, "alt_bass_pitch": 0, "chord_type": 7, "rest": false, "chord_pitch": 7}, "model": "chordcharts.chord"}, {"pk": 1906, "fields": {"number": 1, "measure": 1073, "beats": 2, "alt_bass": false, "alt_bass_pitch": 0, "chord_type": 3, "rest": false, "chord_pitch": 8}, "model": "chordcharts.chord"}, {"pk": 1907, "fields": {"number": 2, "measure": 1073, "beats": 2, "alt_bass": false, "alt_bass_pitch": 0, "chord_type": 3, "rest": false, "chord_pitch": 7}, "model": "chordcharts.chord"}, {"pk": 1910, "fields": {"number": 1, "measure": 1074, "beats": 2, "alt_bass": false, "alt_bass_pitch": 0, "chord_type": 2, "rest": false, "chord_pitch": 0}, "model": "chordcharts.chord"}, {"pk": 1913, "fields": {"number": 2, "measure": 1074, "beats": 2, "alt_bass": false, "alt_bass_pitch": 0, "chord_type": 3, "rest": false, "chord_pitch": 7}, "model": "chordcharts.chord"}, {"pk": 1917, "fields": {"number": 1, "measure": 1075, "beats": 4, "alt_bass": false, "alt_bass_pitch": 0, "chord_type": 3, "rest": false, "chord_pitch": 5}, "model": "chordcharts.chord"}, {"pk": 1918, "fields": {"number": 1, "measure": 1076, "beats": 4, "alt_bass": false, "alt_bass_pitch": 0, "chord_type": 3, "rest": false, "chord_pitch": 10}, "model": "chordcharts.chord"}, {"pk": 1924, "fields": {"number": 1, "measure": 1077, "beats": 4, "alt_bass": false, "alt_bass_pitch": 0, "chord_type": 8, "rest": false, "chord_pitch": 3}, "model": "chordcharts.chord"}, {"pk": 1926, "fields": {"number": 2, "measure": 1078, "beats": 2, "alt_bass": false, "alt_bass_pitch": 0, "chord_type": 3, "rest": false, "chord_pitch": 7}, "model": "chordcharts.chord"}, {"pk": 1927, "fields": {"number": 1, "measure": 1078, "beats": 2, "alt_bass": false, "alt_bass_pitch": 0, "chord_type": 3, "rest": false, "chord_pitch": 8}, "model": "chordcharts.chord"}, {"pk": 1935, "fields": {"number": 1, "measure": 1083, "beats": 4, "alt_bass": false, "alt_bass_pitch": 0, "chord_type": 1, "rest": false, "chord_pitch": 0}, "model": "chordcharts.chord"}, {"pk": 1936, "fields": {"number": 1, "measure": 1084, "beats": 4, "alt_bass": false, "alt_bass_pitch": 0, "chord_type": 23, "rest": false, "chord_pitch": 5}, "model": "chordcharts.chord"}, {"pk": 1937, "fields": {"number": 1, "measure": 1085, "beats": 4, "alt_bass": false, "alt_bass_pitch": 0, "chord_type": 1, "rest": false, "chord_pitch": 0}, "model": "chordcharts.chord"}, {"pk": 1938, "fields": {"number": 1, "measure": 1086, "beats": 4, "alt_bass": false, "alt_bass_pitch": 0, "chord_type": 1, "rest": false, "chord_pitch": 9}, "model": "chordcharts.chord"}, {"pk": 1939, "fields": {"number": 1, "measure": 1087, "beats": 4, "alt_bass": false, "alt_bass_pitch": 0, "chord_type": 3, "rest": false, "chord_pitch": 2}, "model": "chordcharts.chord"}, {"pk": 1940, "fields": {"number": 1, "measure": 1088, "beats": 4, "alt_bass": false, "alt_bass_pitch": 0, "chord_type": 3, "rest": false, "chord_pitch": 2}, "model": "chordcharts.chord"}, {"pk": 1941, "fields": {"number": 1, "measure": 1089, "beats": 4, "alt_bass": false, "alt_bass_pitch": 0, "chord_type": 3, "rest": false, "chord_pitch": 2}, "model": "chordcharts.chord"}, {"pk": 1942, "fields": {"number": 1, "measure": 1090, "beats": 4, "alt_bass": false, "alt_bass_pitch": 0, "chord_type": 3, "rest": false, "chord_pitch": 2}, "model": "chordcharts.chord"}, {"pk": 1943, "fields": {"number": 1, "measure": 1091, "beats": 4, "alt_bass": false, "alt_bass_pitch": 0, "chord_type": 1, "rest": false, "chord_pitch": 7}, "model": "chordcharts.chord"}, {"pk": 1944, "fields": {"number": 1, "measure": 1092, "beats": 4, "alt_bass": false, "alt_bass_pitch": 0, "chord_type": 1, "rest": false, "chord_pitch": 7}, "model": "chordcharts.chord"}, {"pk": 1945, "fields": {"number": 1, "measure": 1093, "beats": 4, "alt_bass": false, "alt_bass_pitch": 0, "chord_type": 1, "rest": false, "chord_pitch": 7}, "model": "chordcharts.chord"}, {"pk": 1946, "fields": {"number": 1, "measure": 1094, "beats": 4, "alt_bass": false, "alt_bass_pitch": 0, "chord_type": 1, "rest": false, "chord_pitch": 7}, "model": "chordcharts.chord"}, {"pk": 1947, "fields": {"number": 1, "measure": 1095, "beats": 4, "alt_bass": false, "alt_bass_pitch": 0, "chord_type": 1, "rest": false, "chord_pitch": 0}, "model": "chordcharts.chord"}, {"pk": 1948, "fields": {"number": 1, "measure": 1096, "beats": 4, "alt_bass": false, "alt_bass_pitch": 0, "chord_type": 23, "rest": false, "chord_pitch": 5}, "model": "chordcharts.chord"}, {"pk": 1949, "fields": {"number": 1, "measure": 1097, "beats": 4, "alt_bass": false, "alt_bass_pitch": 0, "chord_type": 1, "rest": false, "chord_pitch": 0}, "model": "chordcharts.chord"}, {"pk": 1950, "fields": {"number": 1, "measure": 1098, "beats": 4, "alt_bass": false, "alt_bass_pitch": 0, "chord_type": 1, "rest": false, "chord_pitch": 0}, "model": "chordcharts.chord"}, {"pk": 1951, "fields": {"number": 1, "measure": 1099, "beats": 2, "alt_bass": false, "alt_bass_pitch": 0, "chord_type": 1, "rest": false, "chord_pitch": 0}, "model": "chordcharts.chord"}, {"pk": 1952, "fields": {"number": 2, "measure": 1099, "beats": 2, "alt_bass": false, "alt_bass_pitch": 0, "chord_type": 23, "rest": false, "chord_pitch": 5}, "model": "chordcharts.chord"}, {"pk": 1953, "fields": {"number": 1, "measure": 1100, "beats": 4, "alt_bass": false, "alt_bass_pitch": 0, "chord_type": 1, "rest": false, "chord_pitch": 0}, "model": "chordcharts.chord"}, {"pk": 1955, "fields": {"number": 1, "measure": 1101, "beats": 2, "alt_bass": false, "alt_bass_pitch": 0, "chord_type": 1, "rest": false, "chord_pitch": 0}, "model": "chordcharts.chord"}, {"pk": 1956, "fields": {"number": 2, "measure": 1101, "beats": 2, "alt_bass": false, "alt_bass_pitch": 0, "chord_type": 23, "rest": false, "chord_pitch": 5}, "model": "chordcharts.chord"}, {"pk": 1957, "fields": {"number": 1, "measure": 1102, "beats": 4, "alt_bass": false, "alt_bass_pitch": 0, "chord_type": 1, "rest": false, "chord_pitch": 0}, "model": "chordcharts.chord"}, {"pk": 1959, "fields": {"number": 1, "measure": 1103, "beats": 4, "alt_bass": false, "alt_bass_pitch": 0, "chord_type": 1, "rest": false, "chord_pitch": 0}, "model": "chordcharts.chord"}, {"pk": 1961, "fields": {"number": 1, "measure": 1104, "beats": 2, "alt_bass": false, "alt_bass_pitch": 0, "chord_type": 3, "rest": false, "chord_pitch": 2}, "model": "chordcharts.chord"}, {"pk": 1962, "fields": {"number": 2, "measure": 1104, "beats": 2, "alt_bass": false, "alt_bass_pitch": 0, "chord_type": 3, "rest": false, "chord_pitch": 7}, "model": "chordcharts.chord"}, {"pk": 1963, "fields": {"number": 1, "measure": 1105, "beats": 4, "alt_bass": false, "alt_bass_pitch": 0, "chord_type": 1, "rest": false, "chord_pitch": 0}, "model": "chordcharts.chord"}, {"pk": 1965, "fields": {"number": 1, "measure": 1106, "beats": 4, "alt_bass": false, "alt_bass_pitch": 0, "chord_type": 1, "rest": false, "chord_pitch": 0}, "model": "chordcharts.chord"}, {"pk": 1967, "fields": {"number": 1, "measure": 1107, "beats": 2, "alt_bass": false, "alt_bass_pitch": 0, "chord_type": 1, "rest": false, "chord_pitch": 0}, "model": "chordcharts.chord"}, {"pk": 1968, "fields": {"number": 2, "measure": 1107, "beats": 2, "alt_bass": false, "alt_bass_pitch": 0, "chord_type": 23, "rest": false, "chord_pitch": 5}, "model": "chordcharts.chord"}, {"pk": 1969, "fields": {"number": 1, "measure": 1108, "beats": 4, "alt_bass": false, "alt_bass_pitch": 0, "chord_type": 1, "rest": false, "chord_pitch": 0}, "model": "chordcharts.chord"}, {"pk": 1971, "fields": {"number": 1, "measure": 1109, "beats": 2, "alt_bass": false, "alt_bass_pitch": 0, "chord_type": 1, "rest": false, "chord_pitch": 0}, "model": "chordcharts.chord"}, {"pk": 1972, "fields": {"number": 2, "measure": 1109, "beats": 2, "alt_bass": false, "alt_bass_pitch": 0, "chord_type": 23, "rest": false, "chord_pitch": 5}, "model": "chordcharts.chord"}, {"pk": 1973, "fields": {"number": 1, "measure": 1110, "beats": 4, "alt_bass": false, "alt_bass_pitch": 0, "chord_type": 1, "rest": false, "chord_pitch": 0}, "model": "chordcharts.chord"}, {"pk": 1975, "fields": {"number": 1, "measure": 1111, "beats": 4, "alt_bass": false, "alt_bass_pitch": 0, "chord_type": 1, "rest": false, "chord_pitch": 0}, "model": "chordcharts.chord"}, {"pk": 1977, "fields": {"number": 1, "measure": 1112, "beats": 2, "alt_bass": false, "alt_bass_pitch": 0, "chord_type": 3, "rest": false, "chord_pitch": 2}, "model": "chordcharts.chord"}, {"pk": 1978, "fields": {"number": 2, "measure": 1112, "beats": 2, "alt_bass": false, "alt_bass_pitch": 0, "chord_type": 3, "rest": false, "chord_pitch": 7}, "model": "chordcharts.chord"}, {"pk": 1979, "fields": {"number": 1, "measure": 1113, "beats": 4, "alt_bass": false, "alt_bass_pitch": 0, "chord_type": 1, "rest": false, "chord_pitch": 0}, "model": "chordcharts.chord"}, {"pk": 1981, "fields": {"number": 1, "measure": 1114, "beats": 4, "alt_bass": false, "alt_bass_pitch": 0, "chord_type": 1, "rest": false, "chord_pitch": 0}, "model": "chordcharts.chord"}, {"pk": 1983, "fields": {"number": 1, "measure": 1115, "beats": 4, "alt_bass": false, "alt_bass_pitch": 0, "chord_type": 1, "rest": false, "chord_pitch": 5}, "model": "chordcharts.chord"}, {"pk": 1985, "fields": {"number": 1, "measure": 1116, "beats": 4, "alt_bass": false, "alt_bass_pitch": 0, "chord_type": 1, "rest": false, "chord_pitch": 5}, "model": "chordcharts.chord"}, {"pk": 1987, "fields": {"number": 1, "measure": 1117, "beats": 4, "alt_bass": false, "alt_bass_pitch": 0, "chord_type": 1, "rest": false, "chord_pitch": 0}, "model": "chordcharts.chord"}, {"pk": 1989, "fields": {"number": 1, "measure": 1118, "beats": 4, "alt_bass": false, "alt_bass_pitch": 0, "chord_type": 1, "rest": false, "chord_pitch": 0}, "model": "chordcharts.chord"}, {"pk": 1991, "fields": {"number": 1, "measure": 1119, "beats": 4, "alt_bass": false, "alt_bass_pitch": 0, "chord_type": 1, "rest": false, "chord_pitch": 0}, "model": "chordcharts.chord"}, {"pk": 1993, "fields": {"number": 1, "measure": 1120, "beats": 2, "alt_bass": false, "alt_bass_pitch": 0, "chord_type": 3, "rest": false, "chord_pitch": 2}, "model": "chordcharts.chord"}, {"pk": 1994, "fields": {"number": 2, "measure": 1120, "beats": 2, "alt_bass": false, "alt_bass_pitch": 0, "chord_type": 3, "rest": false, "chord_pitch": 7}, "model": "chordcharts.chord"}, {"pk": 1995, "fields": {"number": 1, "measure": 1121, "beats": 4, "alt_bass": false, "alt_bass_pitch": 0, "chord_type": 1, "rest": false, "chord_pitch": 0}, "model": "chordcharts.chord"}, {"pk": 1997, "fields": {"number": 1, "measure": 1122, "beats": 2, "alt_bass": false, "alt_bass_pitch": 0, "chord_type": 1, "rest": false, "chord_pitch": 0}, "model": "chordcharts.chord"}, {"pk": 1998, "fields": {"number": 2, "measure": 1122, "beats": 2, "alt_bass": false, "alt_bass_pitch": 0, "chord_type": 23, "rest": false, "chord_pitch": 5}, "model": "chordcharts.chord"}, {"pk": 1999, "fields": {"number": 1, "measure": 1123, "beats": 4, "alt_bass": false, "alt_bass_pitch": 0, "chord_type": 1, "rest": false, "chord_pitch": 0}, "model": "chordcharts.chord"}, {"pk": 2001, "fields": {"number": 1, "measure": 1124, "beats": 2, "alt_bass": false, "alt_bass_pitch": 0, "chord_type": 1, "rest": false, "chord_pitch": 0}, "model": "chordcharts.chord"}, {"pk": 2002, "fields": {"number": 2, "measure": 1124, "beats": 2, "alt_bass": false, "alt_bass_pitch": 0, "chord_type": 23, "rest": false, "chord_pitch": 5}, "model": "chordcharts.chord"}, {"pk": 2003, "fields": {"number": 1, "measure": 1125, "beats": 4, "alt_bass": false, "alt_bass_pitch": 0, "chord_type": 1, "rest": false, "chord_pitch": 0}, "model": "chordcharts.chord"}, {"pk": 2005, "fields": {"number": 1, "measure": 1126, "beats": 4, "alt_bass": false, "alt_bass_pitch": 0, "chord_type": 1, "rest": false, "chord_pitch": 0}, "model": "chordcharts.chord"}, {"pk": 2039, "fields": {"number": 1, "measure": 1143, "beats": 4, "alt_bass": false, "alt_bass_pitch": 0, "chord_type": 1, "rest": false, "chord_pitch": 5}, "model": "chordcharts.chord"}, {"pk": 2041, "fields": {"number": 1, "measure": 1144, "beats": 4, "alt_bass": false, "alt_bass_pitch": 0, "chord_type": 1, "rest": false, "chord_pitch": 5}, "model": "chordcharts.chord"}, {"pk": 2043, "fields": {"number": 1, "measure": 1145, "beats": 4, "alt_bass": false, "alt_bass_pitch": 0, "chord_type": 1, "rest": false, "chord_pitch": 0}, "model": "chordcharts.chord"}, {"pk": 2045, "fields": {"number": 1, "measure": 1146, "beats": 4, "alt_bass": false, "alt_bass_pitch": 0, "chord_type": 1, "rest": false, "chord_pitch": 0}, "model": "chordcharts.chord"}, {"pk": 2047, "fields": {"number": 1, "measure": 1147, "beats": 2, "alt_bass": false, "alt_bass_pitch": 0, "chord_type": 3, "rest": false, "chord_pitch": 2}, "model": "chordcharts.chord"}, {"pk": 2048, "fields": {"number": 2, "measure": 1147, "beats": 2, "alt_bass": false, "alt_bass_pitch": 0, "chord_type": 3, "rest": false, "chord_pitch": 7}, "model": "chordcharts.chord"}, {"pk": 2049, "fields": {"number": 1, "measure": 1148, "beats": 2, "alt_bass": false, "alt_bass_pitch": 0, "chord_type": 3, "rest": false, "chord_pitch": 2}, "model": "chordcharts.chord"}, {"pk": 2050, "fields": {"number": 2, "measure": 1148, "beats": 2, "alt_bass": false, "alt_bass_pitch": 0, "chord_type": 3, "rest": false, "chord_pitch": 7}, "model": "chordcharts.chord"}, {"pk": 2051, "fields": {"number": 1, "measure": 1149, "beats": 4, "alt_bass": false, "alt_bass_pitch": 0, "chord_type": 1, "rest": false, "chord_pitch": 0}, "model": "chordcharts.chord"}, {"pk": 2053, "fields": {"number": 1, "measure": 1150, "beats": 4, "alt_bass": false, "alt_bass_pitch": 0, "chord_type": 1, "rest": false, "chord_pitch": 0}, "model": "chordcharts.chord"}, {"pk": 2055, "fields": {"number": 1, "measure": 1151, "beats": 4, "alt_bass": false, "alt_bass_pitch": 0, "chord_type": 1, "rest": false, "chord_pitch": 5}, "model": "chordcharts.chord"}, {"pk": 2057, "fields": {"number": 1, "measure": 1152, "beats": 4, "alt_bass": false, "alt_bass_pitch": 0, "chord_type": 1, "rest": false, "chord_pitch": 5}, "model": "chordcharts.chord"}, {"pk": 2059, "fields": {"number": 1, "measure": 1153, "beats": 4, "alt_bass": false, "alt_bass_pitch": 0, "chord_type": 1, "rest": false, "chord_pitch": 0}, "model": "chordcharts.chord"}, {"pk": 2061, "fields": {"number": 1, "measure": 1154, "beats": 4, "alt_bass": false, "alt_bass_pitch": 0, "chord_type": 1, "rest": false, "chord_pitch": 0}, "model": "chordcharts.chord"}, {"pk": 2063, "fields": {"number": 1, "measure": 1155, "beats": 2, "alt_bass": false, "alt_bass_pitch": 0, "chord_type": 3, "rest": false, "chord_pitch": 2}, "model": "chordcharts.chord"}, {"pk": 2064, "fields": {"number": 2, "measure": 1155, "beats": 2, "alt_bass": false, "alt_bass_pitch": 0, "chord_type": 3, "rest": false, "chord_pitch": 7}, "model": "chordcharts.chord"}, {"pk": 2065, "fields": {"number": 1, "measure": 1156, "beats": 2, "alt_bass": false, "alt_bass_pitch": 0, "chord_type": 3, "rest": false, "chord_pitch": 2}, "model": "chordcharts.chord"}, {"pk": 2066, "fields": {"number": 2, "measure": 1156, "beats": 2, "alt_bass": false, "alt_bass_pitch": 0, "chord_type": 3, "rest": false, "chord_pitch": 7}, "model": "chordcharts.chord"}, {"pk": 2067, "fields": {"number": 1, "measure": 1157, "beats": 4, "alt_bass": false, "alt_bass_pitch": 0, "chord_type": 1, "rest": false, "chord_pitch": 0}, "model": "chordcharts.chord"}, {"pk": 2069, "fields": {"number": 1, "measure": 1158, "beats": 4, "alt_bass": false, "alt_bass_pitch": 0, "chord_type": 1, "rest": false, "chord_pitch": 0}, "model": "chordcharts.chord"}, {"pk": 1, "fields": {"name": "Can add permission", "content_type": 1, "codename": "add_permission"}, "model": "auth.permission"}, {"pk": 2, "fields": {"name": "Can change permission", "content_type": 1, "codename": "change_permission"}, "model": "auth.permission"}, {"pk": 3, "fields": {"name": "Can delete permission", "content_type": 1, "codename": "delete_permission"}, "model": "auth.permission"}, {"pk": 4, "fields": {"name": "Can add group", "content_type": 2, "codename": "add_group"}, "model": "auth.permission"}, {"pk": 5, "fields": {"name": "Can change group", "content_type": 2, "codename": "change_group"}, "model": "auth.permission"}, {"pk": 6, "fields": {"name": "Can delete group", "content_type": 2, "codename": "delete_group"}, "model": "auth.permission"}, {"pk": 7, "fields": {"name": "Can add user", "content_type": 3, "codename": "add_user"}, "model": "auth.permission"}, {"pk": 8, "fields": {"name": "Can change user", "content_type": 3, "codename": "change_user"}, "model": "auth.permission"}, {"pk": 9, "fields": {"name": "Can delete user", "content_type": 3, "codename": "delete_user"}, "model": "auth.permission"}, {"pk": 10, "fields": {"name": "Can add content type", "content_type": 4, "codename": "add_contenttype"}, "model": "auth.permission"}, {"pk": 11, "fields": {"name": "Can change content type", "content_type": 4, "codename": "change_contenttype"}, "model": "auth.permission"}, {"pk": 12, "fields": {"name": "Can delete content type", "content_type": 4, "codename": "delete_contenttype"}, "model": "auth.permission"}, {"pk": 13, "fields": {"name": "Can add session", "content_type": 5, "codename": "add_session"}, "model": "auth.permission"}, {"pk": 14, "fields": {"name": "Can change session", "content_type": 5, "codename": "change_session"}, "model": "auth.permission"}, {"pk": 15, "fields": {"name": "Can delete session", "content_type": 5, "codename": "delete_session"}, "model": "auth.permission"}, {"pk": 16, "fields": {"name": "Can add site", "content_type": 6, "codename": "add_site"}, "model": "auth.permission"}, {"pk": 17, "fields": {"name": "Can change site", "content_type": 6, "codename": "change_site"}, "model": "auth.permission"}, {"pk": 18, "fields": {"name": "Can delete site", "content_type": 6, "codename": "delete_site"}, "model": "auth.permission"}, {"pk": 19, "fields": {"name": "Can add log entry", "content_type": 7, "codename": "add_logentry"}, "model": "auth.permission"}, {"pk": 20, "fields": {"name": "Can change log entry", "content_type": 7, "codename": "change_logentry"}, "model": "auth.permission"}, {"pk": 21, "fields": {"name": "Can delete log entry", "content_type": 7, "codename": "delete_logentry"}, "model": "auth.permission"}, {"pk": 22, "fields": {"name": "Can add migration history", "content_type": 8, "codename": "add_migrationhistory"}, "model": "auth.permission"}, {"pk": 23, "fields": {"name": "Can change migration history", "content_type": 8, "codename": "change_migrationhistory"}, "model": "auth.permission"}, {"pk": 24, "fields": {"name": "Can delete migration history", "content_type": 8, "codename": "delete_migrationhistory"}, "model": "auth.permission"}, {"pk": 25, "fields": {"name": "Can add song", "content_type": 9, "codename": "add_song"}, "model": "auth.permission"}, {"pk": 26, "fields": {"name": "Can change song", "content_type": 9, "codename": "change_song"}, "model": "auth.permission"}, {"pk": 27, "fields": {"name": "Can delete song", "content_type": 9, "codename": "delete_song"}, "model": "auth.permission"}, {"pk": 28, "fields": {"name": "Can add key", "content_type": 10, "codename": "add_key"}, "model": "auth.permission"}, {"pk": 29, "fields": {"name": "Can change key", "content_type": 10, "codename": "change_key"}, "model": "auth.permission"}, {"pk": 30, "fields": {"name": "Can delete key", "content_type": 10, "codename": "delete_key"}, "model": "auth.permission"}, {"pk": 31, "fields": {"name": "Can add note", "content_type": 11, "codename": "add_note"}, "model": "auth.permission"}, {"pk": 32, "fields": {"name": "Can change note", "content_type": 11, "codename": "change_note"}, "model": "auth.permission"}, {"pk": 33, "fields": {"name": "Can delete note", "content_type": 11, "codename": "delete_note"}, "model": "auth.permission"}, {"pk": 34, "fields": {"name": "Can add chord type", "content_type": 12, "codename": "add_chordtype"}, "model": "auth.permission"}, {"pk": 35, "fields": {"name": "Can change chord type", "content_type": 12, "codename": "change_chordtype"}, "model": "auth.permission"}, {"pk": 36, "fields": {"name": "Can delete chord type", "content_type": 12, "codename": "delete_chordtype"}, "model": "auth.permission"}, {"pk": 37, "fields": {"name": "Can add chart", "content_type": 13, "codename": "add_chart"}, "model": "auth.permission"}, {"pk": 38, "fields": {"name": "Can change chart", "content_type": 13, "codename": "change_chart"}, "model": "auth.permission"}, {"pk": 39, "fields": {"name": "Can delete chart", "content_type": 13, "codename": "delete_chart"}, "model": "auth.permission"}, {"pk": 40, "fields": {"name": "Can add section", "content_type": 14, "codename": "add_section"}, "model": "auth.permission"}, {"pk": 41, "fields": {"name": "Can change section", "content_type": 14, "codename": "change_section"}, "model": "auth.permission"}, {"pk": 42, "fields": {"name": "Can delete section", "content_type": 14, "codename": "delete_section"}, "model": "auth.permission"}, {"pk": 43, "fields": {"name": "Can add line", "content_type": 15, "codename": "add_line"}, "model": "auth.permission"}, {"pk": 44, "fields": {"name": "Can change line", "content_type": 15, "codename": "change_line"}, "model": "auth.permission"}, {"pk": 45, "fields": {"name": "Can delete line", "content_type": 15, "codename": "delete_line"}, "model": "auth.permission"}, {"pk": 46, "fields": {"name": "Can add measure", "content_type": 16, "codename": "add_measure"}, "model": "auth.permission"}, {"pk": 47, "fields": {"name": "Can change measure", "content_type": 16, "codename": "change_measure"}, "model": "auth.permission"}, {"pk": 48, "fields": {"name": "Can delete measure", "content_type": 16, "codename": "delete_measure"}, "model": "auth.permission"}, {"pk": 49, "fields": {"name": "Can add chord", "content_type": 17, "codename": "add_chord"}, "model": "auth.permission"}, {"pk": 50, "fields": {"name": "Can change chord", "content_type": 17, "codename": "change_chord"}, "model": "auth.permission"}, {"pk": 51, "fields": {"name": "Can delete chord", "content_type": 17, "codename": "delete_chord"}, "model": "auth.permission"}, {"pk": 52, "fields": {"name": "Can add time signature", "content_type": 18, "codename": "add_timesignature"}, "model": "auth.permission"}, {"pk": 53, "fields": {"name": "Can change time signature", "content_type": 18, "codename": "change_timesignature"}, "model": "auth.permission"}, {"pk": 54, "fields": {"name": "Can delete time signature", "content_type": 18, "codename": "delete_timesignature"}, "model": "auth.permission"}, {"pk": 55, "fields": {"name": "Can add subsection", "content_type": 19, "codename": "add_subsection"}, "model": "auth.permission"}, {"pk": 56, "fields": {"name": "Can change subsection", "content_type": 19, "codename": "change_subsection"}, "model": "auth.permission"}, {"pk": 57, "fields": {"name": "Can delete subsection", "content_type": 19, "codename": "delete_subsection"}, "model": "auth.permission"}, {"pk": 1, "fields": {"last_login": "2014-06-25T11:01:28.655Z", "groups": [], "is_superuser": true, "last_name": "", "is_staff": true, "email": "gitaarik@gmail.com", "is_active": true, "user_permissions": [], "password": "pbkdf2_sha256$12000$90NfHU98DniH$QJwXyC3objxwEXni1cecn5tyKlp2cj3Mu5/y+dQc8KQ=", "username": "rik", "first_name": "", "date_joined": "2013-08-09T06:49:37.567Z"}, "model": "auth.user"}, {"pk": 1, "fields": {"user": 1, "content_type": 16, "action_time": "2013-08-09T06:51:07.810Z", "action_flag": 2, "change_message": "Changed chord_type for chord \"A-7\".", "object_id": "1", "object_repr": "Measure 1"}, "model": "admin.logentry"}, {"pk": 2, "fields": {"user": 1, "content_type": 15, "action_time": "2013-08-09T06:51:55.522Z", "action_flag": 2, "change_message": "Added measure \"Measure 3\". Added measure \"Measure 4\".", "object_id": "1", "object_repr": "Line 1"}, "model": "admin.logentry"}, {"pk": 3, "fields": {"user": 1, "content_type": 16, "action_time": "2013-08-09T06:53:02.104Z", "action_flag": 2, "change_message": "Added chord \"C6/9\". Added chord \"A-7\".", "object_id": "3", "object_repr": "Measure 3"}, "model": "admin.logentry"}, {"pk": 4, "fields": {"user": 1, "content_type": 16, "action_time": "2013-08-09T06:53:52.147Z", "action_flag": 2, "change_message": "Added chord \"F\u25b37\". Added chord \"G\u25b37\".", "object_id": "4", "object_repr": "Measure 4"}, "model": "admin.logentry"}, {"pk": 5, "fields": {"user": 1, "content_type": 13, "action_time": "2013-08-09T06:54:21.004Z", "action_flag": 2, "change_message": "Added section \"A\".", "object_id": "1", "object_repr": "J'attendrai"}, "model": "admin.logentry"}, {"pk": 6, "fields": {"user": 1, "content_type": 14, "action_time": "2013-08-09T06:54:34.305Z", "action_flag": 2, "change_message": "Added line \"Line 1\".", "object_id": "3", "object_repr": "A"}, "model": "admin.logentry"}, {"pk": 7, "fields": {"user": 1, "content_type": 15, "action_time": "2013-08-09T06:54:57.326Z", "action_flag": 2, "change_message": "Added measure \"Measure 1\".", "object_id": "2", "object_repr": "Line 1"}, "model": "admin.logentry"}, {"pk": 8, "fields": {"user": 1, "content_type": 15, "action_time": "2013-08-09T06:55:43.429Z", "action_flag": 2, "change_message": "Added measure \"Measure 1\". Added measure \"Measure 2\". Added measure \"Measure 3\". Added measure \"Measure 4\". Added measure \"Measure 5\". Added measure \"Measure 6\". Added measure \"Measure 7\". Added measure \"Measure 8\".", "object_id": "2", "object_repr": "Line 1"}, "model": "admin.logentry"}, {"pk": 9, "fields": {"user": 1, "content_type": 15, "action_time": "2013-08-09T06:56:38.348Z", "action_flag": 2, "change_message": "Deleted measure \"Measure 1\".", "object_id": "2", "object_repr": "Line 1"}, "model": "admin.logentry"}, {"pk": 10, "fields": {"user": 1, "content_type": 16, "action_time": "2013-08-09T06:57:20.629Z", "action_flag": 2, "change_message": "Added chord \"C6/9\".", "object_id": "5", "object_repr": "Measure 1"}, "model": "admin.logentry"}, {"pk": 11, "fields": {"user": 1, "content_type": 16, "action_time": "2013-08-09T06:57:45.088Z", "action_flag": 2, "change_message": "Added chord \"C6/9\".", "object_id": "7", "object_repr": "Measure 2"}, "model": "admin.logentry"}, {"pk": 12, "fields": {"user": 1, "content_type": 16, "action_time": "2013-08-09T06:58:02.712Z", "action_flag": 2, "change_message": "Added chord \"C6/9\".", "object_id": "8", "object_repr": "Measure 3"}, "model": "admin.logentry"}, {"pk": 13, "fields": {"user": 1, "content_type": 16, "action_time": "2013-08-09T07:00:12.327Z", "action_flag": 2, "change_message": "Added chord \"F9\".", "object_id": "9", "object_repr": "Measure 4"}, "model": "admin.logentry"}, {"pk": 14, "fields": {"user": 1, "content_type": 16, "action_time": "2013-08-09T07:00:40.261Z", "action_flag": 2, "change_message": "Added chord \"C\u25b37\".", "object_id": "10", "object_repr": "Measure 5"}, "model": "admin.logentry"}, {"pk": 15, "fields": {"user": 1, "content_type": 16, "action_time": "2013-08-09T07:02:13.100Z", "action_flag": 2, "change_message": "Added chord \"C\u25b37\". Added chord \"C/E\".", "object_id": "11", "object_repr": "Measure 6"}, "model": "admin.logentry"}, {"pk": 16, "fields": {"user": 1, "content_type": 16, "action_time": "2013-08-09T07:03:40.477Z", "action_flag": 2, "change_message": "Added chord \"Eb\u00b0 \".", "object_id": "11", "object_repr": "Measure 6"}, "model": "admin.logentry"}, {"pk": 17, "fields": {"user": 1, "content_type": 16, "action_time": "2013-08-09T07:15:10.541Z", "action_flag": 2, "change_message": "Added chord \"D-7\".", "object_id": "12", "object_repr": "Measure 7"}, "model": "admin.logentry"}, {"pk": 18, "fields": {"user": 1, "content_type": 16, "action_time": "2013-08-09T07:15:58.902Z", "action_flag": 2, "change_message": "Added chord \"A9\".", "object_id": "13", "object_repr": "Measure 8"}, "model": "admin.logentry"}, {"pk": 19, "fields": {"user": 1, "content_type": 14, "action_time": "2013-08-09T07:16:18.957Z", "action_flag": 2, "change_message": "Added line \"Line 2\".", "object_id": "3", "object_repr": "A"}, "model": "admin.logentry"}, {"pk": 20, "fields": {"user": 1, "content_type": 15, "action_time": "2013-08-09T07:17:09.713Z", "action_flag": 2, "change_message": "Added measure \"Measure 1\". Added measure \"Measure 2\". Added measure \"Measure 3\". Added measure \"Measure 4\". Added measure \"Measure 5\". Added measure \"Measure 6\". Added measure \"Measure 7\". Added measure \"Measure 8\".", "object_id": "3", "object_repr": "Line 2"}, "model": "admin.logentry"}, {"pk": 21, "fields": {"user": 1, "content_type": 16, "action_time": "2013-08-09T07:17:28.142Z", "action_flag": 2, "change_message": "Added chord \"Dm\".", "object_id": "14", "object_repr": "Measure 1"}, "model": "admin.logentry"}, {"pk": 22, "fields": {"user": 1, "content_type": 16, "action_time": "2013-08-09T07:17:57.223Z", "action_flag": 2, "change_message": "Added chord \"D-\u25b3\".", "object_id": "15", "object_repr": "Measure 2"}, "model": "admin.logentry"}, {"pk": 23, "fields": {"user": 1, "content_type": 16, "action_time": "2013-08-09T07:18:15.652Z", "action_flag": 2, "change_message": "Added chord \"D-7\".", "object_id": "16", "object_repr": "Measure 3"}, "model": "admin.logentry"}, {"pk": 24, "fields": {"user": 1, "content_type": 16, "action_time": "2013-08-09T07:18:57.875Z", "action_flag": 2, "change_message": "Added chord \"F#7\".", "object_id": "17", "object_repr": "Measure 4"}, "model": "admin.logentry"}, {"pk": 25, "fields": {"user": 1, "content_type": 16, "action_time": "2013-08-09T07:19:13.159Z", "action_flag": 2, "change_message": "Added chord \"Dm\".", "object_id": "18", "object_repr": "Measure 5"}, "model": "admin.logentry"}, {"pk": 26, "fields": {"user": 1, "content_type": 16, "action_time": "2013-08-09T07:19:28.104Z", "action_flag": 2, "change_message": "Added chord \"F#7\".", "object_id": "19", "object_repr": "Measure 6"}, "model": "admin.logentry"}, {"pk": 27, "fields": {"user": 1, "content_type": 16, "action_time": "2013-08-09T07:19:46.925Z", "action_flag": 2, "change_message": "Added chord \"C6/9\".", "object_id": "20", "object_repr": "Measure 7"}, "model": "admin.logentry"}, {"pk": 28, "fields": {"user": 1, "content_type": 16, "action_time": "2013-08-09T07:20:03.711Z", "action_flag": 2, "change_message": "Added chord \"C6/9\".", "object_id": "21", "object_repr": "Measure 8"}, "model": "admin.logentry"}, {"pk": 29, "fields": {"user": 1, "content_type": 16, "action_time": "2013-08-09T07:20:30.261Z", "action_flag": 2, "change_message": "Changed chord_pitch for chord \"G7\".", "object_id": "17", "object_repr": "Measure 4"}, "model": "admin.logentry"}, {"pk": 30, "fields": {"user": 1, "content_type": 16, "action_time": "2013-08-09T07:20:39.408Z", "action_flag": 2, "change_message": "Changed chord_pitch for chord \"G7\".", "object_id": "19", "object_repr": "Measure 6"}, "model": "admin.logentry"}, {"pk": 31, "fields": {"user": 1, "content_type": 16, "action_time": "2013-08-09T14:39:04.428Z", "action_flag": 2, "change_message": "Changed alt_bass for chord \"C6/9/C\".", "object_id": "7", "object_repr": "Measure 2"}, "model": "admin.logentry"}, {"pk": 32, "fields": {"user": 1, "content_type": 16, "action_time": "2013-08-09T14:39:41.982Z", "action_flag": 2, "change_message": "Changed alt_bass and alt_bass_pitch for chord \"C6/9\".", "object_id": "7", "object_repr": "Measure 2"}, "model": "admin.logentry"}, {"pk": 33, "fields": {"user": 1, "content_type": 16, "action_time": "2013-08-09T14:39:52.881Z", "action_flag": 2, "change_message": "Changed alt_bass for chord \"C6/9/C#\".", "object_id": "7", "object_repr": "Measure 2"}, "model": "admin.logentry"}, {"pk": 34, "fields": {"user": 1, "content_type": 16, "action_time": "2013-08-09T14:40:05.856Z", "action_flag": 2, "change_message": "Changed alt_bass and alt_bass_pitch for chord \"C6/9\".", "object_id": "7", "object_repr": "Measure 2"}, "model": "admin.logentry"}, {"pk": 35, "fields": {"user": 1, "content_type": 18, "action_time": "2013-08-09T15:10:06.505Z", "action_flag": 1, "change_message": "", "object_id": "1", "object_repr": "TimeSignature object"}, "model": "admin.logentry"}, {"pk": 36, "fields": {"user": 1, "content_type": 18, "action_time": "2013-08-09T15:10:09.690Z", "action_flag": 1, "change_message": "", "object_id": "2", "object_repr": "TimeSignature object"}, "model": "admin.logentry"}, {"pk": 37, "fields": {"user": 1, "content_type": 18, "action_time": "2013-08-09T15:10:18.238Z", "action_flag": 1, "change_message": "", "object_id": "3", "object_repr": "TimeSignature object"}, "model": "admin.logentry"}, {"pk": 38, "fields": {"user": 1, "content_type": 18, "action_time": "2013-08-09T15:10:24.135Z", "action_flag": 1, "change_message": "", "object_id": "4", "object_repr": "TimeSignature object"}, "model": "admin.logentry"}, {"pk": 39, "fields": {"user": 1, "content_type": 18, "action_time": "2013-08-09T15:12:37.135Z", "action_flag": 1, "change_message": "", "object_id": "1", "object_repr": "4/4"}, "model": "admin.logentry"}, {"pk": 40, "fields": {"user": 1, "content_type": 18, "action_time": "2013-08-09T15:12:41.065Z", "action_flag": 1, "change_message": "", "object_id": "2", "object_repr": "4/3"}, "model": "admin.logentry"}, {"pk": 41, "fields": {"user": 1, "content_type": 18, "action_time": "2013-08-09T15:12:46.121Z", "action_flag": 1, "change_message": "", "object_id": "3", "object_repr": "6/8"}, "model": "admin.logentry"}, {"pk": 42, "fields": {"user": 1, "content_type": 18, "action_time": "2013-08-09T15:12:51.694Z", "action_flag": 1, "change_message": "", "object_id": "4", "object_repr": "2/2"}, "model": "admin.logentry"}, {"pk": 43, "fields": {"user": 1, "content_type": 14, "action_time": "2013-08-09T15:28:33.415Z", "action_flag": 2, "change_message": "Added line \"Line 3\".", "object_id": "3", "object_repr": "A"}, "model": "admin.logentry"}, {"pk": 44, "fields": {"user": 1, "content_type": 15, "action_time": "2013-08-09T15:29:17.728Z", "action_flag": 2, "change_message": "Added measure \"Measure 1\". Added measure \"Measure 2\". Added measure \"Measure 3\". Added measure \"Measure 4\". Added measure \"Measure 5\". Added measure \"Measure 6\". Added measure \"Measure 7\". Added measure \"Measure 8\".", "object_id": "4", "object_repr": "Line 3"}, "model": "admin.logentry"}, {"pk": 45, "fields": {"user": 1, "content_type": 16, "action_time": "2013-08-09T15:29:36.790Z", "action_flag": 2, "change_message": "Added chord \"A7\".", "object_id": "22", "object_repr": "Measure 1"}, "model": "admin.logentry"}, {"pk": 46, "fields": {"user": 1, "content_type": 16, "action_time": "2013-08-09T15:29:58.621Z", "action_flag": 2, "change_message": "Added chord \"C-7\".", "object_id": "23", "object_repr": "Measure 2"}, "model": "admin.logentry"}, {"pk": 47, "fields": {"user": 1, "content_type": 16, "action_time": "2013-08-09T15:30:18.354Z", "action_flag": 2, "change_message": "Added chord \"F6/9\".", "object_id": "24", "object_repr": "Measure 3"}, "model": "admin.logentry"}, {"pk": 48, "fields": {"user": 1, "content_type": 16, "action_time": "2013-08-09T15:30:50.210Z", "action_flag": 2, "change_message": "Changed chord_pitch for chord \"C7\".", "object_id": "22", "object_repr": "Measure 1"}, "model": "admin.logentry"}, {"pk": 49, "fields": {"user": 1, "content_type": 16, "action_time": "2013-08-09T15:31:03.216Z", "action_flag": 2, "change_message": "Changed chord_type for chord \"C7\".", "object_id": "23", "object_repr": "Measure 2"}, "model": "admin.logentry"}, {"pk": 50, "fields": {"user": 1, "content_type": 16, "action_time": "2013-08-09T15:31:34.230Z", "action_flag": 2, "change_message": "Added chord \"D0\u0338 \".", "object_id": "25", "object_repr": "Measure 4"}, "model": "admin.logentry"}, {"pk": 51, "fields": {"user": 1, "content_type": 16, "action_time": "2013-08-09T15:32:07.697Z", "action_flag": 2, "change_message": "Added chord \"C6/9\".", "object_id": "26", "object_repr": "Measure 5"}, "model": "admin.logentry"}, {"pk": 52, "fields": {"user": 1, "content_type": 16, "action_time": "2013-08-09T15:33:02.039Z", "action_flag": 2, "change_message": "Added chord \"C6/9\". Added chord \"E-7\". Added chord \"Eb-7\".", "object_id": "27", "object_repr": "Measure 6"}, "model": "admin.logentry"}, {"pk": 53, "fields": {"user": 1, "content_type": 16, "action_time": "2013-08-09T15:33:30.309Z", "action_flag": 2, "change_message": "Added chord \"D-7\".", "object_id": "28", "object_repr": "Measure 7"}, "model": "admin.logentry"}, {"pk": 54, "fields": {"user": 1, "content_type": 16, "action_time": "2013-08-09T15:33:57.934Z", "action_flag": 2, "change_message": "Added chord \"F#7\".", "object_id": "29", "object_repr": "Measure 8"}, "model": "admin.logentry"}, {"pk": 55, "fields": {"user": 1, "content_type": 16, "action_time": "2013-08-09T15:34:12.263Z", "action_flag": 2, "change_message": "Changed chord_pitch for chord \"G7\".", "object_id": "29", "object_repr": "Measure 8"}, "model": "admin.logentry"}, {"pk": 56, "fields": {"user": 1, "content_type": 14, "action_time": "2013-08-09T15:34:43.416Z", "action_flag": 2, "change_message": "Added line \"Line 4\".", "object_id": "3", "object_repr": "A"}, "model": "admin.logentry"}, {"pk": 57, "fields": {"user": 1, "content_type": 15, "action_time": "2013-08-09T15:35:01.884Z", "action_flag": 2, "change_message": "Added measure \"Measure 4\". Added measure \"Measure 4\".", "object_id": "5", "object_repr": "Line 4"}, "model": "admin.logentry"}, {"pk": 58, "fields": {"user": 1, "content_type": 16, "action_time": "2013-08-09T15:35:27.899Z", "action_flag": 2, "change_message": "Added chord \"C6/9\".", "object_id": "30", "object_repr": "Measure 4"}, "model": "admin.logentry"}, {"pk": 59, "fields": {"user": 1, "content_type": 16, "action_time": "2013-08-09T15:35:54.142Z", "action_flag": 2, "change_message": "Added chord \"G7+5\".", "object_id": "31", "object_repr": "Measure 4"}, "model": "admin.logentry"}, {"pk": 60, "fields": {"user": 1, "content_type": 13, "action_time": "2013-08-09T15:37:32.695Z", "action_flag": 2, "change_message": "Added section \"B\".", "object_id": "1", "object_repr": "J'attendrai"}, "model": "admin.logentry"}, {"pk": 61, "fields": {"user": 1, "content_type": 14, "action_time": "2013-08-09T15:38:10.606Z", "action_flag": 2, "change_message": "Added line \"Line 1\". Added line \"Line 2\".", "object_id": "4", "object_repr": "B"}, "model": "admin.logentry"}, {"pk": 62, "fields": {"user": 1, "content_type": 15, "action_time": "2013-08-09T15:39:23.014Z", "action_flag": 2, "change_message": "Added measure \"Measure 1\". Added measure \"Measure 2\". Added measure \"Measure 3\". Added measure \"Measure 4\". Added measure \"Measure 5\". Added measure \"Measure 6\". Added measure \"Measure 7\". Added measure \"Measure 8\".", "object_id": "6", "object_repr": "Line 1"}, "model": "admin.logentry"}, {"pk": 63, "fields": {"user": 1, "content_type": 16, "action_time": "2013-08-09T15:40:14.711Z", "action_flag": 2, "change_message": "Added chord \"C6/9\". Added chord \"A-7\".", "object_id": "32", "object_repr": "Measure 1"}, "model": "admin.logentry"}, {"pk": 64, "fields": {"user": 1, "content_type": 16, "action_time": "2013-08-09T15:41:20.466Z", "action_flag": 2, "change_message": "Added chord \"D-7\". Added chord \"G7\".", "object_id": "33", "object_repr": "Measure 2"}, "model": "admin.logentry"}, {"pk": 65, "fields": {"user": 1, "content_type": 16, "action_time": "2013-08-09T15:42:05.493Z", "action_flag": 2, "change_message": "Added chord \"C6/9\". Added chord \"A7+5\".", "object_id": "34", "object_repr": "Measure 3"}, "model": "admin.logentry"}, {"pk": 66, "fields": {"user": 1, "content_type": 16, "action_time": "2013-08-09T15:42:54.053Z", "action_flag": 2, "change_message": "Added chord \"D-7\". Added chord \"G7\".", "object_id": "35", "object_repr": "Measure 4"}, "model": "admin.logentry"}, {"pk": 67, "fields": {"user": 1, "content_type": 16, "action_time": "2013-08-09T15:43:51.936Z", "action_flag": 2, "change_message": "Added chord \"Em\". Added chord \"A7+5\".", "object_id": "36", "object_repr": "Measure 5"}, "model": "admin.logentry"}, {"pk": 68, "fields": {"user": 1, "content_type": 16, "action_time": "2013-08-09T15:44:09.266Z", "action_flag": 2, "change_message": "Added chord \"D7\".", "object_id": "37", "object_repr": "Measure 6"}, "model": "admin.logentry"}, {"pk": 69, "fields": {"user": 1, "content_type": 16, "action_time": "2013-08-09T15:44:30.707Z", "action_flag": 2, "change_message": "Added chord \"E-7\".", "object_id": "38", "object_repr": "Measure 7"}, "model": "admin.logentry"}, {"pk": 70, "fields": {"user": 1, "content_type": 16, "action_time": "2013-08-09T15:44:49.086Z", "action_flag": 2, "change_message": "Added chord \"G7\".", "object_id": "39", "object_repr": "Measure 8"}, "model": "admin.logentry"}, {"pk": 71, "fields": {"user": 1, "content_type": 16, "action_time": "2013-08-09T15:45:04.771Z", "action_flag": 2, "change_message": "Changed chord_pitch for chord \"D-7\".", "object_id": "38", "object_repr": "Measure 7"}, "model": "admin.logentry"}, {"pk": 72, "fields": {"user": 1, "content_type": 15, "action_time": "2013-08-09T15:45:50.074Z", "action_flag": 2, "change_message": "Added measure \"Measure 1\". Added measure \"Measure 2\". Added measure \"Measure 3\". Added measure \"Measure 4\". Added measure \"Measure 5\". Added measure \"Measure 6\". Added measure \"Measure 7\". Added measure \"Measure 8\".", "object_id": "7", "object_repr": "Line 2"}, "model": "admin.logentry"}, {"pk": 73, "fields": {"user": 1, "content_type": 16, "action_time": "2013-08-09T15:50:38.152Z", "action_flag": 2, "change_message": "Added chord \"C6/9\". Added chord \"A-7\".", "object_id": "40", "object_repr": "Measure 1"}, "model": "admin.logentry"}, {"pk": 74, "fields": {"user": 1, "content_type": 16, "action_time": "2013-08-09T15:51:11.987Z", "action_flag": 2, "change_message": "Added chord \"D-7\". Added chord \"G7\".", "object_id": "41", "object_repr": "Measure 2"}, "model": "admin.logentry"}, {"pk": 75, "fields": {"user": 1, "content_type": 16, "action_time": "2013-08-09T15:52:17.458Z", "action_flag": 2, "change_message": "Added chord \"C6/9\". Added chord \"A7+5\".", "object_id": "42", "object_repr": "Measure 3"}, "model": "admin.logentry"}, {"pk": 76, "fields": {"user": 1, "content_type": 16, "action_time": "2013-08-09T15:55:01.201Z", "action_flag": 2, "change_message": "Added chord \"A7\". Added chord \"D-7\".", "object_id": "43", "object_repr": "Measure 4"}, "model": "admin.logentry"}, {"pk": 77, "fields": {"user": 1, "content_type": 16, "action_time": "2013-08-09T15:55:22.669Z", "action_flag": 2, "change_message": "Added chord \"Bb\".", "object_id": "44", "object_repr": "Measure 5"}, "model": "admin.logentry"}, {"pk": 78, "fields": {"user": 1, "content_type": 16, "action_time": "2013-08-09T15:55:43.847Z", "action_flag": 2, "change_message": "Changed chord_pitch for chord \"F\".", "object_id": "44", "object_repr": "Measure 5"}, "model": "admin.logentry"}, {"pk": 79, "fields": {"user": 1, "content_type": 16, "action_time": "2013-08-09T15:56:08.781Z", "action_flag": 2, "change_message": "Added chord \"F#\u00b0 \".", "object_id": "45", "object_repr": "Measure 6"}, "model": "admin.logentry"}, {"pk": 80, "fields": {"user": 1, "content_type": 16, "action_time": "2013-08-09T15:56:30.016Z", "action_flag": 2, "change_message": "Added chord \"G7\".", "object_id": "46", "object_repr": "Measure 7"}, "model": "admin.logentry"}, {"pk": 81, "fields": {"user": 1, "content_type": 16, "action_time": "2013-08-09T15:56:46.150Z", "action_flag": 2, "change_message": "Added chord \"G7\".", "object_id": "47", "object_repr": "Measure 8"}, "model": "admin.logentry"}, {"pk": 82, "fields": {"user": 1, "content_type": 15, "action_time": "2014-04-29T15:59:59.873Z", "action_flag": 3, "change_message": "", "object_id": "8", "object_repr": "Line 1"}, "model": "admin.logentry"}, {"pk": 83, "fields": {"user": 1, "content_type": 12, "action_time": "2014-05-03T12:58:34.321Z", "action_flag": 2, "change_message": "Changed symbol and chord_output.", "object_id": "10", "object_repr": "Diminished (\u00b0)"}, "model": "admin.logentry"}, {"pk": 84, "fields": {"user": 1, "content_type": 9, "action_time": "2014-05-04T10:05:37.194Z", "action_flag": 1, "change_message": "", "object_id": "2", "object_repr": "I'll See You In My Dreams"}, "model": "admin.logentry"}, {"pk": 85, "fields": {"user": 1, "content_type": 13, "action_time": "2014-05-04T10:06:15.317Z", "action_flag": 1, "change_message": "", "object_id": "2", "object_repr": "I'll See You In My Dreams"}, "model": "admin.logentry"}, {"pk": 86, "fields": {"user": 1, "content_type": 13, "action_time": "2014-05-04T10:07:34.240Z", "action_flag": 2, "change_message": "Added section \"A Section\".", "object_id": "2", "object_repr": "I'll See You In My Dreams"}, "model": "admin.logentry"}, {"pk": 87, "fields": {"user": 1, "content_type": 14, "action_time": "2014-05-04T10:07:47.657Z", "action_flag": 2, "change_message": "Added line \"Line 1\".", "object_id": "151", "object_repr": "A Section"}, "model": "admin.logentry"}, {"pk": 88, "fields": {"user": 1, "content_type": 15, "action_time": "2014-05-04T10:08:07.351Z", "action_flag": 2, "change_message": "Added measure \"Measure 1\".", "object_id": "140", "object_repr": "Line 1"}, "model": "admin.logentry"}, {"pk": 89, "fields": {"user": 1, "content_type": 16, "action_time": "2014-05-04T10:08:32.903Z", "action_flag": 2, "change_message": "Added chord \"F\".", "object_id": "111", "object_repr": "Measure 1"}, "model": "admin.logentry"}, {"pk": 90, "fields": {"user": 1, "content_type": 9, "action_time": "2014-05-04T10:46:10.679Z", "action_flag": 1, "change_message": "", "object_id": "3", "object_repr": "I'll Be Seeing You"}, "model": "admin.logentry"}, {"pk": 91, "fields": {"user": 1, "content_type": 13, "action_time": "2014-05-04T10:47:16.136Z", "action_flag": 1, "change_message": "", "object_id": "3", "object_repr": "I'll Be Seeing You"}, "model": "admin.logentry"}, {"pk": 92, "fields": {"user": 1, "content_type": 14, "action_time": "2014-05-04T10:47:30.351Z", "action_flag": 2, "change_message": "Added line \"Line 1\".", "object_id": "153", "object_repr": "A Section"}, "model": "admin.logentry"}, {"pk": 93, "fields": {"user": 1, "content_type": 15, "action_time": "2014-05-04T10:47:42.422Z", "action_flag": 2, "change_message": "Added measure \"Measure 1\".", "object_id": "146", "object_repr": "Line 1"}, "model": "admin.logentry"}, {"pk": 94, "fields": {"user": 1, "content_type": 16, "action_time": "2014-05-04T10:48:01.038Z", "action_flag": 2, "change_message": "Added chord \"C\".", "object_id": "159", "object_repr": "Measure 1"}, "model": "admin.logentry"}, {"pk": 95, "fields": {"user": 1, "content_type": 13, "action_time": "2014-05-04T10:56:00.700Z", "action_flag": 2, "change_message": "Changed key.", "object_id": "3", "object_repr": "I'll Be Seeing You"}, "model": "admin.logentry"}, {"pk": 96, "fields": {"user": 1, "content_type": 12, "action_time": "2014-05-04T11:33:46.126Z", "action_flag": 1, "change_message": "", "object_id": "23", "object_repr": "Minor Ninth (-9)"}, "model": "admin.logentry"}, {"pk": 97, "fields": {"user": 1, "content_type": 12, "action_time": "2014-05-04T11:34:00.446Z", "action_flag": 2, "change_message": "Changed order.", "object_id": "11", "object_repr": "Half Diminished (0\u0338 )"}, "model": "admin.logentry"}, {"pk": 98, "fields": {"user": 1, "content_type": 12, "action_time": "2014-05-04T11:34:12.432Z", "action_flag": 2, "change_message": "Changed order.", "object_id": "11", "object_repr": "Half Diminished (0\u0338 )"}, "model": "admin.logentry"}, {"pk": 99, "fields": {"user": 1, "content_type": 12, "action_time": "2014-05-04T11:34:21.732Z", "action_flag": 2, "change_message": "Changed order.", "object_id": "16", "object_repr": "Dominant Seventh with Sharpened Fifth (7#5)"}, "model": "admin.logentry"}, {"pk": 100, "fields": {"user": 1, "content_type": 12, "action_time": "2014-05-04T11:34:29.165Z", "action_flag": 2, "change_message": "Changed order.", "object_id": "17", "object_repr": "Dominant Seventh with Flattened Fifth (7b5)"}, "model": "admin.logentry"}, {"pk": 101, "fields": {"user": 1, "content_type": 12, "action_time": "2014-05-04T11:34:36.588Z", "action_flag": 2, "change_message": "Changed order.", "object_id": "14", "object_repr": "Seventh with Sharpened Ninth (7#9)"}, "model": "admin.logentry"}, {"pk": 102, "fields": {"user": 1, "content_type": 12, "action_time": "2014-05-04T11:34:39.766Z", "action_flag": 2, "change_message": "Changed order.", "object_id": "14", "object_repr": "Seventh with Sharpened Ninth (7#9)"}, "model": "admin.logentry"}, {"pk": 103, "fields": {"user": 1, "content_type": 12, "action_time": "2014-05-04T11:34:46.584Z", "action_flag": 2, "change_message": "Changed order.", "object_id": "15", "object_repr": "Seventh with Flattened Ninth (7b9)"}, "model": "admin.logentry"}, {"pk": 104, "fields": {"user": 1, "content_type": 12, "action_time": "2014-05-04T11:34:53.420Z", "action_flag": 2, "change_message": "Changed order.", "object_id": "21", "object_repr": "Eleventh (11)"}, "model": "admin.logentry"}, {"pk": 105, "fields": {"user": 1, "content_type": 12, "action_time": "2014-05-04T11:34:58.940Z", "action_flag": 2, "change_message": "Changed order.", "object_id": "20", "object_repr": "Thirteenth (13)"}, "model": "admin.logentry"}, {"pk": 106, "fields": {"user": 1, "content_type": 12, "action_time": "2014-05-04T11:35:04.458Z", "action_flag": 2, "change_message": "Changed order.", "object_id": "12", "object_repr": "Minor Major (-\u25b3)"}, "model": "admin.logentry"}, {"pk": 107, "fields": {"user": 1, "content_type": 12, "action_time": "2014-05-04T11:35:08.768Z", "action_flag": 2, "change_message": "Changed order.", "object_id": "18", "object_repr": "Seventh with Sharpened Ninth and Sharpened Fifth (7#9#5)"}, "model": "admin.logentry"}, {"pk": 108, "fields": {"user": 1, "content_type": 12, "action_time": "2014-05-04T11:35:14.124Z", "action_flag": 2, "change_message": "Changed order.", "object_id": "18", "object_repr": "Seventh with Sharpened Ninth and Sharpened Fifth (7#9#5)"}, "model": "admin.logentry"}, {"pk": 109, "fields": {"user": 1, "content_type": 12, "action_time": "2014-05-04T11:35:30.840Z", "action_flag": 2, "change_message": "Changed order.", "object_id": "10", "object_repr": "Diminished (\u00b0)"}, "model": "admin.logentry"}, {"pk": 110, "fields": {"user": 1, "content_type": 12, "action_time": "2014-05-04T11:35:39.234Z", "action_flag": 2, "change_message": "Changed order.", "object_id": "23", "object_repr": "Minor Ninth (-9)"}, "model": "admin.logentry"}, {"pk": 111, "fields": {"user": 1, "content_type": 9, "action_time": "2014-05-04T12:20:57.018Z", "action_flag": 1, "change_message": "", "object_id": "4", "object_repr": "I Love Paris"}, "model": "admin.logentry"}, {"pk": 112, "fields": {"user": 1, "content_type": 13, "action_time": "2014-05-04T12:21:10.432Z", "action_flag": 1, "change_message": "", "object_id": "4", "object_repr": "I Love Paris"}, "model": "admin.logentry"}, {"pk": 113, "fields": {"user": 1, "content_type": 14, "action_time": "2014-05-04T12:21:24.134Z", "action_flag": 2, "change_message": "Added line \"Line 1\".", "object_id": "154", "object_repr": "A Section"}, "model": "admin.logentry"}, {"pk": 114, "fields": {"user": 1, "content_type": 15, "action_time": "2014-05-04T12:21:35.637Z", "action_flag": 2, "change_message": "Added measure \"Measure 1\".", "object_id": "150", "object_repr": "Line 1"}, "model": "admin.logentry"}, {"pk": 115, "fields": {"user": 1, "content_type": 16, "action_time": "2014-05-04T12:21:53.471Z", "action_flag": 2, "change_message": "Added chord \"Gm\".", "object_id": "191", "object_repr": "Measure 1"}, "model": "admin.logentry"}, {"pk": 116, "fields": {"user": 1, "content_type": 9, "action_time": "2014-05-04T13:59:57.563Z", "action_flag": 1, "change_message": "", "object_id": "5", "object_repr": "All By Myself"}, "model": "admin.logentry"}, {"pk": 117, "fields": {"user": 1, "content_type": 13, "action_time": "2014-05-04T14:00:27.551Z", "action_flag": 1, "change_message": "", "object_id": "5", "object_repr": "All By Myself"}, "model": "admin.logentry"}, {"pk": 118, "fields": {"user": 1, "content_type": 14, "action_time": "2014-05-04T14:03:57.023Z", "action_flag": 2, "change_message": "Added line \"Line 1\".", "object_id": "156", "object_repr": "A Section"}, "model": "admin.logentry"}, {"pk": 119, "fields": {"user": 1, "content_type": 15, "action_time": "2014-05-04T14:04:09.302Z", "action_flag": 2, "change_message": "Added measure \"Measure 1\".", "object_id": "154", "object_repr": "Line 1"}, "model": "admin.logentry"}, {"pk": 120, "fields": {"user": 1, "content_type": 10, "action_time": "2014-05-04T14:09:06.254Z", "action_flag": 2, "change_message": "Added note \"E\". Added note \"F\". Added note \"F#\". Added note \"G\". Added note \"Ab\". Added note \"A\". Added note \"Bb\". Added note \"B\". Added note \"C\". Added note \"C#\". Added note \"D\". Added note \"Eb\".", "object_id": "8", "object_repr": "E Major"}, "model": "admin.logentry"}, {"pk": 121, "fields": {"user": 1, "content_type": 16, "action_time": "2014-05-04T14:09:09.683Z", "action_flag": 2, "change_message": "Added chord \"E\".", "object_id": "223", "object_repr": "Measure 1"}, "model": "admin.logentry"}, {"pk": 122, "fields": {"user": 1, "content_type": 13, "action_time": "2014-05-12T18:42:00.577Z", "action_flag": 2, "change_message": "Changed use_subsections for section \"A Section\".", "object_id": "5", "object_repr": "All By Myself"}, "model": "admin.logentry"}, {"pk": 123, "fields": {"user": 1, "content_type": 9, "action_time": "2014-05-17T11:50:01.367Z", "action_flag": 1, "change_message": "", "object_id": "6", "object_repr": "I've Got My Love To Keep Me Warm"}, "model": "admin.logentry"}, {"pk": 124, "fields": {"user": 1, "content_type": 13, "action_time": "2014-05-17T11:50:23.969Z", "action_flag": 1, "change_message": "", "object_id": "6", "object_repr": "I've Got My Love To Keep Me Warm"}, "model": "admin.logentry"}, {"pk": 125, "fields": {"user": 1, "content_type": 14, "action_time": "2014-05-17T11:50:42.084Z", "action_flag": 2, "change_message": "Added subsection \"Subsection 1\".", "object_id": "203", "object_repr": "A Section"}, "model": "admin.logentry"}, {"pk": 126, "fields": {"user": 1, "content_type": 19, "action_time": "2014-05-17T11:50:53.199Z", "action_flag": 2, "change_message": "Added line \"Line 1\".", "object_id": "58", "object_repr": "Subsection 1"}, "model": "admin.logentry"}, {"pk": 127, "fields": {"user": 1, "content_type": 15, "action_time": "2014-05-17T11:51:07.036Z", "action_flag": 2, "change_message": "Added measure \"Measure 1\".", "object_id": "240", "object_repr": "Line 1"}, "model": "admin.logentry"}, {"pk": 128, "fields": {"user": 1, "content_type": 16, "action_time": "2014-05-17T11:51:29.211Z", "action_flag": 2, "change_message": "Added chord \"C\".", "object_id": "395", "object_repr": "Measure 1"}, "model": "admin.logentry"}, {"pk": 129, "fields": {"user": 1, "content_type": 13, "action_time": "2014-05-17T14:37:18.674Z", "action_flag": 2, "change_message": "Changed key.", "object_id": "6", "object_repr": "I've Got My Love To Keep Me Warm"}, "model": "admin.logentry"}, {"pk": 130, "fields": {"user": 1, "content_type": 9, "action_time": "2014-05-17T15:26:29.120Z", "action_flag": 1, "change_message": "", "object_id": "7", "object_repr": "My Girl's Pussy"}, "model": "admin.logentry"}, {"pk": 131, "fields": {"user": 1, "content_type": 13, "action_time": "2014-05-17T15:26:54.809Z", "action_flag": 1, "change_message": "", "object_id": "7", "object_repr": "My Girl's Pussy"}, "model": "admin.logentry"}, {"pk": 132, "fields": {"user": 1, "content_type": 14, "action_time": "2014-05-17T15:27:07.028Z", "action_flag": 2, "change_message": "Added subsection \"Subsection 1\".", "object_id": "205", "object_repr": "A Section"}, "model": "admin.logentry"}, {"pk": 133, "fields": {"user": 1, "content_type": 19, "action_time": "2014-05-17T15:27:19.994Z", "action_flag": 2, "change_message": "Added line \"Line 1\".", "object_id": "60", "object_repr": "Subsection 1"}, "model": "admin.logentry"}, {"pk": 134, "fields": {"user": 1, "content_type": 15, "action_time": "2014-05-17T15:27:31.047Z", "action_flag": 2, "change_message": "Added measure \"Measure 1\".", "object_id": "248", "object_repr": "Line 1"}, "model": "admin.logentry"}, {"pk": 135, "fields": {"user": 1, "content_type": 16, "action_time": "2014-05-17T15:27:47.295Z", "action_flag": 2, "change_message": "Added chord \"G\".", "object_id": "459", "object_repr": "Measure 1"}, "model": "admin.logentry"}, {"pk": 136, "fields": {"user": 1, "content_type": 9, "action_time": "2014-05-18T10:02:27.840Z", "action_flag": 1, "change_message": "", "object_id": "8", "object_repr": "Who Loves You"}, "model": "admin.logentry"}, {"pk": 137, "fields": {"user": 1, "content_type": 13, "action_time": "2014-05-18T10:02:43.963Z", "action_flag": 1, "change_message": "", "object_id": "8", "object_repr": "Who Loves You"}, "model": "admin.logentry"}, {"pk": 138, "fields": {"user": 1, "content_type": 14, "action_time": "2014-05-18T10:03:14.608Z", "action_flag": 2, "change_message": "Added subsection \"Subsection 1\".", "object_id": "209", "object_repr": "A Section"}, "model": "admin.logentry"}, {"pk": 139, "fields": {"user": 1, "content_type": 19, "action_time": "2014-05-18T10:03:25.879Z", "action_flag": 2, "change_message": "Added line \"Line 1\".", "object_id": "64", "object_repr": "Subsection 1"}, "model": "admin.logentry"}, {"pk": 140, "fields": {"user": 1, "content_type": 15, "action_time": "2014-05-18T10:03:35.637Z", "action_flag": 2, "change_message": "Added measure \"Measure 1\".", "object_id": "258", "object_repr": "Line 1"}, "model": "admin.logentry"}, {"pk": 141, "fields": {"user": 1, "content_type": 16, "action_time": "2014-05-18T10:03:49.902Z", "action_flag": 2, "change_message": "Added chord \"C\".", "object_id": "535", "object_repr": "Measure 1"}, "model": "admin.logentry"}, {"pk": 142, "fields": {"user": 1, "content_type": 13, "action_time": "2014-05-20T21:05:52.134Z", "action_flag": 2, "change_message": "Added section \"A Section\".", "object_id": "7", "object_repr": "My Girl's Pussy"}, "model": "admin.logentry"}, {"pk": 143, "fields": {"user": 1, "content_type": 14, "action_time": "2014-05-20T21:06:05.616Z", "action_flag": 2, "change_message": "Added line \"Line 1\".", "object_id": "243", "object_repr": "A Section"}, "model": "admin.logentry"}, {"pk": 144, "fields": {"user": 1, "content_type": 15, "action_time": "2014-05-20T21:06:21.590Z", "action_flag": 2, "change_message": "Added measure \"Measure 1\".", "object_id": "300", "object_repr": "Line 1"}, "model": "admin.logentry"}, {"pk": 145, "fields": {"user": 1, "content_type": 16, "action_time": "2014-05-20T21:06:36.444Z", "action_flag": 2, "change_message": "Added chord \"G\".", "object_id": "606", "object_repr": "Measure 1"}, "model": "admin.logentry"}, {"pk": 146, "fields": {"user": 1, "content_type": 13, "action_time": "2014-05-21T06:16:59.877Z", "action_flag": 2, "change_message": "Added section \"A Section\".", "object_id": "8", "object_repr": "Who Loves You"}, "model": "admin.logentry"}, {"pk": 147, "fields": {"user": 1, "content_type": 14, "action_time": "2014-05-21T06:17:18.045Z", "action_flag": 2, "change_message": "Added line \"Line 1\".", "object_id": "248", "object_repr": "A Section"}, "model": "admin.logentry"}, {"pk": 148, "fields": {"user": 1, "content_type": 15, "action_time": "2014-05-21T06:17:32.738Z", "action_flag": 2, "change_message": "Added measure \"Measure 1\".", "object_id": "312", "object_repr": "Line 1"}, "model": "admin.logentry"}, {"pk": 149, "fields": {"user": 1, "content_type": 16, "action_time": "2014-05-21T06:17:48.618Z", "action_flag": 2, "change_message": "Added chord \"C\".", "object_id": "684", "object_repr": "Measure 1"}, "model": "admin.logentry"}, {"pk": 150, "fields": {"user": 1, "content_type": 13, "action_time": "2014-05-21T06:20:53.963Z", "action_flag": 2, "change_message": "Added section \"A Section\".", "object_id": "6", "object_repr": "I've Got My Love To Keep Me Warm"}, "model": "admin.logentry"}, {"pk": 151, "fields": {"user": 1, "content_type": 14, "action_time": "2014-05-21T06:21:18.647Z", "action_flag": 2, "change_message": "Added line \"Line 1\".", "object_id": "249", "object_repr": "A Section"}, "model": "admin.logentry"}, {"pk": 152, "fields": {"user": 1, "content_type": 15, "action_time": "2014-05-21T06:21:28.909Z", "action_flag": 2, "change_message": "Added measure \"Measure 1\".", "object_id": "314", "object_repr": "Line 1"}, "model": "admin.logentry"}, {"pk": 153, "fields": {"user": 1, "content_type": 16, "action_time": "2014-05-21T06:21:45.696Z", "action_flag": 2, "change_message": "Added chord \"Bb\".", "object_id": "700", "object_repr": "Measure 1"}, "model": "admin.logentry"}, {"pk": 154, "fields": {"user": 1, "content_type": 10, "action_time": "2014-05-22T07:15:47.777Z", "action_flag": 2, "change_message": "Changed order.", "object_id": "5", "object_repr": "C# Major"}, "model": "admin.logentry"}, {"pk": 155, "fields": {"user": 1, "content_type": 10, "action_time": "2014-05-22T07:15:57.905Z", "action_flag": 2, "change_message": "Changed order.", "object_id": "9", "object_repr": "B Major"}, "model": "admin.logentry"}, {"pk": 156, "fields": {"user": 1, "content_type": 10, "action_time": "2014-05-22T07:16:05.673Z", "action_flag": 2, "change_message": "Changed order.", "object_id": "6", "object_repr": "Bb Major"}, "model": "admin.logentry"}, {"pk": 157, "fields": {"user": 1, "content_type": 10, "action_time": "2014-05-22T07:16:11.891Z", "action_flag": 2, "change_message": "Changed order.", "object_id": "5", "object_repr": "C# Major"}, "model": "admin.logentry"}, {"pk": 158, "fields": {"user": 1, "content_type": 10, "action_time": "2014-05-22T19:01:37.656Z", "action_flag": 1, "change_message": "", "object_id": "10", "object_repr": "C Minor"}, "model": "admin.logentry"}, {"pk": 159, "fields": {"user": 1, "content_type": 10, "action_time": "2014-05-26T06:40:43.061Z", "action_flag": 2, "change_message": "Changed order.", "object_id": "9", "object_repr": "B Major"}, "model": "admin.logentry"}, {"pk": 160, "fields": {"user": 1, "content_type": 10, "action_time": "2014-05-26T06:40:48.940Z", "action_flag": 2, "change_message": "Changed order.", "object_id": "5", "object_repr": "C# Major"}, "model": "admin.logentry"}, {"pk": 161, "fields": {"user": 1, "content_type": 10, "action_time": "2014-05-26T06:40:54.567Z", "action_flag": 2, "change_message": "Changed order.", "object_id": "6", "object_repr": "Bb Major"}, "model": "admin.logentry"}, {"pk": 162, "fields": {"user": 1, "content_type": 10, "action_time": "2014-05-26T06:40:58.445Z", "action_flag": 2, "change_message": "Changed order.", "object_id": "4", "object_repr": "A Major"}, "model": "admin.logentry"}, {"pk": 163, "fields": {"user": 1, "content_type": 10, "action_time": "2014-05-26T06:41:02.357Z", "action_flag": 2, "change_message": "Changed order.", "object_id": "3", "object_repr": "G Major"}, "model": "admin.logentry"}, {"pk": 164, "fields": {"user": 1, "content_type": 10, "action_time": "2014-05-26T06:41:05.401Z", "action_flag": 2, "change_message": "Changed order.", "object_id": "2", "object_repr": "F Major"}, "model": "admin.logentry"}, {"pk": 165, "fields": {"user": 1, "content_type": 10, "action_time": "2014-05-26T06:41:11.045Z", "action_flag": 2, "change_message": "Changed order.", "object_id": "8", "object_repr": "E Major"}, "model": "admin.logentry"}, {"pk": 166, "fields": {"user": 1, "content_type": 10, "action_time": "2014-05-26T06:41:14.811Z", "action_flag": 2, "change_message": "Changed order.", "object_id": "7", "object_repr": "D Major"}, "model": "admin.logentry"}, {"pk": 167, "fields": {"user": 1, "content_type": 10, "action_time": "2014-05-26T06:41:29.053Z", "action_flag": 2, "change_message": "Changed order.", "object_id": "5", "object_repr": "C# Major"}, "model": "admin.logentry"}, {"pk": 168, "fields": {"user": 1, "content_type": 10, "action_time": "2014-05-26T06:42:08.500Z", "action_flag": 1, "change_message": "", "object_id": "11", "object_repr": "Eb Major"}, "model": "admin.logentry"}, {"pk": 169, "fields": {"user": 1, "content_type": 10, "action_time": "2014-05-26T06:45:45.991Z", "action_flag": 2, "change_message": "Added note \"Eb\". Added note \"E\". Added note \"F\". Added note \"F#\". Added note \"G\". Added note \"Ab\". Added note \"A\". Added note \"Bb\". Added note \"B\". Added note \"C\". Added note \"C#\". Added note \"D\".", "object_id": "11", "object_repr": "Eb Major"}, "model": "admin.logentry"}, {"pk": 170, "fields": {"user": 1, "content_type": 10, "action_time": "2014-05-26T06:46:08.351Z", "action_flag": 2, "change_message": "Changed order.", "object_id": "7", "object_repr": "D Major"}, "model": "admin.logentry"}, {"pk": 171, "fields": {"user": 1, "content_type": 10, "action_time": "2014-05-26T06:46:26.412Z", "action_flag": 2, "change_message": "Changed order.", "object_id": "11", "object_repr": "Eb Major"}, "model": "admin.logentry"}, {"pk": 172, "fields": {"user": 1, "content_type": 10, "action_time": "2014-05-26T06:46:35.978Z", "action_flag": 2, "change_message": "Changed order.", "object_id": "7", "object_repr": "D Major"}, "model": "admin.logentry"}, {"pk": 173, "fields": {"user": 1, "content_type": 10, "action_time": "2014-05-26T06:46:47.161Z", "action_flag": 2, "change_message": "Changed order.", "object_id": "11", "object_repr": "Eb Major"}, "model": "admin.logentry"}, {"pk": 174, "fields": {"user": 1, "content_type": 10, "action_time": "2014-05-26T06:46:51.345Z", "action_flag": 2, "change_message": "Changed order.", "object_id": "8", "object_repr": "E Major"}, "model": "admin.logentry"}, {"pk": 175, "fields": {"user": 1, "content_type": 10, "action_time": "2014-05-26T06:47:00.144Z", "action_flag": 2, "change_message": "Changed order.", "object_id": "2", "object_repr": "F Major"}, "model": "admin.logentry"}, {"pk": 176, "fields": {"user": 1, "content_type": 10, "action_time": "2014-05-26T07:13:43.906Z", "action_flag": 1, "change_message": "", "object_id": "12", "object_repr": "F# Major"}, "model": "admin.logentry"}, {"pk": 177, "fields": {"user": 1, "content_type": 10, "action_time": "2014-05-26T07:13:55.577Z", "action_flag": 2, "change_message": "Changed slug.", "object_id": "12", "object_repr": "F# Major"}, "model": "admin.logentry"}, {"pk": 178, "fields": {"user": 1, "content_type": 10, "action_time": "2014-05-26T07:14:06.399Z", "action_flag": 2, "change_message": "Changed slug.", "object_id": "11", "object_repr": "Eb Major"}, "model": "admin.logentry"}, {"pk": 179, "fields": {"user": 1, "content_type": 10, "action_time": "2014-05-26T07:15:12.361Z", "action_flag": 2, "change_message": "Changed distance_from_c.", "object_id": "12", "object_repr": "F# Major"}, "model": "admin.logentry"}, {"pk": 180, "fields": {"user": 1, "content_type": 10, "action_time": "2014-05-26T07:23:10.932Z", "action_flag": 2, "change_message": "Changed key_note for note \"C#\". Changed key_note for note \"D\".", "object_id": "11", "object_repr": "Eb Major"}, "model": "admin.logentry"}, {"pk": 181, "fields": {"user": 1, "content_type": 10, "action_time": "2014-05-26T07:28:13.951Z", "action_flag": 2, "change_message": "Added note \"F#\". Added note \"G\". Added note \"G#\". Added note \"A\". Added note \"A#\". Added note \"B\". Added note \"C\". Added note \"C#\". Added note \"D\". Added note \"D#\". Added note \"E\". Added note \"E#\".", "object_id": "12", "object_repr": "F# Major"}, "model": "admin.logentry"}, {"pk": 182, "fields": {"user": 1, "content_type": 10, "action_time": "2014-05-26T07:29:44.505Z", "action_flag": 2, "change_message": "Changed order.", "object_id": "3", "object_repr": "G Major"}, "model": "admin.logentry"}, {"pk": 183, "fields": {"user": 1, "content_type": 10, "action_time": "2014-05-26T07:30:43.397Z", "action_flag": 1, "change_message": "", "object_id": "13", "object_repr": "Ab Major"}, "model": "admin.logentry"}, {"pk": 184, "fields": {"user": 1, "content_type": 10, "action_time": "2014-05-26T07:35:34.099Z", "action_flag": 2, "change_message": "Added note \"Ab\". Added note \"A\". Added note \"Bb\". Added note \"B\". Added note \"C\". Added note \"Db\". Added note \"D\". Added note \"Eb\". Added note \"E\". Added note \"F\". Added note \"F#\". Added note \"G\".", "object_id": "13", "object_repr": "Ab Major"}, "model": "admin.logentry"}, {"pk": 185, "fields": {"user": 1, "content_type": 10, "action_time": "2014-05-26T07:37:47.984Z", "action_flag": 2, "change_message": "Changed distance_from_c and order.", "object_id": "4", "object_repr": "A Major"}, "model": "admin.logentry"}, {"pk": 186, "fields": {"user": 1, "content_type": 10, "action_time": "2014-05-26T07:37:54.141Z", "action_flag": 2, "change_message": "Changed order.", "object_id": "6", "object_repr": "Bb Major"}, "model": "admin.logentry"}, {"pk": 187, "fields": {"user": 1, "content_type": 10, "action_time": "2014-05-26T07:38:01.916Z", "action_flag": 2, "change_message": "Changed order.", "object_id": "9", "object_repr": "B Major"}, "model": "admin.logentry"}, {"pk": 188, "fields": {"user": 1, "content_type": 10, "action_time": "2014-05-26T07:41:06.413Z", "action_flag": 2, "change_message": "Added note \"B\". Added note \"C\". Added note \"C#\". Added note \"D\". Added note \"D#\". Added note \"E\". Added note \"F\". Added note \"F#\". Added note \"G\". Added note \"G#\". Added note \"A\". Added note \"A#\".", "object_id": "9", "object_repr": "B Major"}, "model": "admin.logentry"}, {"pk": 189, "fields": {"user": 1, "content_type": 10, "action_time": "2014-05-26T07:44:44.815Z", "action_flag": 2, "change_message": "Added note \"C\". Added note \"C#\". Added note \"D\". Added note \"Eb\". Added note \"E\". Added note \"F\". Added note \"F#\". Added note \"G\". Added note \"Ab\". Added note \"A\". Added note \"Bb\". Added note \"B\".", "object_id": "10", "object_repr": "C Minor"}, "model": "admin.logentry"}, {"pk": 190, "fields": {"user": 1, "content_type": 10, "action_time": "2014-05-26T07:45:20.462Z", "action_flag": 1, "change_message": "", "object_id": "14", "object_repr": "C# Minor"}, "model": "admin.logentry"}, {"pk": 191, "fields": {"user": 1, "content_type": 10, "action_time": "2014-05-26T07:48:17.599Z", "action_flag": 2, "change_message": "Added note \"C#\". Added note \"D\". Added note \"D#\". Added note \"E\". Added note \"F\". Added note \"F#\". Added note \"G\". Added note \"G#\". Added note \"A\". Added note \"Bb\". Added note \"B\". Added note \"C\".", "object_id": "14", "object_repr": "C# Minor"}, "model": "admin.logentry"}, {"pk": 192, "fields": {"user": 1, "content_type": 10, "action_time": "2014-05-26T07:51:16.901Z", "action_flag": 1, "change_message": "", "object_id": "15", "object_repr": "D Minor"}, "model": "admin.logentry"}, {"pk": 193, "fields": {"user": 1, "content_type": 10, "action_time": "2014-05-26T07:53:17.999Z", "action_flag": 2, "change_message": "Added note \"D\". Added note \"D#\". Added note \"E\". Added note \"F\". Added note \"F#\". Added note \"G\". Added note \"Ab\". Added note \"A\". Added note \"Bb\". Added note \"B\". Added note \"C\". Added note \"C#\".", "object_id": "15", "object_repr": "D Minor"}, "model": "admin.logentry"}, {"pk": 194, "fields": {"user": 1, "content_type": 13, "action_time": "2014-05-30T14:58:01.460Z", "action_flag": 3, "change_message": "", "object_id": "9", "object_repr": "Test"}, "model": "admin.logentry"}, {"pk": 195, "fields": {"user": 1, "content_type": 13, "action_time": "2014-05-31T13:37:26.782Z", "action_flag": 3, "change_message": "", "object_id": "14", "object_repr": "Test"}, "model": "admin.logentry"}, {"pk": 196, "fields": {"user": 1, "content_type": 13, "action_time": "2014-05-31T13:37:31.426Z", "action_flag": 3, "change_message": "", "object_id": "13", "object_repr": "Test"}, "model": "admin.logentry"}, {"pk": 197, "fields": {"user": 1, "content_type": 13, "action_time": "2014-05-31T13:37:35.149Z", "action_flag": 3, "change_message": "", "object_id": "12", "object_repr": "Test"}, "model": "admin.logentry"}, {"pk": 198, "fields": {"user": 1, "content_type": 13, "action_time": "2014-05-31T13:37:39.056Z", "action_flag": 3, "change_message": "", "object_id": "11", "object_repr": "Test"}, "model": "admin.logentry"}, {"pk": 199, "fields": {"user": 1, "content_type": 13, "action_time": "2014-05-31T13:37:43.350Z", "action_flag": 3, "change_message": "", "object_id": "10", "object_repr": "Test"}, "model": "admin.logentry"}, {"pk": 200, "fields": {"user": 1, "content_type": 13, "action_time": "2014-05-31T13:40:46.480Z", "action_flag": 2, "change_message": "Changed key.", "object_id": "15", "object_repr": "Test"}, "model": "admin.logentry"}, {"pk": 201, "fields": {"user": 1, "content_type": 13, "action_time": "2014-06-01T11:35:07.978Z", "action_flag": 3, "change_message": "", "object_id": "15", "object_repr": "Test"}, "model": "admin.logentry"}, {"pk": 202, "fields": {"user": 1, "content_type": 9, "action_time": "2014-06-01T12:09:04.068Z", "action_flag": 2, "change_message": "Changed name.", "object_id": "10", "object_repr": "Test 2 2"}, "model": "admin.logentry"}, {"pk": 203, "fields": {"user": 1, "content_type": 9, "action_time": "2014-06-01T12:10:01.317Z", "action_flag": 2, "change_message": "Changed name.", "object_id": "10", "object_repr": "Test 2"}, "model": "admin.logentry"}, {"pk": 204, "fields": {"user": 1, "content_type": 9, "action_time": "2014-06-01T12:12:32.196Z", "action_flag": 2, "change_message": "Changed name.", "object_id": "10", "object_repr": "Test 2 2"}, "model": "admin.logentry"}, {"pk": 205, "fields": {"user": 1, "content_type": 9, "action_time": "2014-06-01T12:12:39.938Z", "action_flag": 2, "change_message": "Changed name.", "object_id": "10", "object_repr": "Test 2"}, "model": "admin.logentry"}, {"pk": 206, "fields": {"user": 1, "content_type": 13, "action_time": "2014-06-02T18:44:08.685Z", "action_flag": 3, "change_message": "", "object_id": "18", "object_repr": "Test 2"}, "model": "admin.logentry"}, {"pk": 207, "fields": {"user": 1, "content_type": 13, "action_time": "2014-06-02T18:44:21.831Z", "action_flag": 3, "change_message": "", "object_id": "17", "object_repr": "Test 2"}, "model": "admin.logentry"}, {"pk": 208, "fields": {"user": 1, "content_type": 13, "action_time": "2014-06-02T18:44:26.204Z", "action_flag": 3, "change_message": "", "object_id": "16", "object_repr": "Test 2"}, "model": "admin.logentry"}, {"pk": 209, "fields": {"user": 1, "content_type": 13, "action_time": "2014-06-03T06:59:39.271Z", "action_flag": 3, "change_message": "", "object_id": "20", "object_repr": "jorz"}, "model": "admin.logentry"}, {"pk": 210, "fields": {"user": 1, "content_type": 10, "action_time": "2014-06-04T15:36:38.064Z", "action_flag": 2, "change_message": "Changed name for note \"E\u266d\". Changed name for note \"A\u266d\". Changed name for note \"B\u266d\".", "object_id": "10", "object_repr": "C Minor"}, "model": "admin.logentry"}, {"pk": 211, "fields": {"user": 1, "content_type": 10, "action_time": "2014-06-04T15:36:54.153Z", "action_flag": 2, "change_message": "Changed name for note \"E\u266d\". Changed name for note \"A\u266d\". Changed name for note \"B\u266d\".", "object_id": "1", "object_repr": "C Major"}, "model": "admin.logentry"}, {"pk": 212, "fields": {"user": 1, "content_type": 10, "action_time": "2014-06-04T15:37:38.553Z", "action_flag": 2, "change_message": "Changed name.", "object_id": "11", "object_repr": "E\u266d Major"}, "model": "admin.logentry"}, {"pk": 213, "fields": {"user": 1, "content_type": 10, "action_time": "2014-06-04T15:53:45.319Z", "action_flag": 2, "change_message": "Changed name for note \"B\u266d\".", "object_id": "14", "object_repr": "C# Minor"}, "model": "admin.logentry"}, {"pk": 214, "fields": {"user": 1, "content_type": 10, "action_time": "2014-06-04T15:54:04.373Z", "action_flag": 2, "change_message": "Changed name for note \"A\u266d\".", "object_id": "15", "object_repr": "D Minor"}, "model": "admin.logentry"}, {"pk": 215, "fields": {"user": 1, "content_type": 10, "action_time": "2014-06-04T15:54:12.282Z", "action_flag": 2, "change_message": "Changed name for note \"B\u266d\".", "object_id": "15", "object_repr": "D Minor"}, "model": "admin.logentry"}, {"pk": 216, "fields": {"user": 1, "content_type": 10, "action_time": "2014-06-04T15:54:27.383Z", "action_flag": 2, "change_message": "Changed name for note \"E\u266d\". Changed name for note \"A\u266d\". Changed name for note \"B\u266d\".", "object_id": "7", "object_repr": "D Major"}, "model": "admin.logentry"}, {"pk": 217, "fields": {"user": 1, "content_type": 10, "action_time": "2014-06-04T15:54:59.331Z", "action_flag": 2, "change_message": "Changed tone. Changed name for note \"E\u266d\". Changed name for note \"A\u266d\". Changed name for note \"B\u266d\".", "object_id": "11", "object_repr": "E\u266d Major"}, "model": "admin.logentry"}, {"pk": 218, "fields": {"user": 1, "content_type": 10, "action_time": "2014-06-04T15:55:19.681Z", "action_flag": 2, "change_message": "Changed name for note \"A\u266d\". Changed name for note \"B\u266d\". Changed name for note \"E\u266d\".", "object_id": "8", "object_repr": "E Major"}, "model": "admin.logentry"}, {"pk": 219, "fields": {"user": 1, "content_type": 10, "action_time": "2014-06-04T15:55:35.815Z", "action_flag": 2, "change_message": "Changed name for note \"A\u266d\". Changed name for note \"B\u266d\". Changed name for note \"E\u266d\".", "object_id": "2", "object_repr": "F Major"}, "model": "admin.logentry"}, {"pk": 220, "fields": {"user": 1, "content_type": 10, "action_time": "2014-06-04T15:55:59.260Z", "action_flag": 2, "change_message": "Changed name for note \"A\u266d\". Changed name for note \"B\u266d\". Changed name for note \"E\u266d\".", "object_id": "3", "object_repr": "G Major"}, "model": "admin.logentry"}, {"pk": 221, "fields": {"user": 1, "content_type": 10, "action_time": "2014-06-04T15:56:49.108Z", "action_flag": 2, "change_message": "Changed name and tone. Changed name for note \"A\u266d\". Changed name for note \"B\u266d\". Changed name for note \"D\u266d\". Changed name for note \"E\u266d\".", "object_id": "13", "object_repr": "A\u266d Major"}, "model": "admin.logentry"}, {"pk": 222, "fields": {"user": 1, "content_type": 10, "action_time": "2014-06-04T15:57:03.145Z", "action_flag": 2, "change_message": "Changed name for note \"B\u266d\". Changed name for note \"E\u266d\".", "object_id": "4", "object_repr": "A Major"}, "model": "admin.logentry"}, {"pk": 223, "fields": {"user": 1, "content_type": 10, "action_time": "2014-06-04T15:57:28.031Z", "action_flag": 2, "change_message": "Changed name and tone. Changed name for note \"B\u266d\". Changed name for note \"E\u266d\". Changed name for note \"A\u266d\".", "object_id": "6", "object_repr": "B\u266d Major"}, "model": "admin.logentry"}, {"pk": 224, "fields": {"user": 1, "content_type": 10, "action_time": "2014-06-21T13:35:24.119Z", "action_flag": 1, "change_message": "", "object_id": "16", "object_repr": "G Minor"}, "model": "admin.logentry"}, {"pk": 225, "fields": {"user": 1, "content_type": 10, "action_time": "2014-06-21T13:38:03.205Z", "action_flag": 2, "change_message": "Added note \"G\". Added note \"G#\". Added note \"A\". Added note \"B\u266d\". Added note \"B\". Added note \"C\". Added note \"C#\". Added note \"D\". Added note \"E\u266d\". Added note \"E\". Added note \"F\". Added note \"F#\".", "object_id": "16", "object_repr": "G Minor"}, "model": "admin.logentry"}, {"pk": 226, "fields": {"user": 1, "content_type": 13, "action_time": "2014-06-21T13:54:35.198Z", "action_flag": 2, "change_message": "Changed short_description and video_url.", "object_id": "39", "object_repr": "It Don't Mean a Thing (If It Ain't Got That Swing)"}, "model": "admin.logentry"}, {"pk": 227, "fields": {"user": 1, "content_type": 13, "action_time": "2014-06-26T15:35:15.516Z", "action_flag": 2, "change_message": "Changed key_distance_from_chart for section \"A Section\".", "object_id": "1", "object_repr": "J'attendrai"}, "model": "admin.logentry"}, {"pk": 228, "fields": {"user": 1, "content_type": 13, "action_time": "2014-06-26T15:35:28.814Z", "action_flag": 2, "change_message": "Changed key_distance_from_chart for section \"A Section\".", "object_id": "1", "object_repr": "J'attendrai"}, "model": "admin.logentry"}, {"pk": 229, "fields": {"user": 1, "content_type": 14, "action_time": "2014-06-28T15:17:57.644Z", "action_flag": 2, "change_message": "Changed key.", "object_id": "2", "object_repr": "Intro"}, "model": "admin.logentry"}, {"pk": 230, "fields": {"user": 1, "content_type": 14, "action_time": "2014-06-28T15:18:04.223Z", "action_flag": 2, "change_message": "Changed key.", "object_id": "2", "object_repr": "Intro"}, "model": "admin.logentry"}, {"pk": 231, "fields": {"user": 1, "content_type": 13, "action_time": "2014-06-28T15:49:54.891Z", "action_flag": 3, "change_message": "", "object_id": "47", "object_repr": "Testz"}, "model": "admin.logentry"}, {"pk": 232, "fields": {"user": 1, "content_type": 13, "action_time": "2014-06-28T15:49:59.436Z", "action_flag": 3, "change_message": "", "object_id": "46", "object_repr": "Testz"}, "model": "admin.logentry"}, {"pk": 233, "fields": {"user": 1, "content_type": 13, "action_time": "2014-06-28T15:53:15.614Z", "action_flag": 3, "change_message": "", "object_id": "48", "object_repr": "Testz"}, "model": "admin.logentry"}, {"pk": 234, "fields": {"user": 1, "content_type": 13, "action_time": "2014-06-28T15:53:53.626Z", "action_flag": 2, "change_message": "Deleted section \"B Section\".", "object_id": "49", "object_repr": "Testz"}, "model": "admin.logentry"}, {"pk": 235, "fields": {"user": 1, "content_type": 13, "action_time": "2014-06-28T20:24:12.033Z", "action_flag": 3, "change_message": "", "object_id": "49", "object_repr": "Testzz"}, "model": "admin.logentry"}, {"pk": 236, "fields": {"user": 1, "content_type": 13, "action_time": "2014-06-28T20:27:03.878Z", "action_flag": 3, "change_message": "", "object_id": "50", "object_repr": "Testzzorz"}, "model": "admin.logentry"}, {"pk": 237, "fields": {"user": 1, "content_type": 13, "action_time": "2014-06-28T20:29:21.948Z", "action_flag": 3, "change_message": "", "object_id": "51", "object_repr": "Test"}, "model": "admin.logentry"}, {"pk": 238, "fields": {"user": 1, "content_type": 13, "action_time": "2014-06-30T07:25:15.596Z", "action_flag": 3, "change_message": "", "object_id": "63", "object_repr": "Test"}, "model": "admin.logentry"}, {"pk": 239, "fields": {"user": 1, "content_type": 13, "action_time": "2014-06-30T07:25:21.383Z", "action_flag": 3, "change_message": "", "object_id": "52", "object_repr": "Test"}, "model": "admin.logentry"}, {"pk": 240, "fields": {"user": 1, "content_type": 13, "action_time": "2014-06-30T07:25:27.042Z", "action_flag": 3, "change_message": "", "object_id": "54", "object_repr": "Test"}, "model": "admin.logentry"}, {"pk": 241, "fields": {"user": 1, "content_type": 13, "action_time": "2014-06-30T07:25:31.668Z", "action_flag": 3, "change_message": "", "object_id": "53", "object_repr": "Test"}, "model": "admin.logentry"}, {"pk": 242, "fields": {"user": 1, "content_type": 13, "action_time": "2014-06-30T07:25:37.316Z", "action_flag": 3, "change_message": "", "object_id": "57", "object_repr": "Test"}, "model": "admin.logentry"}, {"pk": 243, "fields": {"user": 1, "content_type": 13, "action_time": "2014-06-30T07:25:41.802Z", "action_flag": 3, "change_message": "", "object_id": "56", "object_repr": "Test"}, "model": "admin.logentry"}, {"pk": 244, "fields": {"user": 1, "content_type": 13, "action_time": "2014-06-30T07:25:46.583Z", "action_flag": 3, "change_message": "", "object_id": "59", "object_repr": "Test"}, "model": "admin.logentry"}, {"pk": 245, "fields": {"user": 1, "content_type": 13, "action_time": "2014-06-30T07:25:51.511Z", "action_flag": 3, "change_message": "", "object_id": "58", "object_repr": "Test"}, "model": "admin.logentry"}, {"pk": 246, "fields": {"user": 1, "content_type": 13, "action_time": "2014-06-30T07:25:58.044Z", "action_flag": 3, "change_message": "", "object_id": "55", "object_repr": "Test"}, "model": "admin.logentry"}, {"pk": 247, "fields": {"user": 1, "content_type": 13, "action_time": "2014-06-30T07:26:03.506Z", "action_flag": 3, "change_message": "", "object_id": "60", "object_repr": "Test"}, "model": "admin.logentry"}, {"pk": 248, "fields": {"user": 1, "content_type": 13, "action_time": "2014-06-30T07:26:09.142Z", "action_flag": 3, "change_message": "", "object_id": "61", "object_repr": "Test"}, "model": "admin.logentry"}, {"pk": 249, "fields": {"user": 1, "content_type": 13, "action_time": "2014-06-30T07:26:13.848Z", "action_flag": 3, "change_message": "", "object_id": "62", "object_repr": "Test"}, "model": "admin.logentry"}, {"pk": 250, "fields": {"user": 1, "content_type": 13, "action_time": "2014-06-30T13:42:54.538Z", "action_flag": 3, "change_message": "", "object_id": "64", "object_repr": "Test"}, "model": "admin.logentry"}]